{"train_shape": [29038, 52], "test_shape": [23094, 52], "test_sparsity": 0.2772606611251831, "cfn_matrix": [[2637, 37, 98, 16, 0, 1211, 0], [9, 0, 11, 0, 0, 5, 12], [8, 0, 2449, 0, 0, 1450, 29], [40, 47, 121, 2914, 0, 764, 44], [5, 0, 0, 1, 2842, 9, 346], [30, 0, 264, 0, 0, 594, 7], [175, 0, 389, 0, 0, 0, 6530]], "train_accuracy": [0.46669885516166687, 0.6528691649436951, 0.7623467445373535, 0.8130391240119934, 0.8381098508834839, 0.864282488822937, 0.887700080871582, 0.9209325909614563, 0.9431449174880981, 0.9544060826301575, 0.9604672193527222, 0.9620168209075928, 0.9630154371261597, 0.9629810452461243, 0.9641519784927368, 0.970970630645752, 0.9771005511283875, 0.9801310896873474, 0.9823694825172424, 0.983540415763855, 0.9854345321655273, 0.9857444763183594, 0.985985517501831, 0.9860198497772217, 0.9862954020500183, 0.9873286485671997, 0.9885683059692383, 0.9889127016067505, 0.9889814853668213, 0.9890159964561462, 0.9896703362464905, 0.9896358847618103, 0.9898424744606018, 0.9903935790061951, 0.9910133481025696, 0.9909101128578186, 0.9914265871047974, 0.9918398857116699, 0.9919087886810303, 0.9921843409538269], "validation_shape": [12594, 52], "kp": 0.7, "l2": 0.001, "test_accuracy": [0.5465487241744995, 0.6502988338470459, 0.7193212509155273, 0.7797266840934753, 0.7884302139282227, 0.7962244749069214, 0.793323278427124, 0.7804194092750549, 0.7684683203697205, 0.7723654508590698, 0.774357259273529, 0.7722787857055664, 0.7764357328414917, 0.7774750590324402, 0.7814153432846069, 0.7799431681632996, 0.7804194688796997, 0.7802462577819824, 0.7805927395820618, 0.7783410549163818, 0.7818917036056519, 0.7783409953117371, 0.7764790654182434, 0.7790338397026062, 0.7822381258010864, 0.7802029848098755, 0.7805494070053101, 0.7765223383903503, 0.7796832919120789, 0.7802462577819824, 0.7798132300376892, 0.7828443050384521, 0.7786874175071716, 0.7797266840934753, 0.7793369293212891, 0.7795534729957581, 0.7789905071258545, 0.7795534729957581, 0.7800730466842651, 0.7779513001441956], "validation_accuracy": [0.4632365107536316, 0.6539623141288757, 0.7598065137863159, 0.8074482679367065, 0.8334130048751831, 0.8614422082901001, 0.8865335583686829, 0.921073853969574, 0.9433066248893738, 0.95609050989151, 0.9625222086906433, 0.964110255241394, 0.9649043083190918, 0.9653012752532959, 0.9668099284172058, 0.9734004139900208, 0.9785616397857666, 0.9806260466575623, 0.984040379524231, 0.9847550392150879, 0.9859460592269897, 0.986184298992157, 0.9860255122184753, 0.9865812659263611, 0.9865812659263611, 0.98697829246521, 0.988089919090271, 0.9884869456291199, 0.9885662794113159, 0.9886456727981567, 0.9892809987068176, 0.9892809987068176, 0.9897574186325073, 0.989916205406189, 0.9907896518707275, 0.9907101988792419, 0.9912660121917725, 0.9913454055786133, 0.9918218851089478, 0.9918218851089478], "cfn_matrix_labels": ["Clearing Table", "Drinking Tea", "Eating", "Making Tea", "Prepping Food", "Setting Table", "Watching TV"]}