{"train_shape": [29246, 52], "test_shape": [23094, 52], "test_sparsity": 0.7974568009376526, "cfn_matrix": [[2126, 0, 90, 885, 0, 898, 0], [7, 0, 10, 10, 8, 2, 0], [5, 0, 2651, 235, 7, 1038, 0], [7, 0, 0, 3685, 8, 230, 0], [5, 0, 0, 5, 2948, 9, 236], [128, 0, 0, 53, 0, 714, 0], [91, 0, 0, 171, 0, 0, 6832]], "train_accuracy": [0.44782179594039917, 0.6799224019050598, 0.756274938583374, 0.8305075764656067, 0.8933539986610413, 0.9325730800628662, 0.9423180222511292, 0.9538068175315857, 0.9546274542808533, 0.9601666927337646, 0.9651246070861816, 0.9669368267059326, 0.9699458479881287, 0.9714846014976501, 0.9726128578186035, 0.9754166603088379, 0.9739806652069092, 0.9749379754066467, 0.9791436791419983, 0.9815713763237, 0.9819474816322327, 0.9848538637161255, 0.9870764017105103, 0.9875551462173462, 0.9884099364280701, 0.9909060001373291, 0.992034375667572, 0.9938123822212219, 0.9936756491661072, 0.9941885471343994, 0.9953169226646423, 0.9949408173561096, 0.9961716532707214, 0.9951117038726807, 0.9962741732597351, 0.9962059259414673, 0.9958298206329346], "validation_shape": [12386, 52], "kp": 0.7, "l2": 0.001, "test_accuracy": [0.4128775894641876, 0.6466182470321655, 0.6945961117744446, 0.7219193577766418, 0.7220492362976074, 0.7246906161308289, 0.7296702861785889, 0.7373778820037842, 0.7523602247238159, 0.7459948062896729, 0.7458649277687073, 0.7547850608825684, 0.7475104331970215, 0.7534427046775818, 0.7547850608825684, 0.7572099566459656, 0.7541789412498474, 0.7688146829605103, 0.7782543897628784, 0.7750934362411499, 0.7792503237724304, 0.7831041216850281, 0.7917211651802063, 0.7851393222808838, 0.7946223020553589, 0.792543888092041, 0.8006845712661743, 0.8054043054580688, 0.7998617887496948, 0.7991689443588257, 0.8083921670913696, 0.8127223253250122, 0.8071364164352417, 0.8095613121986389, 0.8146275281906128, 0.8184813261032104, 0.8208196759223938], "validation_accuracy": [0.44663330912590027, 0.677458643913269, 0.7517359852790833, 0.8256097435951233, 0.8905218243598938, 0.933150589466095, 0.9448573589324951, 0.9556759595870972, 0.9574522376060486, 0.9637496471405029, 0.9672213792800903, 0.969481885433197, 0.9712581038475037, 0.9735188484191895, 0.9744876623153687, 0.9772325754165649, 0.9749719500541687, 0.9756178259849548, 0.9798969626426697, 0.9804620742797852, 0.9821575284004211, 0.9843374490737915, 0.9865173101425171, 0.9868402481079102, 0.9867594242095947, 0.9895045757293701, 0.9911999702453613, 0.9931376576423645, 0.9930569529533386, 0.993299126625061, 0.994106650352478, 0.9944294691085815, 0.9951561093330383, 0.9948331117630005, 0.995236873626709, 0.9956405162811279, 0.9952367544174194], "cfn_matrix_labels": ["Clearing Table", "Drinking Tea", "Eating", "Making Tea", "Prepping Food", "Setting Table", "Watching TV"]}