{"train_shape": [29095, 52], "test_shape": [23094, 52], "test_sparsity": 0.18450796604156494, "cfn_matrix": [[2702, 0, 177, 0, 0, 1120, 0], [12, 0, 11, 8, 0, 2, 4], [13, 0, 3465, 7, 0, 429, 22], [198, 0, 435, 2793, 0, 463, 41], [5, 0, 0, 1167, 1977, 9, 45], [1, 0, 215, 0, 0, 672, 7], [0, 0, 233, 0, 0, 30, 6831]], "train_accuracy": [0.47808870673179626, 0.6403847932815552, 0.7604743242263794, 0.7925761938095093, 0.8255028128623962, 0.8933839797973633, 0.9164121150970459, 0.9313287734985352, 0.9398526549339294, 0.9432896375656128, 0.9470359683036804, 0.9486170411109924, 0.9510229229927063, 0.9535319805145264, 0.9559378623962402, 0.9578626751899719, 0.9614027738571167, 0.9643929600715637, 0.9663519859313965, 0.9700983762741089, 0.9719199538230896, 0.9748414754867554, 0.9781754016876221, 0.979378342628479, 0.9817498922348022, 0.9834341406822205, 0.9849120378494263, 0.9863211512565613, 0.9868711233139038, 0.9872835874557495, 0.9878334403038025, 0.9883832931518555, 0.9889675974845886, 0.9898956418037415, 0.9902049899101257, 0.9912704825401306, 0.9914766550064087, 0.9910642504692078, 0.9916828870773315, 0.9918203949928284], "validation_shape": [12537, 52], "kp": 0.7, "l2": 0.001, "test_accuracy": [0.4258680045604706, 0.4962758421897888, 0.6098552942276001, 0.6800901293754578, 0.7204470634460449, 0.7613669037818909, 0.7800730466842651, 0.7831474542617798, 0.7908983826637268, 0.7879539132118225, 0.7877806425094604, 0.7895994186401367, 0.7876940965652466, 0.7892962098121643, 0.7899457812309265, 0.7918510437011719, 0.7948387861251831, 0.7960512638092041, 0.7974802255630493, 0.8008577227592468, 0.8015937805175781, 0.804105281829834, 0.8031527996063232, 0.8034991025924683, 0.8028496503829956, 0.8022000193595886, 0.8063136339187622, 0.8049713373184204, 0.8029795289039612, 0.8064869046211243, 0.8053610324859619, 0.8051878809928894, 0.8009009957313538, 0.8034557700157166, 0.8022433519363403, 0.8018969893455505, 0.8029362559318542, 0.8018969297409058, 0.8038454651832581, 0.7984760999679565], "validation_accuracy": [0.4781048595905304, 0.6330062747001648, 0.7573580145835876, 0.7901410460472107, 0.8231632113456726, 0.8945518732070923, 0.9178428649902344, 0.9326790571212769, 0.9402565956115723, 0.9430482387542725, 0.9450423121452332, 0.9468769431114197, 0.9497483968734741, 0.9515032172203064, 0.954055666923523, 0.9560497403144836, 0.9587617516517639, 0.9603570699691772, 0.9639463424682617, 0.9668976068496704, 0.9691310524940491, 0.9715239405632019, 0.9751930236816406, 0.9771074056625366, 0.9787824749946594, 0.9818931818008423, 0.9833289980888367, 0.9846051931381226, 0.9856420755386353, 0.9862802028656006, 0.9866790175437927, 0.9873172044754028, 0.9878755211830139, 0.9888327121734619, 0.9897101521492004, 0.9907470345497131, 0.9908268451690674, 0.990587592124939, 0.9919435381889343, 0.9920232892036438], "cfn_matrix_labels": ["Clearing Table", "Drinking Tea", "Eating", "Making Tea", "Prepping Food", "Setting Table", "Watching TV"]}