{"train_shape": [29038, 52], "test_shape": [23094, 52], "test_sparsity": 0.2573138475418091, "cfn_matrix": [[1973, 0, 560, 46, 0, 1420, 0], [7, 0, 11, 5, 8, 2, 4], [5, 102, 1826, 2, 23, 1956, 22], [127, 18, 103, 2849, 8, 789, 36], [5, 4, 0, 0, 3180, 9, 5], [1, 0, 0, 0, 0, 887, 7], [447, 0, 321, 1, 0, 1, 6324]], "train_accuracy": [0.5077141523361206, 0.6048629283905029, 0.6977071166038513, 0.7739177942276001, 0.8295003771781921, 0.8478901386260986, 0.8622506260871887, 0.8738561272621155, 0.8817424178123474, 0.8898352980613708, 0.8964129090309143, 0.9222068190574646, 0.9426283836364746, 0.9555768966674805, 0.9653917551040649, 0.9735190868377686, 0.976549506187439, 0.9795799851417542, 0.9805443286895752, 0.9819906949996948, 0.9827139377593994, 0.9838159084320068, 0.9854000806808472, 0.9852278232574463, 0.9860199689865112, 0.9862266182899475, 0.9884306192398071, 0.9888782501220703, 0.9892915487289429, 0.9903246760368347, 0.9907379150390625, 0.9912200570106506, 0.9912889003753662, 0.9918054938316345, 0.9919776916503906, 0.9921842813491821, 0.9924942255020142, 0.9925975203514099, 0.9928730726242065, 0.9929419755935669], "validation_shape": [12594, 52], "kp": 0.7, "l2": 0.001, "test_accuracy": [0.2342166006565094, 0.3895382285118103, 0.5051959753036499, 0.6105914115905762, 0.7013944387435913, 0.7253401279449463, 0.7316620945930481, 0.7352128624916077, 0.7359489798545837, 0.7342602014541626, 0.7316620349884033, 0.7150776982307434, 0.7270722389221191, 0.7191480398178101, 0.7183685898780823, 0.7198841571807861, 0.7197543382644653, 0.7201873064041138, 0.7215729355812073, 0.7224822640419006, 0.7242575287818909, 0.7240411043167114, 0.7246472835540771, 0.7250802516937256, 0.7258597016334534, 0.7255998849868774, 0.7267258167266846, 0.7257731556892395, 0.7278515696525574, 0.7286743521690369, 0.7314023375511169, 0.7320518493652344, 0.7321383953094482, 0.7355592250823975, 0.7366851568222046, 0.7376376986503601, 0.7370748519897461, 0.736728310585022, 0.7367717027664185, 0.7378109097480774], "validation_accuracy": [0.4998413026332855, 0.593377947807312, 0.6887408494949341, 0.770764172077179, 0.8269813656806946, 0.8450058102607727, 0.8587425351142883, 0.871764600276947, 0.8795461058616638, 0.8891538381576538, 0.8961412906646729, 0.9231383204460144, 0.9430684447288513, 0.9546613097190857, 0.9625222682952881, 0.9722887873649597, 0.9768146872520447, 0.9797526597976685, 0.9807053804397583, 0.9814994931221008, 0.9821346998214722, 0.9834051728248596, 0.9850726127624512, 0.9847550392150879, 0.9857078194618225, 0.986263632774353, 0.9877723455429077, 0.9885663390159607, 0.9889633655548096, 0.990233838558197, 0.9907895922660828, 0.9911072254180908, 0.9917424321174622, 0.9920600652694702, 0.992139458656311, 0.992139458656311, 0.9922188520431519, 0.9922983050346375, 0.9926952123641968, 0.9926159381866455], "cfn_matrix_labels": ["Clearing Table", "Drinking Tea", "Eating", "Making Tea", "Prepping Food", "Setting Table", "Watching TV"]}