{"train_shape": [29038, 52], "test_shape": [23094, 52], "test_sparsity": 0.11968082189559937, "cfn_matrix": [[2749, 0, 211, 12, 0, 1027, 0], [12, 0, 11, 0, 0, 2, 12], [13, 0, 2690, 0, 5, 1204, 24], [198, 46, 4, 3209, 1, 429, 43], [5, 0, 0, 0, 2843, 9, 346], [308, 0, 116, 0, 0, 464, 7], [36, 0, 20, 0, 0, 0, 7038]], "train_accuracy": [0.4435911476612091, 0.5619879364967346, 0.6990846395492554, 0.7731946706771851, 0.7998150587081909, 0.8295348286628723, 0.8626638650894165, 0.8838431239128113, 0.9164556264877319, 0.9282678365707397, 0.9332268238067627, 0.9368083477020264, 0.9410786628723145, 0.9451079368591309, 0.9468986392021179, 0.9507556557655334, 0.9517887830734253, 0.9567822813987732, 0.9599849581718445, 0.9626711010932922, 0.9647717475891113, 0.9663904309272766, 0.9673547148704529, 0.9689387679100037, 0.9703851938247681, 0.9727613925933838, 0.973966658115387, 0.9765495657920837, 0.9792700409889221, 0.9810608625411987, 0.9841947555541992, 0.984160304069519, 0.9848835468292236, 0.985710084438324, 0.9883961081504822, 0.9889816045761108, 0.9906346201896667, 0.990944504737854, 0.9912199974060059, 0.9914610981941223], "validation_shape": [12594, 52], "kp": 0.7, "l2": 0.001, "test_accuracy": [0.4758376479148865, 0.49714189767837524, 0.5591927170753479, 0.5832683444023132, 0.6149216294288635, 0.6525071859359741, 0.6974539756774902, 0.7239111661911011, 0.7422709465026855, 0.7585089802742004, 0.7683385014533997, 0.783797025680542, 0.7884734869003296, 0.7861352562904358, 0.7885168194770813, 0.7913313508033752, 0.796094536781311, 0.7909417152404785, 0.794319212436676, 0.7927603721618652, 0.7960079908370972, 0.7988658547401428, 0.7990390658378601, 0.8038888573646545, 0.8031527400016785, 0.8038889169692993, 0.8046682476997375, 0.8068765997886658, 0.8081323504447937, 0.8100376129150391, 0.8125057816505432, 0.8152338266372681, 0.8186113238334656, 0.81705242395401, 0.8202567100524902, 0.8185247182846069, 0.8193907737731934, 0.8217289447784424, 0.821295976638794, 0.8224217295646667], "validation_accuracy": [0.4439416229724884, 0.5626490116119385, 0.6981897354125977, 0.7772752046585083, 0.8018900752067566, 0.8309515714645386, 0.8643801212310791, 0.8852631449699402, 0.9178183078765869, 0.9316344261169434, 0.9374307990074158, 0.9415597915649414, 0.9456093311309814, 0.9483884572982788, 0.9502147436141968, 0.9534701704978943, 0.9540261030197144, 0.9590284824371338, 0.9620457291603088, 0.9642690420150757, 0.9658570289611816, 0.967524528503418, 0.9680010080337524, 0.9693508744239807, 0.9706212878227234, 0.9724475145339966, 0.9741944074630737, 0.9770529866218567, 0.9795144200325012, 0.9812612533569336, 0.9841991662979126, 0.984358012676239, 0.9853107929229736, 0.9857872128486633, 0.9882487058639526, 0.9884869456291199, 0.9902337789535522, 0.9904720187187195, 0.9907102584838867, 0.9908690452575684], "cfn_matrix_labels": ["Clearing Table", "Drinking Tea", "Eating", "Making Tea", "Prepping Food", "Setting Table", "Watching TV"]}