{"train_shape": [30479, 52], "test_shape": [20951, 52], "test_sparsity": 0.5693151950836182, "cfn_matrix": [[2087, 0, 112, 0, 0, 0, 5], [18, 0, 7, 339, 8, 0, 0], [5347, 0, 272, 20, 7, 177, 125], [238, 0, 45, 2678, 15, 0, 101], [13, 0, 0, 0, 2703, 1, 5], [50, 0, 374, 0, 0, 320, 7], [0, 15, 1138, 0, 0, 0, 4724]], "train_accuracy": [0.4975557029247284, 0.7112765908241272, 0.8128219246864319, 0.8405787348747253, 0.8668263554573059, 0.8879884481430054, 0.900587260723114, 0.9156796336174011, 0.9271629452705383, 0.9410413503646851, 0.9509498476982117, 0.9540667533874512, 0.955674409866333, 0.9616785049438477, 0.9645657539367676, 0.9677810668945312, 0.9701105952262878, 0.9735227823257446, 0.9758522510528564, 0.978247344493866, 0.9817907214164734, 0.9835296273231506, 0.9862856268882751, 0.9886479377746582, 0.9904524683952332, 0.9914367198944092, 0.9917648434638977, 0.9922569394111633, 0.9931100010871887, 0.9933068752288818, 0.993766188621521, 0.9943895936012268, 0.9953082203865051, 0.9957675933837891, 0.9960628747940063, 0.9960956573486328, 0.9964565634727478, 0.9965221881866455, 0.9967518448829651, 0.9969815015792847], "validation_shape": [13236, 52], "kp": 0.7, "l2": 0.001, "test_accuracy": [0.41845259070396423, 0.5258937478065491, 0.5464655756950378, 0.5455109477043152, 0.5271347165107727, 0.5170636177062988, 0.5068970322608948, 0.5047491788864136, 0.5076130032539368, 0.5110495686531067, 0.5204524993896484, 0.5249868631362915, 0.5362989902496338, 0.5498067140579224, 0.5578731298446655, 0.5665123462677002, 0.5733377933502197, 0.5773949027061462, 0.5819292664527893, 0.5840293765068054, 0.5860340595245361, 0.5867977738380432, 0.5880864858627319, 0.5888024568557739, 0.5900911688804626, 0.5917140245437622, 0.5921435952186584, 0.5946732759475708, 0.5962961316108704, 0.5958665609359741, 0.5962961316108704, 0.5984439849853516, 0.600735068321228, 0.6024056077003479, 0.6041238903999329, 0.6046966910362244, 0.6087060570716858, 0.6078468561172485, 0.609135627746582, 0.6101856827735901], "validation_accuracy": [0.49962225556373596, 0.7172106504440308, 0.8166364431381226, 0.8414173722267151, 0.8661982417106628, 0.8847083449363708, 0.8990631699562073, 0.9157600402832031, 0.9268661141395569, 0.9397099018096924, 0.9488516449928284, 0.9524025321006775, 0.9542913436889648, 0.960411012172699, 0.9629042148590088, 0.9681928157806396, 0.9706860184669495, 0.9732547402381897, 0.9758235216140747, 0.9782411456108093, 0.9811121225357056, 0.983756422996521, 0.9858718514442444, 0.9882895350456238, 0.9896494150161743, 0.9904049634933472, 0.9911604523658752, 0.9917649030685425, 0.9926714897155762, 0.9928225874900818, 0.9929736852645874, 0.9941825270652771, 0.9948624968528748, 0.9953157901763916, 0.9959202408790588, 0.9955424666404724, 0.9961468577384949, 0.9959202408790588, 0.9963735342025757, 0.9969779253005981], "cfn_matrix_labels": ["Clearing Table", "Drinking Tea", "Eating", "Making Tea", "Prepping Food", "Setting Table", "Watching TV"]}