{"train_shape": [29009, 52], "test_shape": [23094, 52], "test_sparsity": 0.756067156791687, "cfn_matrix": [[2066, 74, 186, 1514, 0, 159, 0], [7, 0, 11, 11, 0, 0, 8], [5, 0, 2914, 480, 0, 530, 7], [41, 10, 0, 3860, 7, 11, 1], [5, 0, 0, 5, 2541, 9, 643], [58, 0, 108, 42, 0, 687, 0], [28, 0, 0, 171, 0, 0, 6895]], "train_accuracy": [0.30893874168395996, 0.6701022386550903, 0.7985793352127075, 0.8438066244125366, 0.9211961030960083, 0.9594944715499878, 0.9687330722808838, 0.9733522534370422, 0.9775922298431396, 0.9857965707778931, 0.9893471598625183, 0.9912431836128235, 0.99176025390625, 0.9931735396385193, 0.9939320087432861, 0.9948282837867737, 0.9953453540802002, 0.9951040744781494, 0.995690107345581, 0.9958624243736267, 0.995586633682251, 0.9961037039756775, 0.996241569519043, 0.9958624243736267, 0.9964483976364136, 0.9962760806083679, 0.9965518712997437, 0.996620774269104, 0.9965863227844238, 0.9968275427818298, 0.9971033334732056, 0.9971723556518555, 0.9971722960472107, 0.9973791837692261, 0.9974480867385864], "validation_shape": [12623, 52], "kp": 0.7, "l2": 0.001, "test_accuracy": [0.31380435824394226, 0.47406232357025146, 0.6634625196456909, 0.7634886503219604, 0.7634886503219604, 0.7787740230560303, 0.7742706537246704, 0.7698106169700623, 0.7808958292007446, 0.7843599319458008, 0.7840567827224731, 0.7874342799186707, 0.7944058179855347, 0.8004680275917053, 0.8065735101699829, 0.8099510073661804, 0.813285231590271, 0.822811484336853, 0.8234610557556152, 0.8256261348724365, 0.8281375169754028, 0.8331172466278076, 0.8321213126182556, 0.8346760869026184, 0.836234986782074, 0.832554280757904, 0.83199143409729, 0.8318614959716797, 0.8302160501480103, 0.8291768431663513, 0.8266220092773438, 0.8236775994300842, 0.828267514705658, 0.8157100677490234, 0.8211228251457214], "validation_accuracy": [0.30428585410118103, 0.674799919128418, 0.8005226850509644, 0.8434600830078125, 0.9199078679084778, 0.9592010974884033, 0.9679153561592102, 0.9714803099632263, 0.9761542677879333, 0.984630823135376, 0.9875620007514954, 0.9900971055030823, 0.991364598274231, 0.9921567440032959, 0.9923152923583984, 0.9944542050361633, 0.9950087666511536, 0.9944542050361633, 0.9953256249427795, 0.995404839515686, 0.9951671957969666, 0.9957217574119568, 0.9958801865577698, 0.9953256845474243, 0.9959594011306763, 0.996117889881134, 0.9962762594223022, 0.99643474817276, 0.9964346885681152, 0.9965139627456665, 0.996593177318573, 0.9966723918914795, 0.9966723322868347, 0.996751606464386, 0.9967515468597412], "cfn_matrix_labels": ["Clearing Table", "Drinking Tea", "Eating", "Making Tea", "Prepping Food", "Setting Table", "Watching TV"]}