{"train_shape": [29009, 52], "test_shape": [23094, 52], "test_sparsity": 0.7528257966041565, "cfn_matrix": [[1669, 603, 18, 709, 145, 373, 482], [7, 0, 0, 2, 8, 1, 19], [5, 0, 1740, 1110, 471, 390, 220], [64, 74, 23, 3618, 31, 84, 36], [5, 0, 0, 9, 3170, 0, 19], [47, 0, 248, 77, 33, 475, 15], [0, 0, 0, 0, 0, 0, 7094]], "train_accuracy": [0.29280582070350647, 0.5136339664459229, 0.6744112372398376, 0.8490462899208069, 0.8982721567153931, 0.9168526530265808, 0.928469717502594, 0.9343643188476562, 0.9372255802154541, 0.9443268179893494, 0.9492217898368835, 0.9535998106002808, 0.9567712545394897, 0.9611836075782776, 0.9649755358695984, 0.9689052700996399, 0.9703187346458435, 0.9728351831436157, 0.9760755300521851, 0.981590986251831, 0.9822114109992981, 0.9845901131629944, 0.9864171147346497, 0.9878648519515991, 0.9885199069976807, 0.989278256893158, 0.9901400804519653, 0.9905192255973816, 0.9911742210388184, 0.9914844632148743, 0.9918636679649353, 0.9920704960823059, 0.9918981194496155, 0.9924841523170471, 0.9924152493476868, 0.9926565289497375, 0.9927254319190979, 0.9929323196411133, 0.9931735992431641, 0.993449330329895], "validation_shape": [12623, 52], "kp": 0.7, "l2": 0.001, "test_accuracy": [0.3079586625099182, 0.42993831634521484, 0.5601020455360413, 0.698493242263794, 0.7527065873146057, 0.7839269042015076, 0.8020268678665161, 0.8126789927482605, 0.8241537809371948, 0.8232444524765015, 0.8261457085609436, 0.8235909938812256, 0.827271580696106, 0.8246735334396362, 0.8281376361846924, 0.82203209400177, 0.8236775398254395, 0.8174421787261963, 0.8186112642288208, 0.810080885887146, 0.8118129372596741, 0.8062704801559448, 0.8036723732948303, 0.8025897741317749, 0.7901623249053955, 0.7931500673294067, 0.7917644381523132, 0.7882137894630432, 0.7840568423271179, 0.7876074910163879, 0.78635174036026, 0.7865250110626221, 0.7882570028305054, 0.7815453410148621, 0.7822814583778381, 0.7731448411941528, 0.7740108966827393, 0.7702869772911072, 0.7747036814689636, 0.7692910432815552], "validation_accuracy": [0.2903430163860321, 0.5137448310852051, 0.6770973205566406, 0.8522536158561707, 0.8980429768562317, 0.9138870239257812, 0.9268791675567627, 0.9322662353515625, 0.9361479878425598, 0.9420102834701538, 0.9482687711715698, 0.9531803727149963, 0.9562699794769287, 0.9595972299575806, 0.9633205533027649, 0.9672816395759583, 0.9687867760658264, 0.9711633920669556, 0.9742529988288879, 0.9800361394882202, 0.9803529977798462, 0.9838387370109558, 0.9854229688644409, 0.9871659278869629, 0.9883542060852051, 0.9885918498039246, 0.9893048405647278, 0.9899386167526245, 0.9905723333358765, 0.9912853240966797, 0.9918399453163147, 0.9918398857116699, 0.9919983148574829, 0.9922360181808472, 0.9923152923583984, 0.9923944473266602, 0.9926321506500244, 0.9930281639099121, 0.9930282831192017, 0.9933450818061829], "cfn_matrix_labels": ["Clearing Table", "Drinking Tea", "Eating", "Making Tea", "Prepping Food", "Setting Table", "Watching TV"]}