{"train_shape": [29095, 52], "test_shape": [23094, 52], "test_sparsity": 0.4235372543334961, "cfn_matrix": [[2580, 19, 204, 22, 0, 1174, 0], [9, 0, 11, 8, 0, 5, 4], [5, 0, 2919, 7, 0, 983, 22], [67, 77, 142, 2752, 0, 856, 36], [5, 0, 0, 827, 2357, 9, 5], [15, 0, 94, 0, 0, 779, 7], [121, 0, 556, 0, 0, 0, 6417]], "train_accuracy": [0.5381677746772766, 0.6490461230278015, 0.7919231057167053, 0.8294897675514221, 0.8507993221282959, 0.8647536635398865, 0.8952056765556335, 0.9290259480476379, 0.9563502669334412, 0.9622963070869446, 0.9674174785614014, 0.97054523229599, 0.9729167819023132, 0.9757006764411926, 0.9767662286758423, 0.9786222577095032, 0.9798939228057861, 0.9839152097702026, 0.9854962229728699, 0.986802339553833, 0.9876272678375244, 0.9895862340927124, 0.9903081059455872, 0.9905830025672913, 0.9907892942428589, 0.9914079308509827, 0.9914423227310181, 0.9913391470909119, 0.9917172193527222, 0.9921984672546387, 0.9923359155654907, 0.9922671318054199, 0.9924390316009521, 0.9925421476364136, 0.9926795959472656, 0.9926796555519104, 0.9928514361381531, 0.9929546117782593, 0.9930577278137207, 0.9930232763290405], "validation_shape": [12537, 52], "kp": 0.7, "l2": 0.001, "test_accuracy": [0.4885682165622711, 0.6062613725662231, 0.7036027908325195, 0.7672558426856995, 0.7864383459091187, 0.778557538986206, 0.7489393353462219, 0.7078896164894104, 0.7026501893997192, 0.7131724953651428, 0.7220925092697144, 0.7318786978721619, 0.7297136187553406, 0.7372046709060669, 0.7414915561676025, 0.7427905797958374, 0.747077465057373, 0.7500218749046326, 0.7515374422073364, 0.7524467706680298, 0.75565105676651, 0.7632721662521362, 0.759851336479187, 0.7603276968002319, 0.7642247676849365, 0.7601976990699768, 0.7662166357040405, 0.7697239518165588, 0.7650474905967712, 0.7682517766952515, 0.7696373462677002, 0.7721056342124939, 0.7727118730545044, 0.7734479308128357, 0.7735345363616943, 0.7733613848686218, 0.772365391254425, 0.7712395787239075, 0.7709797620773315, 0.7709364891052246], "validation_accuracy": [0.538326621055603, 0.6487995386123657, 0.7899017333984375, 0.8287466764450073, 0.8502030968666077, 0.8659964203834534, 0.8961471319198608, 0.9287705421447754, 0.9556509256362915, 0.9609153270721436, 0.9663392305374146, 0.9687322378158569, 0.9702476859092712, 0.9732787609100342, 0.9743156433105469, 0.9771074056625366, 0.9783836007118225, 0.9829301834106445, 0.9850041270256042, 0.9864398241043091, 0.9870778918266296, 0.9889922142028809, 0.9894708395004272, 0.9901089072227478, 0.9905077815055847, 0.9909863471984863, 0.9911458492279053, 0.9912256598472595, 0.991544783115387, 0.9916244745254517, 0.9918637871742249, 0.9917840361595154, 0.9919435381889343, 0.9921827912330627, 0.9922625422477722, 0.9924221038818359, 0.9925018548965454, 0.9925816655158997, 0.9928208589553833, 0.9929803609848022], "cfn_matrix_labels": ["Clearing Table", "Drinking Tea", "Eating", "Making Tea", "Prepping Food", "Setting Table", "Watching TV"]}