{"train_shape": [29009, 52], "test_shape": [23094, 52], "test_sparsity": 0.7519946694374084, "cfn_matrix": [[877, 0, 593, 327, 0, 2202, 0], [7, 0, 11, 8, 0, 7, 4], [15, 0, 2034, 136, 5, 1724, 22], [26, 0, 29, 2855, 6, 982, 32], [5, 0, 0, 105, 2930, 9, 154], [603, 0, 6, 0, 0, 279, 7], [327, 0, 13, 0, 0, 61, 6693]], "train_accuracy": [0.4221106469631195, 0.5608261227607727, 0.7464231848716736, 0.797269344329834, 0.8168148994445801, 0.8382909893989563, 0.8716943860054016, 0.9030983448028564, 0.9257119297981262, 0.9314687848091125, 0.9470845460891724, 0.952255368232727, 0.9576674699783325, 0.9646997451782227, 0.9698360562324524, 0.9744207859039307, 0.9777301549911499, 0.9813152551651001, 0.9831767082214355, 0.9835214018821716, 0.9848313331604004, 0.9861413240432739, 0.9871410131454468, 0.9873477220535278, 0.9890024662017822, 0.9897609353065491, 0.9901400208473206, 0.9911742806434631, 0.9919670820236206, 0.9927599430084229, 0.9930012226104736, 0.9937251210212708, 0.9936217069625854, 0.9939664602279663, 0.9949661493301392, 0.9952074289321899, 0.9951039552688599, 0.9954142570495605, 0.9950695633888245, 0.9957245588302612], "validation_shape": [12623, 52], "kp": 0.6, "l2": 0.001, "test_accuracy": [0.4071185290813446, 0.5545594692230225, 0.7099248766899109, 0.7787307500839233, 0.7928902506828308, 0.8073962330818176, 0.7980863451957703, 0.7929769158363342, 0.7850094437599182, 0.7785141468048096, 0.7605007886886597, 0.7543954253196716, 0.7402358055114746, 0.7339138388633728, 0.732744574546814, 0.7177190780639648, 0.709448516368866, 0.7090154886245728, 0.6987531185150146, 0.6982767581939697, 0.6932105422019958, 0.6966313123703003, 0.6885339617729187, 0.6921712160110474, 0.6863256096839905, 0.6925609707832336, 0.6917815804481506, 0.6952024102210999, 0.6907856464385986, 0.6871482729911804, 0.6865854263305664, 0.6838141083717346, 0.688707172870636, 0.6862822771072388, 0.6808263063430786, 0.67848801612854, 0.6794406175613403, 0.680263340473175, 0.6812593936920166, 0.6784447431564331], "validation_accuracy": [0.4216906428337097, 0.562386155128479, 0.7478411197662354, 0.7989382147789001, 0.8196148872375488, 0.843935489654541, 0.8751482963562012, 0.9048559069633484, 0.9268792271614075, 0.9337714314460754, 0.9470012187957764, 0.9529427289962769, 0.9576166868209839, 0.9644296169281006, 0.9685491919517517, 0.9737776517868042, 0.9770257472991943, 0.9796398878097534, 0.9817789793014526, 0.9820165634155273, 0.9839178323745728, 0.984947681427002, 0.9866113662719727, 0.9866113066673279, 0.9881166219711304, 0.9889880418777466, 0.989542543888092, 0.9908100366592407, 0.991523027420044, 0.9921567440032959, 0.9923152923583984, 0.9936619997024536, 0.9932658672332764, 0.9937412142753601, 0.9946919679641724, 0.9951672554016113, 0.9949295520782471, 0.9953256845474243, 0.9949295520782471, 0.9958009719848633], "cfn_matrix_labels": ["Clearing Table", "Drinking Tea", "Eating", "Making Tea", "Prepping Food", "Setting Table", "Watching TV"]}