{"train_shape": [29009, 52], "test_shape": [23094, 52], "test_sparsity": 0.6683012247085571, "cfn_matrix": [[2630, 51, 80, 315, 0, 923, 0], [12, 0, 11, 0, 8, 2, 4], [13, 42, 2924, 33, 7, 895, 22], [104, 195, 0, 3542, 8, 45, 36], [5, 0, 0, 0, 2962, 9, 227], [21, 0, 79, 0, 0, 788, 7], [40, 0, 0, 0, 0, 0, 7054]], "train_accuracy": [0.3768487572669983, 0.703195333480835, 0.7589020729064941, 0.8449441194534302, 0.8933427333831787, 0.9218855500221252, 0.945188581943512, 0.959908127784729, 0.9666991233825684, 0.9708012938499451, 0.9733177423477173, 0.9760755300521851, 0.9789711833000183, 0.9809015989303589, 0.9835214018821716, 0.988588809967041, 0.9886578321456909, 0.9907950162887573, 0.9933114647865295, 0.9940353631973267, 0.9943800568580627, 0.9950695633888245, 0.9953798055648804, 0.9961382150650024, 0.9965174198150635, 0.9968621730804443, 0.9969655275344849, 0.997310221195221, 0.9973102807998657, 0.9972757697105408, 0.9974136352539062, 0.9973791837692261, 0.997310221195221, 0.9974825978279114], "validation_shape": [12623, 52], "kp": 0.7, "l2": 0.001, "test_accuracy": [0.42383283376693726, 0.6236684918403625, 0.7152509093284607, 0.7437865138053894, 0.7575996518135071, 0.7919809818267822, 0.8038454651832581, 0.8156667351722717, 0.8257560729980469, 0.8332904577255249, 0.8341997861862183, 0.834762692451477, 0.8369278311729431, 0.8396124839782715, 0.8387032151222229, 0.840998113155365, 0.8437260985374451, 0.8446354269981384, 0.8483160734176636, 0.8490955233573914, 0.8490521311759949, 0.8479262590408325, 0.8504378199577332, 0.8523430824279785, 0.8512172698974609, 0.8476665616035461, 0.8448952436447144, 0.8536421060562134, 0.8578857183456421, 0.855720579624176, 0.8631683588027954, 0.863471508026123, 0.8644241690635681, 0.861696183681488], "validation_accuracy": [0.37827780842781067, 0.7051413059234619, 0.7658241391181946, 0.8461535573005676, 0.890913188457489, 0.9191156029701233, 0.942723274230957, 0.9559531211853027, 0.9647465944290161, 0.9700543284416199, 0.9729854464530945, 0.9749659299850464, 0.9785309433937073, 0.9810659885406494, 0.9828088283538818, 0.9879581928253174, 0.9877996444702148, 0.9900969862937927, 0.9927905797958374, 0.9933451414108276, 0.9941373467445374, 0.9941372871398926, 0.9948503375053406, 0.9956424832344055, 0.995721697807312, 0.9960386157035828, 0.9961970448493958, 0.9963555335998535, 0.996276319026947, 0.9964346885681152, 0.9964346885681152, 0.9964346885681152, 0.9966723322868347, 0.9966723322868347], "cfn_matrix_labels": ["Clearing Table", "Drinking Tea", "Eating", "Making Tea", "Prepping Food", "Setting Table", "Watching TV"]}