{"train_shape": [29246, 52], "test_shape": [23094, 52], "test_sparsity": 0.8622007966041565, "cfn_matrix": [[2675, 0, 102, 0, 0, 1222, 0], [12, 0, 11, 12, 0, 2, 0], [13, 0, 2540, 25, 0, 1352, 6], [178, 0, 6, 2757, 0, 958, 31], [5, 0, 0, 543, 2641, 9, 5], [1, 0, 250, 17, 0, 620, 7], [0, 0, 33, 19, 0, 58, 6984]], "train_accuracy": [0.45958411693573, 0.8000075221061707, 0.8528012633323669, 0.8746846318244934, 0.9056633710861206, 0.9222468137741089, 0.9351717233657837, 0.9400612115859985, 0.9463186264038086, 0.95185786485672, 0.9542854428291321, 0.9618079662322998, 0.9655007719993591, 0.9719290137290955, 0.9767844080924988, 0.9793830513954163, 0.981332004070282, 0.9842384457588196, 0.9846829175949097, 0.9878628849983215, 0.9884783029556274, 0.9885808825492859, 0.9903589487075806, 0.990700900554657, 0.9915899038314819, 0.9917951226234436, 0.9921027421951294, 0.9923079013824463, 0.9923421144485474, 0.9926156401634216, 0.9926156997680664, 0.9933336973190308, 0.9928891658782959], "validation_shape": [12386, 52], "kp": 0.7, "l2": 0.001, "test_accuracy": [0.48094719648361206, 0.7153374552726746, 0.8046682476997375, 0.8303026556968689, 0.8396124839782715, 0.8421239852905273, 0.8419939875602722, 0.836191713809967, 0.8319048285484314, 0.8268818259239197, 0.8264055848121643, 0.823028028011322, 0.8183081746101379, 0.8207763433456421, 0.8176153898239136, 0.8155368566513062, 0.8102540969848633, 0.8110768795013428, 0.8101675510406494, 0.7999050617218018, 0.795531690120697, 0.7934532165527344, 0.7929335236549377, 0.7930634617805481, 0.7863517999649048, 0.7887333631515503, 0.784576416015625, 0.7871744632720947, 0.7870445847511292, 0.7842733263969421, 0.786135196685791, 0.7839269042015076, 0.7888199687004089], "validation_accuracy": [0.4540610909461975, 0.8046990633010864, 0.8570162057876587, 0.879460871219635, 0.906911313533783, 0.9256421327590942, 0.9358148574829102, 0.9421930313110352, 0.9475216269493103, 0.9531731605529785, 0.9563218951225281, 0.9633459448814392, 0.9669791460037231, 0.9743261337280273, 0.9787665605545044, 0.9817538857460022, 0.9831264019012451, 0.9859521389007568, 0.9869210720062256, 0.9900697469711304, 0.9899082779884338, 0.9907963275909424, 0.9914422631263733, 0.9916843771934509, 0.9924917221069336, 0.9920880794525146, 0.9924110174179077, 0.9928954839706421, 0.9931376576423645, 0.9935413599014282, 0.9930568933486938, 0.9934606552124023, 0.9932184219360352], "cfn_matrix_labels": ["Clearing Table", "Drinking Tea", "Eating", "Making Tea", "Prepping Food", "Setting Table", "Watching TV"]}