{"train_shape": [29246, 52], "test_shape": [23094, 52], "test_sparsity": 0.8474900126457214, "cfn_matrix": [[2136, 115, 381, 1104, 0, 263, 0], [12, 0, 11, 6, 8, 0, 0], [8, 0, 2854, 37, 7, 1024, 6], [72, 0, 0, 3829, 8, 11, 10], [5, 0, 0, 0, 3184, 9, 5], [88, 0, 103, 51, 0, 646, 7], [0, 0, 0, 89, 0, 0, 7005]], "train_accuracy": [0.34055930376052856, 0.6171785593032837, 0.8031191229820251, 0.8651449084281921, 0.9257002472877502, 0.951379120349884, 0.9640646576881409, 0.9660478234291077, 0.9712451696395874, 0.9719290137290955, 0.9756901860237122, 0.9783230423927307, 0.9872473478317261, 0.9911453723907471, 0.9932652711868286, 0.9944620132446289, 0.9946672320365906, 0.9944962859153748, 0.9948040246963501, 0.9954536557197571, 0.9956587553024292, 0.9959665536880493, 0.9956246614456177, 0.9966503977775574, 0.9967871904373169, 0.9968897104263306, 0.9966503381729126, 0.9967187643051147], "validation_shape": [12386, 52], "kp": 0.7, "l2": 0.001, "test_accuracy": [0.2865678071975708, 0.5383214950561523, 0.7571233510971069, 0.8382701277732849, 0.8455447554588318, 0.8363215923309326, 0.8408682346343994, 0.8529492616653442, 0.8438992500305176, 0.8500047922134399, 0.8527761101722717, 0.8538153767585754, 0.8564999103546143, 0.8631684184074402, 0.8601372241973877, 0.8582753539085388, 0.8631250858306885, 0.8627787232398987, 0.8619992136955261, 0.8578423261642456, 0.8569762706756592, 0.8585351705551147, 0.8584485650062561, 0.8543782234191895, 0.8552009463310242, 0.852776050567627, 0.8525595664978027, 0.8510439991950989], "validation_accuracy": [0.33554017543792725, 0.6127887964248657, 0.8069596886634827, 0.8658971786499023, 0.9298404455184937, 0.9557568430900574, 0.9659295678138733, 0.9682708978652954, 0.9716617465019226, 0.9730343222618103, 0.9762638211250305, 0.979816198348999, 0.987163245677948, 0.990877091884613, 0.9930569529533386, 0.9944294691085815, 0.9942680597305298, 0.9946717023849487, 0.9946717023849487, 0.9953982830047607, 0.9955597519874573, 0.9955597519874573, 0.9956405162811279, 0.9960442781448364, 0.9960442185401917, 0.9961249828338623, 0.9958828091621399, 0.9961249828338623], "cfn_matrix_labels": ["Clearing Table", "Drinking Tea", "Eating", "Making Tea", "Prepping Food", "Setting Table", "Watching TV"]}