{"train_shape": [30479, 52], "test_shape": [20951, 52], "test_sparsity": 0.6027261018753052, "cfn_matrix": [[2070, 0, 130, 0, 0, 0, 4], [14, 37, 9, 295, 8, 0, 9], [2965, 30, 863, 24, 7, 631, 1428], [209, 165, 31, 2480, 46, 0, 146], [5, 0, 9, 0, 2703, 0, 5], [108, 7, 397, 16, 0, 216, 7], [0, 0, 1314, 11, 0, 0, 4552]], "train_accuracy": [0.31775978207588196, 0.6010695695877075, 0.8363135457038879, 0.8710587620735168, 0.8805735111236572, 0.890842854976654, 0.9018340706825256, 0.9208963513374329, 0.9369073510169983, 0.9452409744262695, 0.9534761905670166, 0.9612520337104797, 0.9681419730186462, 0.974999189376831, 0.9794612526893616, 0.9834640026092529, 0.9850716590881348, 0.9870730638504028, 0.9887135624885559, 0.9895337820053101, 0.9900259375572205, 0.9907149076461792, 0.9915023446083069, 0.9919288754463196, 0.9925522208213806, 0.992683470249176, 0.9931756258010864, 0.9935365319252014, 0.993766188621521, 0.9943567514419556, 0.9945208430290222, 0.9949801564216614, 0.994848906993866, 0.9951441884040833, 0.9953738451004028, 0.9958332180976868, 0.9959972500801086, 0.9963581562042236, 0.9969487190246582, 0.996850311756134], "validation_shape": [13236, 52], "kp": 0.7, "l2": 0.001, "test_accuracy": [0.2752613127231598, 0.43740156292915344, 0.49367570877075195, 0.5107154846191406, 0.5173977613449097, 0.514724850654602, 0.5193069577217102, 0.523125410079956, 0.5339601635932922, 0.5428380370140076, 0.550331711769104, 0.5667032599449158, 0.5730991363525391, 0.5818337798118591, 0.5817860960960388, 0.5863204598426819, 0.5907593965530396, 0.5912367105484009, 0.5962006449699402, 0.5988258123397827, 0.5990644693374634, 0.6023101806640625, 0.6035988926887512, 0.6028351783752441, 0.6047443747520447, 0.6067490577697754, 0.6072263717651367, 0.606987714767456, 0.6081809997558594, 0.6092787981033325, 0.6108061671257019, 0.6104720830917358, 0.6128108501434326, 0.6137654781341553, 0.6135268211364746, 0.6133835911750793, 0.6151496171951294, 0.6151496171951294, 0.6175838708877563, 0.6167247295379639], "validation_accuracy": [0.30840131640434265, 0.6030522584915161, 0.8361287117004395, 0.8649138808250427, 0.874886691570282, 0.8831973671913147, 0.8958144187927246, 0.9146267771720886, 0.9328346848487854, 0.9413720369338989, 0.9526292085647583, 0.9588243961334229, 0.9665306806564331, 0.9729525446891785, 0.9780900478363037, 0.9815654158592224, 0.9838320016860962, 0.9855696558952332, 0.9873828887939453, 0.9885161519050598, 0.9885161519050598, 0.9898005723953247, 0.990631639957428, 0.9913115501403809, 0.9917649030685425, 0.9922937154769897, 0.9921426177024841, 0.9925203919410706, 0.9928225874900818, 0.9932003617286682, 0.9933514595031738, 0.9939558506011963, 0.9941070079803467, 0.9944847226142883, 0.9945603013038635, 0.9950891733169556, 0.9952402710914612, 0.9955424666404724, 0.9959957599639893, 0.9960713386535645], "cfn_matrix_labels": ["Clearing Table", "Drinking Tea", "Eating", "Making Tea", "Prepping Food", "Setting Table", "Watching TV"]}