{"train_shape": [29038, 52], "test_shape": [23094, 52], "test_sparsity": 0.24933511018753052, "cfn_matrix": [[2120, 0, 49, 0, 0, 1830, 0], [7, 0, 0, 4, 8, 18, 0], [5, 0, 2603, 43, 7, 1278, 0], [7, 0, 181, 2802, 8, 932, 0], [5, 0, 0, 0, 3184, 14, 0], [12, 0, 281, 31, 0, 571, 0], [410, 0, 264, 110, 0, 135, 6175]], "train_accuracy": [0.3560851216316223, 0.5322337746620178, 0.6989124417304993, 0.7716105580329895, 0.7934784889221191, 0.8045330047607422, 0.827502965927124, 0.8601155281066895, 0.8895253539085388, 0.9221034646034241, 0.9353619813919067, 0.9398044943809509, 0.945245623588562, 0.9490681290626526, 0.9522020816802979, 0.9544404745101929, 0.9601572155952454, 0.9645652174949646, 0.9685255885124207, 0.972038209438324, 0.9762740731239319, 0.979442298412323, 0.9808887243270874, 0.9820940494537354, 0.9833337664604187, 0.9838503003120422, 0.9846079349517822, 0.9859510064125061, 0.9866743087768555, 0.9867432117462158, 0.9872941374778748, 0.9879484176635742, 0.9875352382659912, 0.9886026978492737, 0.9899113774299622, 0.9900835752487183, 0.9901524782180786, 0.9902212619781494, 0.9901868104934692, 0.9908756017684937], "validation_shape": [12594, 52], "kp": 0.7, "l2": 0.001, "test_accuracy": [0.45245495438575745, 0.5339913368225098, 0.5774226188659668, 0.6751538515090942, 0.7308394312858582, 0.7475970387458801, 0.7515375018119812, 0.7583357691764832, 0.7696807384490967, 0.7752666473388672, 0.7747036814689636, 0.7780811786651611, 0.7798565626144409, 0.7767820954322815, 0.7814587354660034, 0.7828010320663452, 0.7797267436981201, 0.7747469544410706, 0.7733180522918701, 0.776825487613678, 0.7741840481758118, 0.7756130695343018, 0.7711963057518005, 0.7723654508590698, 0.7710663080215454, 0.7676888704299927, 0.7708499431610107, 0.7671692371368408, 0.7681652307510376, 0.765090823173523, 0.7625359892845154, 0.7621462345123291, 0.7656103372573853, 0.7619298100471497, 0.7571666240692139, 0.7596347332000732, 0.7587687969207764, 0.7620596289634705, 0.7590286135673523, 0.7558243274688721], "validation_accuracy": [0.3551691472530365, 0.5235827565193176, 0.6885820031166077, 0.7658410668373108, 0.7916470170021057, 0.8030810952186584, 0.8278547525405884, 0.8611246347427368, 0.8910595774650574, 0.924011766910553, 0.9367955923080444, 0.9431478381156921, 0.9475944638252258, 0.9516439437866211, 0.9534702301025391, 0.9557729363441467, 0.9618074893951416, 0.9651424884796143, 0.9694302678108215, 0.9720505475997925, 0.9764970541000366, 0.9795144200325012, 0.9807054996490479, 0.9818965196609497, 0.9835639595985413, 0.9844373464584351, 0.985152006149292, 0.9858666658401489, 0.9865813255310059, 0.9867401123046875, 0.9868988990783691, 0.9877722859382629, 0.9875341653823853, 0.9884074926376343, 0.9892809391021729, 0.9895985126495361, 0.9897574186325073, 0.9896780252456665, 0.9906308650970459, 0.990948498249054], "cfn_matrix_labels": ["Clearing Table", "Drinking Tea", "Eating", "Making Tea", "Prepping Food", "Setting Table", "Watching TV"]}