{"train_shape": [29319, 52], "test_shape": [23094, 52], "test_sparsity": 0.5769613981246948, "cfn_matrix": [[2739, 10, 74, 0, 0, 1176, 0], [12, 0, 9, 0, 8, 4, 4], [26, 0, 2249, 0, 7, 1632, 22], [284, 77, 0, 2970, 8, 555, 36], [5, 0, 0, 0, 3176, 9, 13], [23, 0, 170, 0, 0, 695, 7], [90, 30, 0, 0, 0, 0, 6974]], "train_accuracy": [0.5644805431365967, 0.6746140122413635, 0.7932401299476624, 0.8513253331184387, 0.8890825510025024, 0.9223716259002686, 0.9480544924736023, 0.9501010179519653, 0.9530342817306519, 0.955489993095398, 0.9608108401298523, 0.9671889543533325, 0.9714182615280151, 0.972134530544281, 0.9740104675292969, 0.9737716913223267, 0.975681722164154, 0.9763637781143188, 0.976466178894043, 0.9768072962760925, 0.9769095778465271, 0.9776940941810608, 0.9780009984970093, 0.9800475239753723, 0.9803203344345093, 0.9845837950706482, 0.9864938259124756, 0.987824022769928, 0.9897340536117554, 0.9903479814529419, 0.9923603534698486, 0.9923602938652039, 0.994236171245575, 0.9944749474525452, 0.995123028755188, 0.9952253103256226, 0.9956687688827515, 0.9957369565963745, 0.9960098266601562, 0.9960779547691345], "validation_shape": [12313, 52], "kp": 0.6, "l2": 0.001, "test_accuracy": [0.33710041642189026, 0.49900388717651367, 0.685502827167511, 0.7607606053352356, 0.7996019124984741, 0.7761327028274536, 0.7736212015151978, 0.7740541100502014, 0.7769553661346436, 0.7779079675674438, 0.7758728265762329, 0.7781244516372681, 0.7796833515167236, 0.7859187126159668, 0.7876941561698914, 0.7945356965065002, 0.7934964895248413, 0.7950553894042969, 0.7942326068878174, 0.7994288206100464, 0.7990391254425049, 0.8046682476997375, 0.8016371726989746, 0.8028929233551025, 0.803325891494751, 0.8017237782478333, 0.8039754629135132, 0.8018969297409058, 0.805317759513855, 0.8054909110069275, 0.809084951877594, 0.8076559901237488, 0.8101674914360046, 0.8106437921524048, 0.811293363571167, 0.8122459650039673, 0.8102973699569702, 0.8117263317108154, 0.8135450482368469, 0.8141945600509644], "validation_accuracy": [0.5665556192398071, 0.678551197052002, 0.7960693836212158, 0.8564121127128601, 0.8904412984848022, 0.9251201152801514, 0.9498094320297241, 0.9511089324951172, 0.9554133415222168, 0.9565503001213074, 0.9605298638343811, 0.9671895503997803, 0.971656322479248, 0.9727120995521545, 0.9742551445960999, 0.9744988083839417, 0.97539222240448, 0.9762043952941895, 0.976041853427887, 0.9771788716316223, 0.9772601127624512, 0.9779099225997925, 0.9780722856521606, 0.9802650809288025, 0.9805086851119995, 0.9848130941390991, 0.9865999221801758, 0.9881429672241211, 0.9906606674194336, 0.9910667538642883, 0.9923661351203918, 0.9928534030914307, 0.9939904808998108, 0.993990421295166, 0.9944777488708496, 0.9943153262138367, 0.9948025941848755, 0.9950462579727173, 0.9952899217605591, 0.995695948600769], "cfn_matrix_labels": ["Clearing Table", "Drinking Tea", "Eating", "Making Tea", "Prepping Food", "Setting Table", "Watching TV"]}