{"train_shape": [29038, 52], "test_shape": [23094, 52], "test_sparsity": 0.18484044075012207, "cfn_matrix": [[2559, 21, 9, 685, 0, 725, 0], [9, 0, 8, 13, 0, 3, 4], [7, 0, 1920, 1942, 0, 45, 22], [90, 0, 6, 3711, 2, 85, 36], [88, 124, 0, 21, 2958, 2, 10], [26, 0, 259, 309, 0, 294, 7], [48, 0, 85, 0, 0, 0, 6961]], "train_accuracy": [0.529237687587738, 0.6237691640853882, 0.726565957069397, 0.8327030539512634, 0.8564995527267456, 0.8653844594955444, 0.8801238536834717, 0.9043334722518921, 0.9137006998062134, 0.9212769865989685, 0.9281300902366638, 0.9352242946624756, 0.9402865767478943, 0.9474496245384216, 0.9518576860427856, 0.9588829874992371, 0.9602605104446411, 0.9633254408836365, 0.9678367376327515, 0.9707639813423157, 0.9729335904121399, 0.9752753376960754, 0.9788568615913391, 0.9805788397789001, 0.9829204678535461, 0.9847112894058228, 0.986088752746582, 0.9869498014450073, 0.9875007271766663, 0.9876729249954224, 0.9882928133010864, 0.988258421421051, 0.9887748956680298, 0.9891882538795471, 0.9897736310958862, 0.9911511540412903, 0.9912889003753662, 0.991392195224762, 0.9917365312576294, 0.9914954900741577], "validation_shape": [12594, 52], "kp": 0.7, "l2": 0.001, "test_accuracy": [0.3383128345012665, 0.45115596055984497, 0.510911762714386, 0.6483935713768005, 0.7018707394599915, 0.7255566120147705, 0.7415348291397095, 0.7444793581962585, 0.7527931928634644, 0.7550881505012512, 0.7533128261566162, 0.7577295303344727, 0.7634453177452087, 0.7657836079597473, 0.7704601287841797, 0.7740108966827393, 0.7756563425064087, 0.7760460376739502, 0.7792503833770752, 0.7803328037261963, 0.7842732667922974, 0.7892096638679504, 0.7875208854675293, 0.7895561456680298, 0.7924572825431824, 0.7925005555152893, 0.7920675873756409, 0.795315146446228, 0.7950121164321899, 0.7991690039634705, 0.8004246950149536, 0.8022000789642334, 0.799342155456543, 0.7991689443588257, 0.7989091873168945, 0.7960079908370972, 0.7934964895248413, 0.797523558139801, 0.7950120568275452, 0.796873927116394], "validation_accuracy": [0.5281087160110474, 0.623233437538147, 0.730030357837677, 0.8346834778785706, 0.8570750951766968, 0.8653329610824585, 0.8802607655525208, 0.9073371887207031, 0.9156744480133057, 0.9208356142044067, 0.9270290732383728, 0.934651792049408, 0.9408451318740845, 0.9475945234298706, 0.9515645503997803, 0.958234429359436, 0.9608547687530518, 0.9631574153900146, 0.9688743948936462, 0.9711771011352539, 0.9731621146202087, 0.9764971733093262, 0.9794349670410156, 0.9808642268180847, 0.9830875396728516, 0.9841197729110718, 0.985072672367096, 0.9861049056053162, 0.987295925617218, 0.9872958660125732, 0.9878517389297485, 0.988089919090271, 0.9887251853942871, 0.9892810583114624, 0.989916205406189, 0.9907895922660828, 0.9912660121917725, 0.99102783203125, 0.9917424917221069, 0.9919012784957886], "cfn_matrix_labels": ["Clearing Table", "Drinking Tea", "Eating", "Making Tea", "Prepping Food", "Setting Table", "Watching TV"]}