{"train_shape": [30479, 52], "test_shape": [20951, 52], "test_sparsity": 0.6155252456665039, "cfn_matrix": [[2087, 0, 117, 0, 0, 0, 0], [7, 0, 18, 339, 8, 0, 0], [3041, 0, 2105, 20, 7, 721, 54], [204, 0, 66, 2657, 8, 9, 133], [5, 0, 0, 0, 2703, 9, 5], [104, 0, 107, 0, 0, 533, 7], [0, 71, 702, 0, 0, 0, 5104]], "train_accuracy": [0.4343646466732025, 0.7185274958610535, 0.8308999538421631, 0.8633813261985779, 0.8834935426712036, 0.901669979095459, 0.9196823835372925, 0.93454509973526, 0.94284588098526, 0.9509170055389404, 0.9559696912765503, 0.962269127368927, 0.967846691608429, 0.9706683158874512, 0.9755569696426392, 0.9790019392967224, 0.9812986254692078, 0.9841858148574829, 0.9859247207641602, 0.9883526563644409, 0.9902883768081665, 0.9909445643424988, 0.9920272827148438, 0.9926178455352783, 0.9929787516593933, 0.9936349391937256, 0.9939630627632141, 0.9943895936012268, 0.9950129389762878, 0.9955379366874695, 0.9959972500801086, 0.9963581562042236, 0.9962597489356995, 0.996850311756134, 0.9969487190246582, 0.9968830943107605, 0.9969159364700317, 0.9972440004348755, 0.9972768425941467, 0.9971455931663513], "validation_shape": [13236, 52], "kp": 0.7, "l2": 0.001, "test_accuracy": [0.32757386565208435, 0.5622643232345581, 0.7589136362075806, 0.7720872759819031, 0.7254068851470947, 0.670946478843689, 0.6612094640731812, 0.6561500430107117, 0.6497541666030884, 0.6602071523666382, 0.6758149862289429, 0.6862679719924927, 0.7032600045204163, 0.7111355066299438, 0.717435896396637, 0.7292730808258057, 0.7262660264968872, 0.7309436202049255, 0.7297980785369873, 0.7313731908798218, 0.7348574995994568, 0.734237015247345, 0.7367667555809021, 0.7385327816009521, 0.737434983253479, 0.7363371849060059, 0.7331869602203369, 0.7333778738975525, 0.7339983582496643, 0.7308958768844604, 0.7317073345184326, 0.7279366254806519, 0.726552426815033, 0.7265046834945679, 0.7262660264968872, 0.7243090867996216, 0.723402202129364, 0.7190587520599365, 0.7192974090576172, 0.7249773144721985], "validation_accuracy": [0.4236173927783966, 0.7151707410812378, 0.8288002610206604, 0.858869731426239, 0.8775309920310974, 0.8964188694953918, 0.9152311682701111, 0.9323058128356934, 0.9406164884567261, 0.9497582316398621, 0.9543668627738953, 0.9595043659210205, 0.9655485153198242, 0.96698397397995, 0.972877025604248, 0.9767301082611084, 0.9799788594245911, 0.9823209643363953, 0.9843608140945435, 0.9871562123298645, 0.9888939261436462, 0.9898760914802551, 0.9910849332809448, 0.9919915199279785, 0.9922181963920593, 0.9929736852645874, 0.9937292337417603, 0.9938803315162659, 0.9941070079803467, 0.9944847226142883, 0.995164692401886, 0.9953157901763916, 0.9952402710914612, 0.9959202408790588, 0.9959957599639893, 0.9959957599639893, 0.9959957599639893, 0.9962979555130005, 0.9965246319770813, 0.9966757297515869], "cfn_matrix_labels": ["Clearing Table", "Drinking Tea", "Eating", "Making Tea", "Prepping Food", "Setting Table", "Watching TV"]}