{"train_shape": [29246, 52], "test_shape": [23094, 52], "test_sparsity": 0.6797705888748169, "cfn_matrix": [[2629, 7, 0, 122, 92, 1149, 0], [12, 0, 0, 0, 8, 13, 4], [13, 0, 1653, 119, 7, 2122, 22], [146, 0, 0, 3649, 8, 91, 36], [5, 0, 0, 0, 3184, 9, 5], [48, 0, 190, 0, 0, 650, 7], [0, 0, 0, 0, 0, 0, 7094]], "train_accuracy": [0.4513436555862427, 0.6674078702926636, 0.7743971347808838, 0.8285585641860962, 0.8746846914291382, 0.9110999703407288, 0.9287093877792358, 0.940300703048706, 0.9495669007301331, 0.9598931074142456, 0.9716554284095764, 0.9764767289161682, 0.9804772138595581, 0.9832809567451477, 0.9864950776100159, 0.9884098172187805, 0.9887176752090454, 0.9894699454307556, 0.9907349944114685, 0.990837574005127, 0.9910427927970886, 0.9919317960739136, 0.9922395348548889, 0.9924789071083069, 0.992034375667572, 0.9921369552612305, 0.992684006690979, 0.9929916858673096, 0.9924446940422058, 0.992684006690979, 0.9935047030448914, 0.9942226409912109, 0.9944278597831726, 0.9954878091812134, 0.9954878091812134, 0.9948381781578064, 0.9950091242790222, 0.9962742924690247, 0.995658814907074, 0.9957272410392761], "validation_shape": [12386, 52], "kp": 0.7, "l2": 0.001, "test_accuracy": [0.3745560050010681, 0.6057850122451782, 0.7108774185180664, 0.7062441110610962, 0.7209666967391968, 0.7373778820037842, 0.7386336326599121, 0.7503683567047119, 0.76145339012146, 0.7700271010398865, 0.7684683203697205, 0.7737943530082703, 0.7788174152374268, 0.7825412750244141, 0.7914180159568787, 0.7948387861251831, 0.7959213256835938, 0.7976533770561218, 0.8041486740112305, 0.8070930242538452, 0.8101241588592529, 0.8107304573059082, 0.8121594190597534, 0.8145842552185059, 0.818048357963562, 0.8161864280700684, 0.8166627883911133, 0.8158833384513855, 0.8201268315315247, 0.81705242395401, 0.8185247182846069, 0.8157967329025269, 0.8160132169723511, 0.8159265518188477, 0.8180916905403137, 0.8183947801589966, 0.8167493343353271, 0.811293363571167, 0.8153637647628784, 0.8166194558143616], "validation_accuracy": [0.45656388998031616, 0.6722913980484009, 0.776683509349823, 0.8294044137001038, 0.8766351938247681, 0.912643551826477, 0.9275798201560974, 0.9402554035186768, 0.9513969421386719, 0.9602780342102051, 0.9708544015884399, 0.9758601188659668, 0.9807850122451782, 0.9840952157974243, 0.986598014831543, 0.9878090620040894, 0.9886971712112427, 0.989585280418396, 0.9904733896255493, 0.9911999106407166, 0.9911999702453613, 0.9915229082107544, 0.9919266104698181, 0.992007315158844, 0.992007315158844, 0.9920880794525146, 0.9925724864006042, 0.9928954243659973, 0.992976188659668, 0.9928146600723267, 0.9931377172470093, 0.9937835931777954, 0.9938642978668213, 0.9946717023849487, 0.9949946403503418, 0.9948331713676453, 0.9945102334022522, 0.9961249828338623, 0.9958019256591797, 0.9961248636245728], "cfn_matrix_labels": ["Clearing Table", "Drinking Tea", "Eating", "Making Tea", "Prepping Food", "Setting Table", "Watching TV"]}