{"train_shape": [29319, 52], "test_shape": [23094, 52], "test_sparsity": 0.517785906791687, "cfn_matrix": [[2103, 115, 480, 87, 0, 1214, 0], [7, 0, 11, 1, 8, 7, 3], [5, 0, 1841, 151, 7, 1910, 22], [144, 0, 0, 3011, 8, 732, 35], [5, 18, 0, 4, 3084, 9, 83], [31, 0, 116, 21, 0, 720, 7], [68, 0, 280, 108, 0, 0, 6638]], "train_accuracy": [0.4010029435157776, 0.7075619697570801, 0.8093730807304382, 0.8595112562179565, 0.8991783261299133, 0.9232923984527588, 0.9359463453292847, 0.9457011222839355, 0.9497258067131042, 0.9563426971435547, 0.9633007049560547, 0.9760227799415588, 0.9799110889434814, 0.9837310910224915, 0.9851294755935669, 0.9871419072151184, 0.986425518989563, 0.9881309866905212, 0.9900751709938049, 0.9894611835479736, 0.9916099905967712, 0.9907572269439697, 0.9919851422309875, 0.9925649762153625, 0.9925308227539062, 0.9933153390884399, 0.9934858679771423, 0.9940657615661621, 0.9940998554229736, 0.995702862739563, 0.996112048625946, 0.9962145090103149, 0.9966577887535095, 0.9968965649604797, 0.9974082708358765, 0.997442364692688], "validation_shape": [12313, 52], "kp": 0.7, "l2": 0.001, "test_accuracy": [0.31376102566719055, 0.6482203602790833, 0.7316188216209412, 0.7232183218002319, 0.7008748650550842, 0.679743766784668, 0.677492082118988, 0.6856760382652283, 0.6973674297332764, 0.7057246565818787, 0.7197109460830688, 0.729193925857544, 0.7339571118354797, 0.7352128028869629, 0.7388068437576294, 0.7443494200706482, 0.7449556589126587, 0.7488094568252563, 0.7482898831367493, 0.7517106533050537, 0.7533127665519714, 0.7583791017532349, 0.7584223747253418, 0.7629690170288086, 0.7600244879722595, 0.759851336479187, 0.7616266012191772, 0.763835072517395, 0.762839138507843, 0.755867600440979, 0.7561273574829102, 0.7565603852272034, 0.7540922164916992, 0.7541788220405579, 0.7547851204872131, 0.7533128261566162], "validation_accuracy": [0.4034759998321533, 0.7088444232940674, 0.8121498823165894, 0.8639651536941528, 0.9039229154586792, 0.9269880056381226, 0.9390078783035278, 0.9491597414016724, 0.9513525366783142, 0.9593116044998169, 0.9641032814979553, 0.9768540859222412, 0.9798590540885925, 0.9844882488250732, 0.9856252670288086, 0.9875744581222534, 0.9865998029708862, 0.9881430864334106, 0.9907418489456177, 0.9894424080848694, 0.9915540218353271, 0.9910666942596436, 0.9919601082801819, 0.9928534030914307, 0.9928534626960754, 0.9936655759811401, 0.9942340850830078, 0.9946401715278625, 0.9944777488708496, 0.995614767074585, 0.9959395527839661, 0.9962644577026367, 0.9969953298568726, 0.996914267539978, 0.9970766305923462, 0.9969953894615173], "cfn_matrix_labels": ["Clearing Table", "Drinking Tea", "Eating", "Making Tea", "Prepping Food", "Setting Table", "Watching TV"]}