{"train_shape": [29246, 52], "test_shape": [23094, 52], "test_sparsity": 0.8859291672706604, "cfn_matrix": [[2609, 0, 64, 521, 0, 804, 1], [12, 0, 0, 6, 2, 11, 6], [13, 0, 1728, 138, 1, 2050, 6], [145, 0, 0, 3692, 6, 65, 22], [5, 0, 0, 5, 2622, 9, 562], [25, 0, 29, 7, 0, 834, 0], [0, 0, 681, 1061, 0, 0, 5352]], "train_accuracy": [0.2898857295513153, 0.723381519317627, 0.8378932476043701, 0.8634351491928101, 0.8907210826873779, 0.9192036986351013, 0.9332227110862732, 0.9397193789482117, 0.9474127292633057, 0.9514816999435425, 0.956576406955719, 0.9578074216842651, 0.962936282157898, 0.969501256942749, 0.9735019207000732, 0.9778785705566406, 0.9770579934120178, 0.980443000793457, 0.9821184873580933, 0.9856745004653931, 0.9861190319061279, 0.9875550866127014, 0.9876919388771057, 0.988478422164917, 0.9893673062324524, 0.9895725250244141, 0.9903931021690369, 0.9907692074775696, 0.9917266368865967, 0.991111159324646, 0.9918976426124573, 0.9926156997680664, 0.9928891658782959, 0.992923378944397, 0.9938124418258667, 0.9932994842529297, 0.9940176010131836, 0.9937781691551208, 0.993607223033905, 0.9941543340682983], "validation_shape": [12386, 52], "kp": 0.7, "l2": 0.001, "test_accuracy": [0.3071792423725128, 0.6147916913032532, 0.739153265953064, 0.7431369423866272, 0.7269855737686157, 0.7367283701896667, 0.7358623147010803, 0.7365984916687012, 0.7320951223373413, 0.7319652438163757, 0.730189859867096, 0.7447391748428345, 0.7351261973381042, 0.7308393716812134, 0.7303197979927063, 0.7253401279449463, 0.7317920327186584, 0.7176757454872131, 0.7245173454284668, 0.7189314961433411, 0.7150344848632812, 0.7202738523483276, 0.7267690896987915, 0.7078464031219482, 0.7175891399383545, 0.7216594815254211, 0.7127826809883118, 0.7125229835510254, 0.7224389314651489, 0.7123929858207703, 0.7145580649375916, 0.7240411043167114, 0.7229152321815491, 0.7171128392219543, 0.7171995043754578, 0.7175891399383545, 0.7261195182800293, 0.7213996648788452, 0.7235214114189148, 0.7290640473365784], "validation_accuracy": [0.29016631841659546, 0.7271921038627625, 0.8432910442352295, 0.8654934763908386, 0.8933475613594055, 0.9186180830001831, 0.9337965250015259, 0.9407398104667664, 0.9509125351905823, 0.9550302028656006, 0.9597128629684448, 0.9613275527954102, 0.9656065702438354, 0.9700470566749573, 0.9746490716934204, 0.9786858558654785, 0.9779592156410217, 0.9812694191932678, 0.982480525970459, 0.9859521389007568, 0.9870016574859619, 0.9881320595741272, 0.9882935285568237, 0.989181637763977, 0.9896661043167114, 0.9907963871955872, 0.9911192655563354, 0.9915229678153992, 0.9921688437461853, 0.9923302531242371, 0.9926532506942749, 0.9928954243659973, 0.9934606552124023, 0.9936220645904541, 0.9937028288841248, 0.9939450621604919, 0.9941065907478333, 0.9940258264541626, 0.9939451217651367, 0.9941872358322144], "cfn_matrix_labels": ["Clearing Table", "Drinking Tea", "Eating", "Making Tea", "Prepping Food", "Setting Table", "Watching TV"]}