{"train_shape": [29319, 52], "test_shape": [23094, 52], "test_sparsity": 0.5378988981246948, "cfn_matrix": [[2250, 0, 319, 26, 0, 1404, 0], [7, 0, 11, 0, 8, 7, 4], [5, 0, 2751, 0, 7, 1151, 22], [38, 0, 0, 3314, 8, 534, 36], [5, 0, 0, 0, 3184, 9, 5], [1, 0, 55, 0, 0, 832, 7], [39, 0, 57, 61, 0, 0, 6937]], "train_accuracy": [0.38862180709838867, 0.5924487709999084, 0.6922476291656494, 0.836181640625, 0.8778952360153198, 0.9061362743377686, 0.9301140308380127, 0.9411989450454712, 0.9534094929695129, 0.9639487266540527, 0.9681780338287354, 0.9716570377349854, 0.9753748178482056, 0.979706346988678, 0.9844132661819458, 0.9895293712615967, 0.9894952774047852, 0.9906548857688904, 0.9909960031509399, 0.9913029670715332, 0.992223858833313, 0.9924285411834717, 0.9925990700721741, 0.9928377866744995, 0.9931448698043823, 0.9933152198791504, 0.9936563968658447, 0.9937927722930908, 0.994611382484436, 0.9949183464050293, 0.9956687688827515, 0.9960779547691345, 0.9966920018196106, 0.996862530708313, 0.9968283772468567, 0.996930718421936, 0.9970329999923706, 0.9970329999923706, 0.9971352815628052, 0.9974082708358765], "validation_shape": [12313, 52], "kp": 0.7, "l2": 0.001, "test_accuracy": [0.322161465883255, 0.44682577252388, 0.5780720710754395, 0.728371262550354, 0.7784709930419922, 0.7910283207893372, 0.7969172596931458, 0.8054476976394653, 0.8202134370803833, 0.8375339508056641, 0.8404784798622131, 0.8439425230026245, 0.8440725207328796, 0.8494418263435364, 0.8531225919723511, 0.8510006666183472, 0.8594011664390564, 0.8578423261642456, 0.8577989935874939, 0.855980396270752, 0.8626920580863953, 0.8565433025360107, 0.8588815331459045, 0.8602672219276428, 0.8558505177497864, 0.8552875518798828, 0.851563572883606, 0.8558504581451416, 0.8490088582038879, 0.8483160138130188, 0.8422104716300964, 0.8445488214492798, 0.8379237055778503, 0.8391794562339783, 0.8331605195999146, 0.8385732173919678, 0.8359750509262085, 0.8344596028327942, 0.83281409740448, 0.8343297243118286], "validation_accuracy": [0.3933241069316864, 0.5996101498603821, 0.6969057321548462, 0.8383824229240417, 0.8807766437530518, 0.9070090651512146, 0.930074155330658, 0.9411194324493408, 0.9543575048446655, 0.9641034007072449, 0.9688950181007385, 0.9717375040054321, 0.9759606122970581, 0.9809147715568542, 0.9851380586624146, 0.9896048307418823, 0.9902545809745789, 0.9909042119979858, 0.9912291765213013, 0.9915539622306824, 0.991878867149353, 0.9920412302017212, 0.9922037124633789, 0.9925286173820496, 0.9927722215652466, 0.9929346442222595, 0.9932595491409302, 0.9934219121932983, 0.9941529035568237, 0.9941529035568237, 0.9944778084754944, 0.9946402311325073, 0.9959396123886108, 0.9962644577026367, 0.9961832761764526, 0.9964269399642944, 0.9965893030166626, 0.9965893030166626, 0.9967517256736755, 0.9970765709877014], "cfn_matrix_labels": ["Clearing Table", "Drinking Tea", "Eating", "Making Tea", "Prepping Food", "Setting Table", "Watching TV"]}