{"train_shape": [29009, 52], "test_shape": [23094, 52], "test_sparsity": 0.7436003684997559, "cfn_matrix": [[2832, 4, 104, 518, 0, 541, 0], [12, 5, 3, 7, 0, 2, 8], [13, 0, 3511, 22, 0, 383, 7], [192, 0, 3, 3619, 0, 108, 8], [5, 0, 0, 5, 2570, 9, 614], [275, 0, 127, 7, 0, 486, 0], [167, 2, 0, 244, 0, 0, 6681]], "train_accuracy": [0.47950661182403564, 0.7184319496154785, 0.8664546608924866, 0.904270350933075, 0.9265737533569336, 0.9473947286605835, 0.9547718167304993, 0.9627693295478821, 0.9662854075431824, 0.970422089099884, 0.9737658500671387, 0.9759030938148499, 0.9779024720191956, 0.9824872016906738, 0.9849693179130554, 0.9897953271865845, 0.99003666639328, 0.9910018444061279, 0.9915189146995544, 0.992415189743042, 0.9925530552864075, 0.9936217069625854, 0.9943110942840576, 0.9946903586387634, 0.9949662089347839, 0.9954487681388855, 0.9956210851669312, 0.9963105916976929, 0.9962761402130127, 0.9967586398124695, 0.9970344305038452, 0.9969654083251953, 0.9972412586212158, 0.9973102807998657, 0.9973447322845459, 0.9973446726799011], "validation_shape": [12623, 52], "kp": 0.7, "l2": 0.001, "test_accuracy": [0.4417162537574768, 0.6706504821777344, 0.7304064035415649, 0.8247600197792053, 0.8443756103515625, 0.8458045125007629, 0.8448951840400696, 0.8425136804580688, 0.845977783203125, 0.8472334146499634, 0.8493552207946777, 0.8498748540878296, 0.8504378199577332, 0.8503945469856262, 0.8506976366043091, 0.8509140610694885, 0.8512172102928162, 0.8534255623817444, 0.849744975566864, 0.8524296283721924, 0.8522564172744751, 0.8494418263435364, 0.8523863554000854, 0.8535987734794617, 0.8490089178085327, 0.8516069650650024, 0.8489222526550293, 0.8528627157211304, 0.8531225323677063, 0.8551143407821655, 0.8610899448394775, 0.8559370040893555, 0.8545514345169067, 0.8507842421531677, 0.8513903617858887, 0.8532090783119202], "validation_accuracy": [0.4820566177368164, 0.7155191898345947, 0.8653249740600586, 0.9052520394325256, 0.9272752404212952, 0.9478726387023926, 0.954606294631958, 0.9627660512924194, 0.9662517309188843, 0.9699751138687134, 0.9735400080680847, 0.9748075604438782, 0.977104902267456, 0.9817789196968079, 0.9847100973129272, 0.9899386167526245, 0.989700973033905, 0.9914438128471375, 0.9919191598892212, 0.9923152923583984, 0.9922360777854919, 0.9931867122650146, 0.9936620593070984, 0.9938997626304626, 0.9941374063491821, 0.9946126937866211, 0.9945334196090698, 0.995404839515686, 0.995404839515686, 0.9958801865577698, 0.9961178302764893, 0.996276319026947, 0.9965139031410217, 0.9965931177139282, 0.9965931177139282, 0.9965931177139282], "cfn_matrix_labels": ["Clearing Table", "Drinking Tea", "Eating", "Making Tea", "Prepping Food", "Setting Table", "Watching TV"]}