{"train_shape": [28331, 52], "test_shape": [24059, 52], "test_sparsity": 0.583776593208313, "cfn_matrix": [[2709, 0, 0, 0, 1151, 0, 1005], [7, 0, 0, 0, 51, 0, 752], [1891, 0, 1172, 0, 44, 0, 2190], [39, 0, 0, 0, 2456, 0, 360], [14, 0, 0, 0, 1975, 0, 0], [1520, 0, 0, 0, 7, 28, 0], [0, 0, 0, 0, 77, 0, 6611]], "train_accuracy": [0.4119868576526642, 0.6325579881668091, 0.7805584073066711, 0.8912851810455322, 0.9148988723754883, 0.932512104511261, 0.9429600238800049, 0.9510430097579956, 0.9542197585105896, 0.9565140604972839, 0.9576082825660706, 0.9610320925712585, 0.9618791937828064, 0.9635734558105469, 0.9662913680076599, 0.9682679772377014, 0.9713388085365295, 0.9739508032798767, 0.9766333699226379, 0.9803042411804199, 0.9823867678642273, 0.9839751720428467, 0.9847517013549805, 0.9884225726127625, 0.9876460433006287, 0.9912463426589966, 0.9908227920532227, 0.9917405247688293, 0.9926581978797913, 0.9919169545173645, 0.9937171339988708, 0.9940348267555237, 0.9937524199485779, 0.9950937032699585, 0.9956584572792053, 0.9959408640861511, 0.9961879253387451, 0.9963997006416321, 0.9967526793479919, 0.996823251247406], "validation_shape": [12100, 52], "kp": 0.7, "l2": 0.001, "test_accuracy": [0.2782742381095886, 0.3384596109390259, 0.44066670536994934, 0.48160770535469055, 0.4434099495410919, 0.45434141159057617, 0.4789060354232788, 0.47371044754981995, 0.5023484230041504, 0.4829377830028534, 0.48522382974624634, 0.4966956377029419, 0.4854732155799866, 0.5107443928718567, 0.5152333974838257, 0.5121576189994812, 0.491666316986084, 0.5136539340019226, 0.5202211141586304, 0.5273702144622803, 0.5071282982826233, 0.5197223424911499, 0.5346855521202087, 0.517270028591156, 0.5341036915779114, 0.49673718214035034, 0.521759033203125, 0.5162724852561951, 0.5173116326332092, 0.5294484496116638, 0.5054657459259033, 0.5176441073417664, 0.542208731174469, 0.5074608325958252, 0.5020989775657654, 0.518724799156189, 0.5197638869285583, 0.5254998207092285, 0.5144020915031433, 0.5193482637405396], "validation_accuracy": [0.41099172830581665, 0.6280165314674377, 0.781983494758606, 0.8911570310592651, 0.9134711027145386, 0.9314876198768616, 0.9404958486557007, 0.9489256143569946, 0.9522314071655273, 0.954793393611908, 0.9562810063362122, 0.9589256048202515, 0.9611570239067078, 0.9636363387107849, 0.9661157131195068, 0.9682644605636597, 0.9713222980499268, 0.9723966717720032, 0.9757851362228394, 0.9790082573890686, 0.9808264374732971, 0.9828925728797913, 0.9833884239196777, 0.9866942167282104, 0.9864462614059448, 0.9893388152122498, 0.9891735315322876, 0.990247905254364, 0.9911569952964783, 0.990413248538971, 0.9925619959831238, 0.9928098917007446, 0.9928925633430481, 0.9943801760673523, 0.9949586987495422, 0.9954545497894287, 0.9956198334693909, 0.9959504008293152, 0.9958677887916565, 0.9960330724716187], "cfn_matrix_labels": ["Clearing Table", "Drinking Tea", "Eating", "Making Tea", "Prepping Food", "Setting Table", "Watching TV"]}