{"train_shape": [29095, 52], "test_shape": [23094, 52], "test_sparsity": 0.42320477962493896, "cfn_matrix": [[2685, 0, 81, 0, 0, 1233, 0], [12, 0, 11, 0, 0, 2, 12], [13, 0, 2277, 94, 0, 1523, 29], [164, 0, 63, 3077, 0, 582, 44], [5, 0, 0, 0, 2842, 9, 347], [1, 0, 182, 0, 0, 705, 7], [0, 0, 161, 1, 0, 0, 6932]], "train_accuracy": [0.4022338092327118, 0.610276460647583, 0.7694106101989746, 0.8116860389709473, 0.8506618142127991, 0.8722119927406311, 0.8851008415222168, 0.9037982225418091, 0.9282010793685913, 0.9384434819221497, 0.9451456069946289, 0.9520884156227112, 0.9538412094116211, 0.9597185254096985, 0.9622963070869446, 0.9637398719787598, 0.9672800302505493, 0.9665238857269287, 0.969892144203186, 0.972263753414154, 0.975597620010376, 0.9760444760322571, 0.9792408347129822, 0.982780933380127, 0.9843964576721191, 0.9864929914474487, 0.9877990484237671, 0.9899300336837769, 0.9906175136566162, 0.9904799461364746, 0.9908924102783203, 0.9919233918190002, 0.9921984672546387, 0.9922327995300293, 0.9936763048171997, 0.9936076402664185, 0.9940887689590454, 0.994295060634613, 0.9943293929100037, 0.9944669008255005], "validation_shape": [12537, 52], "kp": 0.6, "l2": 0.001, "test_accuracy": [0.3640337884426117, 0.46059560775756836, 0.6866719722747803, 0.8070497512817383, 0.8138914108276367, 0.8080458045005798, 0.8041485548019409, 0.799298882484436, 0.8066167831420898, 0.8007277846336365, 0.7950985431671143, 0.7908983826637268, 0.7906818985939026, 0.7892096638679504, 0.7905086874961853, 0.792587161064148, 0.7889931797981262, 0.7922840118408203, 0.7910715937614441, 0.7917643785476685, 0.7923274040222168, 0.7912015318870544, 0.7940593957901001, 0.7929768562316895, 0.7957049012184143, 0.7931933999061584, 0.7944924235343933, 0.7941460013389587, 0.7971770763397217, 0.7950552701950073, 0.7976101040840149, 0.7982596755027771, 0.797783374786377, 0.79856276512146, 0.7971338033676147, 0.7986494302749634, 0.798086404800415, 0.798129677772522, 0.8007711172103882, 0.801853597164154], "validation_accuracy": [0.39985641837120056, 0.6113105416297913, 0.7708381414413452, 0.8118367791175842, 0.8545902371406555, 0.8741322755813599, 0.8849004507064819, 0.9036449193954468, 0.9308443665504456, 0.9406553506851196, 0.9485519528388977, 0.953098475933075, 0.9552521109580994, 0.9617129564285278, 0.9630689024925232, 0.9653820395469666, 0.9680143594741821, 0.9675357341766357, 0.9708061218261719, 0.972879946231842, 0.9758312106132507, 0.976628839969635, 0.9802979826927185, 0.9830896854400635, 0.9848445653915405, 0.9870778322219849, 0.9881945848464966, 0.9897899031639099, 0.9907470345497131, 0.990348219871521, 0.9911458492279053, 0.992023229598999, 0.9925018548965454, 0.9927411675453186, 0.994655430316925, 0.9946554899215698, 0.9947352409362793, 0.995054304599762, 0.9951340556144714, 0.9952936172485352], "cfn_matrix_labels": ["Clearing Table", "Drinking Tea", "Eating", "Making Tea", "Prepping Food", "Setting Table", "Watching TV"]}