{"train_shape": [29095, 52], "test_shape": [23094, 52], "test_sparsity": 0.28324466943740845, "cfn_matrix": [[2324, 84, 309, 0, 0, 1282, 0], [9, 0, 11, 0, 8, 5, 4], [5, 0, 3839, 0, 7, 63, 22], [48, 38, 521, 2744, 8, 535, 36], [5, 0, 7, 0, 3184, 2, 5], [98, 9, 376, 0, 0, 397, 15], [0, 0, 253, 0, 0, 0, 6841]], "train_accuracy": [0.43509167432785034, 0.5863891839981079, 0.7828493714332581, 0.8363982439041138, 0.8572266101837158, 0.8795672655105591, 0.9034545421600342, 0.9190242886543274, 0.9336315989494324, 0.9419835805892944, 0.9493044018745422, 0.9552505016326904, 0.9669020175933838, 0.973466694355011, 0.9807530641555786, 0.983159065246582, 0.985289990901947, 0.9874897003173828, 0.9871804118156433, 0.9892082214355469, 0.9901362657546997, 0.9901362061500549, 0.991064190864563, 0.9914422631263733, 0.9916829466819763, 0.9917516112327576, 0.9918203949928284, 0.9920265078544617, 0.9921984076499939, 0.9924389719963074, 0.9926795959472656, 0.9926108121871948, 0.9928514957427979, 0.9931607842445374, 0.9932295083999634, 0.9933326840400696, 0.9933326244354248, 0.9932982921600342, 0.9933670163154602, 0.9935388565063477], "validation_shape": [12537, 52], "kp": 0.7, "l2": 0.001, "test_accuracy": [0.3961200416088104, 0.48726919293403625, 0.6877979040145874, 0.7575130462646484, 0.7851393222808838, 0.7862651348114014, 0.7924140095710754, 0.7986926436424255, 0.8114233016967773, 0.8154935836791992, 0.8186113238334656, 0.8188278079032898, 0.819866955280304, 0.8198237419128418, 0.8189144134521484, 0.8196071982383728, 0.820862889289856, 0.8204732537269592, 0.821295976638794, 0.8233743906021118, 0.8246735334396362, 0.8244569301605225, 0.8243704438209534, 0.8248034715652466, 0.827228307723999, 0.8276612162590027, 0.8273149132728577, 0.8304325938224792, 0.8316448926925659, 0.8323378562927246, 0.8354122638702393, 0.8329007625579834, 0.835239052772522, 0.8361483812332153, 0.833247184753418, 0.8346328139305115, 0.8348925709724426, 0.8338100910186768, 0.8355854749679565, 0.8369710445404053], "validation_accuracy": [0.4317619800567627, 0.5793251991271973, 0.784318208694458, 0.8344099521636963, 0.8544306755065918, 0.8774823546409607, 0.9034853577613831, 0.920076310634613, 0.933955192565918, 0.941851794719696, 0.9495090842247009, 0.9551723003387451, 0.9651427865028381, 0.9717632532119751, 0.9809361100196838, 0.9837278127670288, 0.9864398241043091, 0.9881147742271423, 0.9883540868759155, 0.9893113374710083, 0.9905875325202942, 0.9907470345497131, 0.9912256598472595, 0.9915446639060974, 0.9917041659355164, 0.9919435381889343, 0.9918637275695801, 0.9921827912330627, 0.9922625422477722, 0.9923423528671265, 0.9926613569259644, 0.9924221038818359, 0.9926614165306091, 0.9932994842529297, 0.9935387969017029, 0.9935387969017029, 0.9935387969017029, 0.9935387372970581, 0.9938578009605408, 0.993937611579895], "cfn_matrix_labels": ["Clearing Table", "Drinking Tea", "Eating", "Making Tea", "Prepping Food", "Setting Table", "Watching TV"]}