{"train_shape": [30479, 52], "test_shape": [20951, 52], "test_sparsity": 0.33626997470855713, "cfn_matrix": [[2040, 0, 150, 0, 0, 0, 14], [7, 0, 11, 339, 8, 0, 7], [1529, 0, 1568, 186, 7, 1432, 1226], [154, 0, 34, 2701, 8, 10, 170], [5, 0, 0, 0, 2703, 9, 5], [111, 0, 432, 72, 0, 129, 7], [0, 562, 191, 0, 363, 0, 4761]], "train_accuracy": [0.358345091342926, 0.7230552434921265, 0.861773669719696, 0.8921224474906921, 0.9034088850021362, 0.9131532907485962, 0.9325436949729919, 0.9439942240715027, 0.9521637558937073, 0.9563305974006653, 0.9627940654754639, 0.9658781290054321, 0.9705370664596558, 0.9730634093284607, 0.9752616286277771, 0.9780832529067993, 0.9816266894340515, 0.9849076271057129, 0.9885494709014893, 0.9891728758811951, 0.9914039373397827, 0.9922569394111633, 0.9936349391937256, 0.9938974380493164, 0.9950457811355591, 0.9952426552772522, 0.9949145317077637, 0.9956691265106201, 0.9958003759384155, 0.9956363439559937, 0.9965550303459167, 0.9960956573486328, 0.9970471262931824, 0.9966862201690674], "validation_shape": [13236, 52], "kp": 0.7, "l2": 0.001, "test_accuracy": [0.3075748085975647, 0.5610233545303345, 0.6782492399215698, 0.6771991848945618, 0.6749081015586853, 0.6535248756408691, 0.6200181245803833, 0.6107584238052368, 0.6127631068229675, 0.6180611848831177, 0.6163429021835327, 0.6226910352706909, 0.6233592629432678, 0.6264140009880066, 0.6309006810188293, 0.6344804763793945, 0.6342895030975342, 0.6374874711036682, 0.6408286094665527, 0.6462221145629883, 0.6468903422355652, 0.6520452499389648, 0.6500883102416992, 0.654193103313446, 0.6572001576423645, 0.65562504529953, 0.6569615006446838, 0.6595389246940613, 0.6618300080299377, 0.6629278063774109, 0.6594434380531311, 0.6589184403419495, 0.6638823747634888, 0.6635482907295227], "validation_accuracy": [0.35569658875465393, 0.7166817784309387, 0.8587942123413086, 0.8861438632011414, 0.8986853957176208, 0.9089604020118713, 0.9326080679893494, 0.9455273747444153, 0.9521003365516663, 0.9567845463752747, 0.9623753428459167, 0.9653974175453186, 0.969552755355835, 0.9712904095649719, 0.974085807800293, 0.9774856567382812, 0.9802810549736023, 0.9834542274475098, 0.9869295954704285, 0.9885161519050598, 0.9912360310554504, 0.990631639957428, 0.9932759404182434, 0.9929736852645874, 0.9940314292907715, 0.994635820388794, 0.9943336248397827, 0.9950891733169556, 0.9952402710914612, 0.9952402710914612, 0.9956179857254028, 0.9953913688659668, 0.9957691431045532, 0.9954668879508972], "cfn_matrix_labels": ["Clearing Table", "Drinking Tea", "Eating", "Making Tea", "Prepping Food", "Setting Table", "Watching TV"]}