{"train_shape": [29319, 52], "test_shape": [23094, 52], "test_sparsity": 0.4429853558540344, "cfn_matrix": [[2158, 0, 0, 1319, 0, 522, 0], [7, 0, 0, 22, 8, 0, 0], [5, 325, 1466, 325, 7, 1808, 0], [22, 0, 0, 3773, 8, 127, 0], [5, 0, 0, 5, 2887, 9, 297], [502, 0, 34, 7, 0, 352, 0], [0, 0, 57, 296, 0, 0, 6741]], "train_accuracy": [0.3831305205821991, 0.5704493522644043, 0.7593372464179993, 0.8334529399871826, 0.882977306842804, 0.9059658646583557, 0.9208368062973022, 0.9289883971214294, 0.9346843957901001, 0.9429383873939514, 0.9526249766349792, 0.958184540271759, 0.960503876209259, 0.963744044303894, 0.967802882194519, 0.9704973697662354, 0.9719639420509338, 0.9781374931335449, 0.9839699268341064, 0.9860844612121582, 0.9898704290390015, 0.9918146133422852, 0.9913370609283447, 0.9921556711196899, 0.9934517741203308, 0.9939974546432495, 0.9948160648345947, 0.9952936172485352, 0.9958392977714539, 0.9958733320236206, 0.9963167905807495, 0.9966919422149658, 0.9966238141059875, 0.996930718421936, 0.9968624711036682, 0.9970671534538269, 0.9970331192016602, 0.9969648122787476], "validation_shape": [12313, 52], "kp": 0.6, "l2": 0.001, "test_accuracy": [0.31354451179504395, 0.3988479673862457, 0.5448167324066162, 0.5994630455970764, 0.7089722156524658, 0.7248205542564392, 0.7237812280654907, 0.7210533022880554, 0.7399759888648987, 0.7415781617164612, 0.7422276139259338, 0.7453020811080933, 0.7463846802711487, 0.7476403713226318, 0.7484630346298218, 0.7511910200119019, 0.7483765482902527, 0.7490260004997253, 0.751667320728302, 0.7531396150588989, 0.7463845610618591, 0.7390666604042053, 0.753659188747406, 0.7557810544967651, 0.7555211782455444, 0.7537891268730164, 0.7537025213241577, 0.7613668441772461, 0.763401985168457, 0.763055682182312, 0.7662599086761475, 0.7631421685218811, 0.761886477470398, 0.7605441808700562, 0.753442645072937, 0.7536592483520508, 0.7517972588539124, 0.7524467706680298], "validation_accuracy": [0.38763904571533203, 0.5808494687080383, 0.7637457251548767, 0.8375702500343323, 0.8870302438735962, 0.9088770747184753, 0.924389123916626, 0.9326730966567993, 0.9380332827568054, 0.9441244602203369, 0.9541950821876526, 0.9592304229736328, 0.9617480635643005, 0.9664584994316101, 0.9704381227493286, 0.9723871946334839, 0.973767876625061, 0.9788031578063965, 0.9853004217147827, 0.9871683716773987, 0.9909854531288147, 0.9922037720680237, 0.9922036528587341, 0.9930158257484436, 0.9939092397689819, 0.9946401715278625, 0.995614767074585, 0.995695948600769, 0.9961020350456238, 0.996101975440979, 0.9966704845428467, 0.9969141483306885, 0.9966704845428467, 0.9969953298568726, 0.9966704845428467, 0.9967517256736755, 0.9970766305923462, 0.9969954490661621], "cfn_matrix_labels": ["Clearing Table", "Drinking Tea", "Eating", "Making Tea", "Prepping Food", "Setting Table", "Watching TV"]}