{"train_shape": [29095, 52], "test_shape": [23094, 52], "test_sparsity": 0.3956117033958435, "cfn_matrix": [[2677, 8, 82, 49, 0, 1183, 0], [12, 0, 10, 0, 8, 3, 4], [13, 209, 1566, 0, 7, 2119, 22], [168, 20, 162, 2754, 8, 782, 36], [5, 0, 0, 0, 3184, 9, 5], [64, 0, 131, 17, 0, 676, 7], [0, 0, 198, 0, 0, 64, 6832]], "train_accuracy": [0.50489741563797, 0.6727959513664246, 0.7268259525299072, 0.8182507157325745, 0.8551299571990967, 0.8774362206459045, 0.9010830521583557, 0.9167214632034302, 0.9242141246795654, 0.9356937408447266, 0.9441488981246948, 0.9474483728408813, 0.9600279331207275, 0.9634993076324463, 0.9718511700630188, 0.978106677532196, 0.9807187914848328, 0.9839839935302734, 0.9855650067329407, 0.987661600112915, 0.9872148036956787, 0.9896550178527832, 0.9890020489692688, 0.9900674819946289, 0.9905830025672913, 0.9907549023628235, 0.9909266829490662, 0.991304874420166, 0.991373598575592, 0.9914422631263733, 0.9918203353881836, 0.9916828274726868, 0.9920953512191772, 0.991992175579071, 0.9923359751701355, 0.9927483201026917, 0.9924389719963074, 0.9927483201026917, 0.9928857684135437, 0.9928858280181885], "validation_shape": [12537, 52], "kp": 0.7, "l2": 0.001, "test_accuracy": [0.37464261054992676, 0.541958749294281, 0.5679829716682434, 0.7074133157730103, 0.7397595047950745, 0.7495889067649841, 0.7540488839149475, 0.7546985149383545, 0.7571666240692139, 0.7568634748458862, 0.7571666836738586, 0.7552614212036133, 0.7549583315849304, 0.7575996518135071, 0.7576862573623657, 0.7585523128509521, 0.7598945498466492, 0.7623194456100464, 0.7604142427444458, 0.7634885907173157, 0.7651340961456299, 0.7624061107635498, 0.765826940536499, 0.7641814351081848, 0.7635319232940674, 0.764614462852478, 0.7652640342712402, 0.7651340365409851, 0.7644412517547607, 0.7652206420898438, 0.7631422281265259, 0.7652640342712402, 0.763878345489502, 0.7657402753829956, 0.7653073072433472, 0.7628824710845947, 0.7615833878517151, 0.7643546462059021, 0.7631422281265259, 0.7659568190574646], "validation_accuracy": [0.5059424638748169, 0.6752810478210449, 0.7235381603240967, 0.8185369372367859, 0.8551485538482666, 0.8765251636505127, 0.9018900990486145, 0.91568922996521, 0.9223096370697021, 0.9332373142242432, 0.942250669002533, 0.9457602500915527, 0.9587616920471191, 0.9625106453895569, 0.9704869389533997, 0.9783836007118225, 0.9819729924201965, 0.9846051931381226, 0.9853230118751526, 0.9881147742271423, 0.9869982004165649, 0.9891517162322998, 0.9886731505393982, 0.9893910884857178, 0.9901089072227478, 0.990188717842102, 0.9905874729156494, 0.9908268451690674, 0.9909863471984863, 0.9911459684371948, 0.9913851022720337, 0.9916244745254517, 0.9917840361595154, 0.9923423528671265, 0.9925816059112549, 0.9927411675453186, 0.9923423528671265, 0.9929006695747375, 0.9927411675453186, 0.9929006099700928], "cfn_matrix_labels": ["Clearing Table", "Drinking Tea", "Eating", "Making Tea", "Prepping Food", "Setting Table", "Watching TV"]}