{"train_shape": [29038, 52], "test_shape": [23094, 52], "test_sparsity": 0.23204785585403442, "cfn_matrix": [[2682, 2, 248, 6, 1, 1060, 0], [12, 0, 11, 0, 8, 2, 4], [13, 0, 2444, 0, 7, 1450, 22], [164, 0, 310, 2818, 42, 560, 36], [326, 0, 0, 78, 2785, 9, 5], [12, 0, 200, 58, 0, 618, 7], [52, 0, 109, 0, 0, 0, 6933]], "train_accuracy": [0.5068875551223755, 0.567945659160614, 0.6502175331115723, 0.7344522476196289, 0.8388330340385437, 0.8568094968795776, 0.8686216473579407, 0.883946418762207, 0.9008553624153137, 0.9114277362823486, 0.9169722199440002, 0.9269248247146606, 0.9347765445709229, 0.9393567442893982, 0.9442469477653503, 0.9476907253265381, 0.9519609808921814, 0.9549570679664612, 0.9580564498901367, 0.9606048464775085, 0.9637386798858643, 0.9653573036193848, 0.9662871360778809, 0.9667003750801086, 0.9673546552658081, 0.9682844877243042, 0.9696620106697083, 0.9703851938247681, 0.973209023475647, 0.973828911781311, 0.9757230281829834, 0.9765495657920837, 0.9774448871612549, 0.9782369136810303, 0.9807853698730469, 0.9812331199645996, 0.9821285009384155, 0.9830927848815918, 0.9832993149757385, 0.9843668341636658], "validation_shape": [12594, 52], "kp": 0.7, "l2": 0.001, "test_accuracy": [0.47601088881492615, 0.5190090537071228, 0.5436908602714539, 0.6034467220306396, 0.7032564282417297, 0.7453020811080933, 0.7525767087936401, 0.7492857575416565, 0.7526199817657471, 0.7544819712638855, 0.7546984553337097, 0.7553479671478271, 0.7568202614784241, 0.7547850012779236, 0.7580759525299072, 0.7564737796783447, 0.7572532296180725, 0.7614535093307495, 0.7650907635688782, 0.7683383226394653, 0.7738376259803772, 0.7826278805732727, 0.7824113368988037, 0.7834506034851074, 0.7872177958488464, 0.7915046215057373, 0.7921974658966064, 0.7928903102874756, 0.7942758798599243, 0.7940161228179932, 0.7890797257423401, 0.7911581993103027, 0.7918510437011719, 0.7892962694168091, 0.7904220819473267, 0.790335476398468, 0.7894694805145264, 0.790118932723999, 0.7916345000267029, 0.791547954082489], "validation_accuracy": [0.4934890866279602, 0.5640782117843628, 0.6530095338821411, 0.7388441562652588, 0.8431795835494995, 0.8603305816650391, 0.8697001338005066, 0.8871687650680542, 0.9053521156311035, 0.9140863418579102, 0.9209944605827332, 0.9275054931640625, 0.9338576793670654, 0.9390982389450073, 0.9435448050498962, 0.9482296705245972, 0.9521998167037964, 0.9555346965789795, 0.958949089050293, 0.9606165289878845, 0.9643483757972717, 0.9659366011619568, 0.966651201248169, 0.9666510820388794, 0.9685567617416382, 0.9699066281318665, 0.9702242612838745, 0.9712565541267395, 0.9728446006774902, 0.9738767743110657, 0.9737973213195801, 0.9757825136184692, 0.9768940806388855, 0.9778469204902649, 0.9788791537284851, 0.9802290201187134, 0.9806260466575623, 0.9811818599700928, 0.981499433517456, 0.982214093208313], "cfn_matrix_labels": ["Clearing Table", "Drinking Tea", "Eating", "Making Tea", "Prepping Food", "Setting Table", "Watching TV"]}