{"train_shape": [30479, 52], "test_shape": [20951, 52], "test_sparsity": 0.5483710169792175, "cfn_matrix": [[2096, 0, 108, 0, 0, 0, 0], [289, 0, 18, 57, 8, 0, 0], [1891, 0, 2058, 15, 7, 1970, 7], [224, 0, 43, 2670, 8, 8, 124], [5, 0, 0, 0, 2703, 9, 5], [82, 0, 229, 0, 0, 433, 7], [37, 16, 865, 0, 0, 0, 4959]], "train_accuracy": [0.5633386969566345, 0.7405098676681519, 0.8408412337303162, 0.8603300452232361, 0.898520290851593, 0.9098067283630371, 0.9184356331825256, 0.9384822249412537, 0.943206787109375, 0.9530496597290039, 0.9601693153381348, 0.9634830355644226, 0.9680764079093933, 0.9688966274261475, 0.9707011580467224, 0.9710292220115662, 0.9728993773460388, 0.9750975966453552, 0.9758522510528564, 0.9802159070968628, 0.9802486896514893, 0.9856294393539429, 0.9860559701919556, 0.9892385005950928, 0.9892385005950928, 0.9908789396286011, 0.9914695620536804, 0.9931756258010864, 0.993766188621521, 0.9945208430290222, 0.9944552183151245, 0.9956691265106201, 0.9957675933837891, 0.9954066872596741, 0.9960628747940063], "validation_shape": [13236, 52], "kp": 0.6, "l2": 0.001, "test_accuracy": [0.4313398003578186, 0.4706696569919586, 0.6165338158607483, 0.6363896727561951, 0.6236934065818787, 0.6301369667053223, 0.6374874711036682, 0.6652665734291077, 0.6767218708992004, 0.6820676922798157, 0.6811608076095581, 0.6819244623184204, 0.6883203387260437, 0.6858861446380615, 0.6838814616203308, 0.6935229897499084, 0.696864128112793, 0.6918047070503235, 0.6858384013175964, 0.6962913274765015, 0.6987255811691284, 0.6973414421081543, 0.7029258608818054, 0.6962436437606812, 0.7039282321929932, 0.7053123712539673, 0.7032600045204163, 0.7086535096168518, 0.7053601145744324, 0.7096558809280396, 0.7139038443565369, 0.7109923362731934, 0.7131879329681396, 0.7104195356369019, 0.7120901346206665], "validation_accuracy": [0.5634632706642151, 0.7341341972351074, 0.8383952975273132, 0.8563010096549988, 0.8943034410476685, 0.9047295451164246, 0.9146267771720886, 0.9375188946723938, 0.9422031044960022, 0.9541402459144592, 0.9599577188491821, 0.9644152522087097, 0.9674372673034668, 0.9687972068786621, 0.970308244228363, 0.9706104397773743, 0.9731036424636841, 0.9752190709114075, 0.9747657775878906, 0.9800543785095215, 0.9802054762840271, 0.9861740469932556, 0.985796332359314, 0.9883650541305542, 0.9893472194671631, 0.9901782870292664, 0.9913115501403809, 0.9932759404182434, 0.9932003617286682, 0.9941070079803467, 0.9938047528266907, 0.9945603013038635, 0.9950135946273804, 0.9947869181632996, 0.9950135946273804], "cfn_matrix_labels": ["Clearing Table", "Drinking Tea", "Eating", "Making Tea", "Prepping Food", "Setting Table", "Watching TV"]}