{"train_shape": [29246, 52], "test_shape": [23094, 52], "test_sparsity": 0.7276014089584351, "cfn_matrix": [[2545, 238, 79, 712, 0, 410, 15], [7, 0, 11, 15, 0, 0, 4], [5, 31, 2018, 819, 0, 1041, 22], [133, 4, 0, 3746, 0, 11, 36], [5, 0, 0, 887, 2297, 9, 5], [229, 0, 27, 58, 0, 556, 25], [11, 0, 0, 39, 0, 0, 7044]], "train_accuracy": [0.5656841993331909, 0.6523630023002625, 0.7465299367904663, 0.8664100170135498, 0.8856947422027588, 0.904158890247345, 0.9172205328941345, 0.933222770690918, 0.939787745475769, 0.9439934492111206, 0.9480966329574585, 0.9533281326293945, 0.9572944641113281, 0.9609531164169312, 0.9713135957717896, 0.9776050448417664, 0.9811610579490662, 0.9848538637161255, 0.9841358661651611, 0.9863240718841553, 0.9867003560066223, 0.9887518882751465, 0.9890596270561218, 0.99018794298172, 0.9910427927970886, 0.9925814867019653, 0.9933678507804871, 0.9937782883644104, 0.9930601716041565, 0.9946672320365906, 0.9951459169387817, 0.9952484369277954, 0.9953168630599976, 0.995658814907074, 0.9958298206329346, 0.9960691928863525, 0.9961375594139099, 0.9961716532707214, 0.9963767528533936, 0.9965136051177979], "validation_shape": [12386, 52], "kp": 0.7, "l2": 0.001, "test_accuracy": [0.45860373973846436, 0.6110244989395142, 0.6790942549705505, 0.772798478603363, 0.7731881141662598, 0.7679486870765686, 0.7579460740089417, 0.7545685768127441, 0.761843204498291, 0.7605441212654114, 0.7624927163124084, 0.7659568190574646, 0.7694641947746277, 0.7746604084968567, 0.7772584557533264, 0.7815885543823242, 0.7937563061714172, 0.8000349402427673, 0.8040187358856201, 0.8049713373184204, 0.8067033886909485, 0.8061838150024414, 0.8042784929275513, 0.8069199323654175, 0.7999483346939087, 0.7979131937026978, 0.7999483346939087, 0.7941892743110657, 0.7940593957901001, 0.795098602771759, 0.797307014465332, 0.7956615090370178, 0.7946223616600037, 0.7955317497253418, 0.7938862442970276, 0.7918077707290649, 0.7940161228179932, 0.7875641584396362, 0.7889498472213745, 0.7883436679840088], "validation_accuracy": [0.5614404082298279, 0.6498467922210693, 0.7422091364860535, 0.8692881464958191, 0.888099730014801, 0.9058616757392883, 0.9180529117584229, 0.9338772892951965, 0.9409012198448181, 0.9436463117599487, 0.9478446245193481, 0.954303503036499, 0.9583403468132019, 0.9618119597434998, 0.9716618061065674, 0.9769903421401978, 0.9814309477806091, 0.9847410917282104, 0.9845796227455139, 0.9872439503669739, 0.9874861240386963, 0.989585280418396, 0.9886971712112427, 0.9910385608673096, 0.9914422631263733, 0.9928147792816162, 0.9935413599014282, 0.9939450621604919, 0.9928954839706421, 0.9941065311431885, 0.9947523474693298, 0.9948331117630005, 0.9950753450393677, 0.9953175783157349, 0.9953982830047607, 0.9956405162811279, 0.995963454246521, 0.9958020448684692, 0.9957212209701538, 0.9961249828338623], "cfn_matrix_labels": ["Clearing Table", "Drinking Tea", "Eating", "Making Tea", "Prepping Food", "Setting Table", "Watching TV"]}