{"train_shape": [30479, 52], "test_shape": [20951, 52], "test_sparsity": 0.427526593208313, "cfn_matrix": [[1941, 4, 259, 0, 0, 0, 0], [12, 0, 13, 339, 8, 0, 0], [3925, 0, 1323, 218, 7, 140, 335], [203, 0, 16, 2596, 97, 8, 157], [5, 0, 0, 0, 2703, 9, 5], [115, 30, 217, 23, 0, 359, 7], [0, 284, 442, 0, 0, 0, 5151]], "train_accuracy": [0.39010465145111084, 0.5975261926651001, 0.7607204914093018, 0.826470673084259, 0.8592145442962646, 0.8817546367645264, 0.8970110416412354, 0.9084943532943726, 0.920272946357727, 0.9311985373497009, 0.9391384124755859, 0.9464877247810364, 0.9541979432106018, 0.959545910358429, 0.9633190035820007, 0.963975191116333, 0.9679451584815979, 0.9681419730186462, 0.9722431898117065, 0.9762787222862244, 0.978608250617981, 0.9813641905784607, 0.9841530323028564, 0.986187219619751, 0.9889103770256042, 0.9901571869850159, 0.9905836582183838, 0.9911742806434631, 0.9922569394111633, 0.9929787516593933, 0.9934709072113037, 0.9939958453178406, 0.9943895936012268, 0.9944223761558533, 0.994848906993866, 0.9948161244392395, 0.9949145317077637, 0.9951441884040833, 0.9952754378318787, 0.995570719242096], "validation_shape": [13236, 52], "kp": 0.7, "l2": 0.001, "test_accuracy": [0.29678773880004883, 0.42604172229766846, 0.6433106064796448, 0.6603980660438538, 0.6113789081573486, 0.5721445083618164, 0.5634098649024963, 0.5462746620178223, 0.5441744923591614, 0.5479929447174072, 0.5564412474632263, 0.565414547920227, 0.5742446780204773, 0.5868932008743286, 0.596821129322052, 0.6064627170562744, 0.6099947690963745, 0.6142427325248718, 0.6164383292198181, 0.6183953285217285, 0.6213545799255371, 0.6272731423377991, 0.6312825083732605, 0.6367715001106262, 0.6414968371391296, 0.6500405669212341, 0.6522361636161804, 0.6546226739883423, 0.6543363332748413, 0.6547659039497375, 0.6550999879837036, 0.6575819849967957, 0.6596344113349915, 0.666793942451477, 0.6633573770523071, 0.6642165184020996, 0.6595389246940613, 0.6632141470909119, 0.6685599684715271, 0.671710193157196], "validation_accuracy": [0.38274404406547546, 0.5945149660110474, 0.7603505849838257, 0.8224539160728455, 0.8529767394065857, 0.8746600151062012, 0.8896192312240601, 0.9026140570640564, 0.914475679397583, 0.9264883399009705, 0.9352523684501648, 0.944922924041748, 0.9517225623130798, 0.9570867419242859, 0.9599577188491821, 0.9619975686073303, 0.9646418690681458, 0.9663795828819275, 0.9699304699897766, 0.9735569953918457, 0.9758235216140747, 0.9792988896369934, 0.9825475811958313, 0.9851163625717163, 0.9870051145553589, 0.9894227981567383, 0.9898005723953247, 0.9902538657188416, 0.9911604523658752, 0.9917649030685425, 0.9918404221534729, 0.9928225874900818, 0.9925959706306458, 0.9929736852645874, 0.9937292337417603, 0.9933514595031738, 0.9935025572776794, 0.9935781359672546, 0.9942581057548523, 0.9947113990783691], "cfn_matrix_labels": ["Clearing Table", "Drinking Tea", "Eating", "Making Tea", "Prepping Food", "Setting Table", "Watching TV"]}