{"train_shape": [30479, 52], "test_shape": [20951, 52], "test_sparsity": 0.5327460169792175, "cfn_matrix": [[1662, 0, 542, 0, 0, 0, 0], [14, 0, 11, 339, 8, 0, 0], [307, 0, 1926, 20, 7, 3667, 21], [133, 0, 181, 2673, 8, 24, 58], [0, 0, 0, 0, 2703, 14, 5], [0, 0, 139, 0, 0, 605, 7], [0, 0, 1378, 0, 433, 0, 4066]], "train_accuracy": [0.4569375514984131, 0.7774533033370972, 0.8576725125312805, 0.8845434784889221, 0.8996686339378357, 0.9212244749069214, 0.9384822249412537, 0.9503920674324036, 0.9599396586418152, 0.9652219414710999, 0.9688966274261475, 0.9748023152351379, 0.9815610647201538, 0.986909031867981, 0.9892056584358215, 0.9914695620536804, 0.9921913743019104, 0.9937334060668945, 0.9947176575660706, 0.9949801564216614, 0.995209813117981, 0.9951441884040833, 0.9956035017967224, 0.9966862201690674, 0.996489405632019, 0.9968174695968628, 0.9971455931663513, 0.9971455931663513, 0.9975392818450928, 0.9976705312728882, 0.9976049065589905, 0.9978017807006836, 0.9977689385414124, 0.9979985952377319, 0.9980642199516296, 0.9981298446655273, 0.998293936252594], "validation_shape": [13236, 52], "kp": 0.7, "l2": 0.001, "test_accuracy": [0.2753090560436249, 0.47482219338417053, 0.5700443983078003, 0.5783494710922241, 0.5744355916976929, 0.5762016177177429, 0.5787790417671204, 0.591284453868866, 0.6036465764045715, 0.616772472858429, 0.623454749584198, 0.6344327330589294, 0.6360078454017639, 0.6401126384735107, 0.6411626935005188, 0.6435969471931458, 0.6463176012039185, 0.6451720595359802, 0.6471767425537109, 0.6472722291946411, 0.6492291688919067, 0.6476540565490723, 0.6500883102416992, 0.649945080280304, 0.650708794593811, 0.6487995982170105, 0.6504701375961304, 0.6520452499389648, 0.650708794593811, 0.6505178809165955, 0.6491814255714417, 0.6511861085891724, 0.6518543362617493, 0.6519497632980347, 0.6507565379142761, 0.649945080280304, 0.6508042812347412], "validation_accuracy": [0.45648232102394104, 0.7799939513206482, 0.8533545136451721, 0.8804774880409241, 0.895965576171875, 0.9196887016296387, 0.9389543533325195, 0.9500604271888733, 0.9585222005844116, 0.9636597037315369, 0.9675884246826172, 0.9730281233787537, 0.9805077314376831, 0.9870051145553589, 0.988818347454071, 0.9910093545913696, 0.9917649030685425, 0.9928225874900818, 0.9935025572776794, 0.9935781359672546, 0.9943336248397827, 0.9944847226142883, 0.9947869181632996, 0.9960713386535645, 0.9956179857254028, 0.9963735342025757, 0.9963735342025757, 0.9966002106666565, 0.9970535039901733, 0.997431218624115, 0.997431218624115, 0.9975067973136902, 0.9975067973136902, 0.9976578950881958, 0.9978089928627014, 0.997733473777771, 0.9978089928627014], "cfn_matrix_labels": ["Clearing Table", "Drinking Tea", "Eating", "Making Tea", "Prepping Food", "Setting Table", "Watching TV"]}