{"train_shape": [29009, 52], "test_shape": [23094, 52], "test_sparsity": 0.6074634194374084, "cfn_matrix": [[2364, 0, 76, 342, 0, 1217, 0], [7, 0, 11, 4, 8, 7, 0], [5, 0, 2350, 72, 7, 1496, 6], [46, 0, 0, 3686, 8, 183, 7], [7, 12, 0, 0, 3038, 9, 137], [1, 0, 178, 0, 0, 709, 7], [0, 0, 0, 119, 0, 0, 6975]], "train_accuracy": [0.5103936195373535, 0.5670999884605408, 0.7895476818084717, 0.8219857811927795, 0.8790713548660278, 0.9079933762550354, 0.9265047907829285, 0.9408106207847595, 0.9469810724258423, 0.9501870274543762, 0.9560472965240479, 0.959253191947937, 0.9627003073692322, 0.9664233922958374, 0.9691466093063354, 0.9769372940063477, 0.9796950817108154, 0.9844176769256592, 0.9864515662193298, 0.9877614974975586, 0.9896574020385742, 0.9894851446151733, 0.9905192852020264, 0.9905881881713867, 0.99176025390625, 0.9925187230110168, 0.9926220178604126, 0.993828535079956, 0.9938974976539612, 0.9947937726974487, 0.9952418804168701, 0.9955176115036011, 0.9961037635803223, 0.9962416887283325, 0.9961037635803223, 0.9965518712997437, 0.9967586994171143, 0.9968276619911194, 0.9968621134757996, 0.9969655871391296], "validation_shape": [12623, 52], "kp": 0.6, "l2": 0.001, "test_accuracy": [0.4788254499435425, 0.4877454936504364, 0.6899629235267639, 0.712436318397522, 0.7148178815841675, 0.7579460740089417, 0.7791637182235718, 0.7725818753242493, 0.7720623016357422, 0.7761326432228088, 0.7751799821853638, 0.7806792855262756, 0.7813287973403931, 0.7844898700714111, 0.7847496271133423, 0.791114866733551, 0.7912015318870544, 0.7937995791435242, 0.7926737070083618, 0.7950119972229004, 0.7976101636886597, 0.7988225817680359, 0.8020268678665161, 0.7999483942985535, 0.8018969297409058, 0.8059672713279724, 0.8027629852294922, 0.808305561542511, 0.8118995428085327, 0.8171823024749756, 0.8149740695953369, 0.820040225982666, 0.8206897377967834, 0.8225083947181702, 0.8235476016998291, 0.8245435357093811, 0.8250632882118225, 0.8237208127975464, 0.8259725570678711, 0.828007698059082], "validation_accuracy": [0.5105759501457214, 0.5671393871307373, 0.7926798462867737, 0.8271406888961792, 0.8821197152137756, 0.9100052714347839, 0.9271168112754822, 0.9409012198448181, 0.9455752372741699, 0.9485856294631958, 0.9534971714019775, 0.9569829702377319, 0.9611023664474487, 0.9656180143356323, 0.968390703201294, 0.9763127565383911, 0.9790854454040527, 0.983600914478302, 0.9851061701774597, 0.9863737225532532, 0.9883542060852051, 0.9882750511169434, 0.989384114742279, 0.9894633293151855, 0.9903347492218018, 0.9916815161705017, 0.9916814565658569, 0.9925528764724731, 0.9927114248275757, 0.9935828447341919, 0.9934242963790894, 0.9944542646408081, 0.9950087070465088, 0.9953256845474243, 0.9950879812240601, 0.9956425428390503, 0.9957217574119568, 0.9958009719848633, 0.9961970448493958, 0.9963554739952087], "cfn_matrix_labels": ["Clearing Table", "Drinking Tea", "Eating", "Making Tea", "Prepping Food", "Setting Table", "Watching TV"]}