{"train_shape": [29009, 52], "test_shape": [23094, 52], "test_sparsity": 0.49642622470855713, "cfn_matrix": [[2654, 0, 40, 45, 0, 1260, 0], [12, 0, 0, 9, 8, 8, 0], [13, 0, 2037, 24, 7, 1855, 0], [167, 0, 0, 2819, 8, 936, 0], [5, 0, 0, 5, 3122, 9, 62], [1, 0, 70, 7, 0, 817, 0], [0, 0, 23, 148, 0, 0, 6923]], "train_accuracy": [0.4651317596435547, 0.6322175860404968, 0.807128369808197, 0.85528564453125, 0.8865172863006592, 0.9091998934745789, 0.9271597862243652, 0.9407417178153992, 0.9477050304412842, 0.9504972696304321, 0.9564608931541443, 0.959942638874054, 0.96373450756073, 0.9655960202217102, 0.9693534970283508, 0.9785575270652771, 0.9800397157669067, 0.9841419458389282, 0.9873133897781372, 0.9838316440582275, 0.9887266159057617, 0.9913120865821838, 0.9924841523170471, 0.9930011630058289, 0.9926565289497375, 0.9935872554779053, 0.9942077398300171, 0.9918292164802551, 0.994242250919342, 0.9946559071540833, 0.9951385259628296, 0.9954487681388855, 0.9954487085342407, 0.9952073097229004, 0.9956555962562561, 0.9958969354629517, 0.9961036443710327, 0.9958968758583069, 0.9957245588302612], "validation_shape": [12623, 52], "kp": 0.6, "l2": 0.001, "test_accuracy": [0.4448772072792053, 0.5435176491737366, 0.7444360256195068, 0.8134583830833435, 0.8281808495521545, 0.8413012623786926, 0.8467571139335632, 0.8350225687026978, 0.8337668776512146, 0.8340698480606079, 0.8290902972221375, 0.8281375169754028, 0.8278778195381165, 0.8299562931060791, 0.8295232653617859, 0.8261457681655884, 0.8302160501480103, 0.8246734738349915, 0.8186113834381104, 0.822291910648346, 0.8210794925689697, 0.8178318738937378, 0.8167926073074341, 0.8126789331436157, 0.8170091509819031, 0.8135017156600952, 0.809301495552063, 0.8054476380348206, 0.8051878213882446, 0.8052744269371033, 0.8012042045593262, 0.7987792491912842, 0.7988658547401428, 0.7996019721031189, 0.7974368929862976, 0.7978699207305908, 0.7942326664924622, 0.7944924235343933, 0.7955316305160522], "validation_accuracy": [0.46161773800849915, 0.6331299543380737, 0.807969331741333, 0.8543925285339355, 0.8854469060897827, 0.9092130661010742, 0.9284635782241821, 0.9407427906990051, 0.9482687711715698, 0.9505660533905029, 0.9553194046020508, 0.9582505226135254, 0.9617362022399902, 0.9643504023551941, 0.9672815799713135, 0.9756789207458496, 0.9775802493095398, 0.9820165634155273, 0.9867697954177856, 0.9819373488426208, 0.9880372881889343, 0.9903347492218018, 0.991047739982605, 0.9918398857116699, 0.9923151731491089, 0.9927113056182861, 0.9935827255249023, 0.9908100366592407, 0.9936619997024536, 0.9938997030258179, 0.9942958354949951, 0.9942958354949951, 0.9943749904632568, 0.9942957162857056, 0.9948503375053406, 0.9951672554016113, 0.9955633282661438, 0.9953256845474243, 0.9945334196090698], "cfn_matrix_labels": ["Clearing Table", "Drinking Tea", "Eating", "Making Tea", "Prepping Food", "Setting Table", "Watching TV"]}