{"train_shape": [29319, 52], "test_shape": [23094, 52], "test_sparsity": 0.3449135422706604, "cfn_matrix": [[2429, 25, 126, 417, 0, 1002, 0], [7, 0, 0, 11, 8, 7, 4], [5, 0, 2109, 67, 7, 1726, 22], [37, 0, 0, 3511, 8, 360, 14], [5, 0, 0, 0, 3106, 9, 83], [1, 0, 71, 0, 0, 816, 7], [134, 0, 62, 122, 0, 0, 6776]], "train_accuracy": [0.4689452052116394, 0.6006004810333252, 0.757802426815033, 0.8462092876434326, 0.8592724800109863, 0.9137423038482666, 0.9443027377128601, 0.9532048106193542, 0.9590031504631042, 0.9630618691444397, 0.9674277305603027, 0.970906674861908, 0.971861720085144, 0.9743856191635132, 0.9769095778465271, 0.9817869663238525, 0.9864255785942078, 0.9888471961021423, 0.9894952178001404, 0.9920192360877991, 0.9931789040565491, 0.9940997958183289, 0.994543194770813, 0.9948501586914062, 0.9954640865325928, 0.995771050453186, 0.9956004619598389, 0.9956686496734619, 0.9961121082305908, 0.9961462020874023, 0.9963167905807495, 0.9964873194694519, 0.9966578483581543, 0.996691882610321, 0.9967601299285889, 0.9967942833900452, 0.996862530708313, 0.9970329999923706, 0.9971012473106384, 0.9971354007720947], "validation_shape": [12313, 52], "kp": 0.6, "l2": 0.001, "test_accuracy": [0.37914592027664185, 0.5194854140281677, 0.6553651094436646, 0.8335503339767456, 0.839569091796875, 0.8316016793251038, 0.8195638656616211, 0.8047982454299927, 0.793539822101593, 0.7849661111831665, 0.7858754396438599, 0.7818050384521484, 0.7807225584983826, 0.7779080271720886, 0.7820215225219727, 0.7828010320663452, 0.7862652540206909, 0.7875208258628845, 0.790595293045044, 0.7908117771148682, 0.795315146446228, 0.7996019721031189, 0.7980431318283081, 0.7982596755027771, 0.802503228187561, 0.8036289811134338, 0.8086086511611938, 0.806097149848938, 0.8021566867828369, 0.8073962330818176, 0.8071364164352417, 0.8061404824256897, 0.8080024719238281, 0.8100376129150391, 0.8105572462081909, 0.8096045851707458, 0.8115098476409912, 0.8126789927482605, 0.8100376129150391, 0.8117696046829224], "validation_accuracy": [0.47088438272476196, 0.6065946817398071, 0.768375039100647, 0.850402295589447, 0.862015962600708, 0.9164301156997681, 0.9442868828773499, 0.953707754611969, 0.9594740867614746, 0.9622353911399841, 0.9670270681381226, 0.9701132774353027, 0.9708441495895386, 0.9730369448661804, 0.9759607315063477, 0.981320858001709, 0.9854629039764404, 0.9878993034362793, 0.9884678721427917, 0.9911479353904724, 0.9922037124633789, 0.9932595491409302, 0.9937467575073242, 0.993990421295166, 0.994234025478363, 0.9950462579727173, 0.9952086210250854, 0.9952899217605591, 0.995452344417572, 0.9956147074699402, 0.995614767074585, 0.9962644577026367, 0.9965893030166626, 0.9965893030166626, 0.9967517852783203, 0.9966706037521362, 0.9968329668045044, 0.9969141483306885, 0.9970765709877014, 0.9971577525138855], "cfn_matrix_labels": ["Clearing Table", "Drinking Tea", "Eating", "Making Tea", "Prepping Food", "Setting Table", "Watching TV"]}