{"train_shape": [29246, 52], "test_shape": [23094, 52], "test_sparsity": 0.8385555148124695, "cfn_matrix": [[2485, 0, 74, 311, 0, 1129, 0], [7, 0, 0, 11, 0, 7, 12], [5, 0, 1866, 207, 0, 1842, 16], [41, 0, 0, 3705, 0, 169, 15], [5, 0, 0, 0, 2893, 9, 296], [41, 0, 106, 118, 0, 623, 7], [270, 0, 0, 186, 0, 0, 6638]], "train_accuracy": [0.3644599914550781, 0.6111606359481812, 0.6802985668182373, 0.7268691062927246, 0.8187110424041748, 0.8736246824264526, 0.9120573997497559, 0.9365736246109009, 0.9530546069145203, 0.9606111645698547, 0.9623549580574036, 0.9652613401412964, 0.9674497842788696, 0.9701852202415466, 0.9712110161781311, 0.9724076986312866, 0.9742883443832397, 0.9757585525512695, 0.9775708913803101, 0.9779810905456543, 0.9793146252632141, 0.9826313257217407, 0.989128053188324, 0.9891622066497803, 0.9898802042007446, 0.993573009967804, 0.9928891658782959, 0.9936072826385498, 0.9943937063217163, 0.9949407577514648, 0.9949749708175659, 0.995248556137085], "validation_shape": [12386, 52], "kp": 0.6, "l2": 0.001, "test_accuracy": [0.4166015088558197, 0.5054125189781189, 0.6014548540115356, 0.6847667694091797, 0.7074999213218689, 0.6987097859382629, 0.6729454398155212, 0.6740713119506836, 0.6590889692306519, 0.6723825335502625, 0.7065039873123169, 0.704468846321106, 0.7113537788391113, 0.7248205542564392, 0.7369016408920288, 0.7426173686981201, 0.7482032775878906, 0.7484197020530701, 0.7528365254402161, 0.7617132067680359, 0.7618864178657532, 0.76561039686203, 0.7750934362411499, 0.7756563425064087, 0.7801596522331238, 0.7832773923873901, 0.7811123132705688, 0.7832773923873901, 0.7859187126159668, 0.7883003354072571, 0.7882137298583984, 0.7885168194770813], "validation_accuracy": [0.361214280128479, 0.6082675457000732, 0.6772971153259277, 0.7242048978805542, 0.816648006439209, 0.8730019927024841, 0.9116747975349426, 0.9371873736381531, 0.9544649720191956, 0.9622156023979187, 0.9645570516586304, 0.9666562080383301, 0.9691590070724487, 0.9709352254867554, 0.9727921485900879, 0.9748105406761169, 0.9757793545722961, 0.9770711660385132, 0.9789280891418457, 0.9789280295372009, 0.9803006052970886, 0.9825612306594849, 0.9895045161247253, 0.9893430471420288, 0.9897466897964478, 0.9933799505233765, 0.9927340149879456, 0.9932184219360352, 0.9943487048149109, 0.9953176379203796, 0.9949946999549866, 0.9950754046440125], "cfn_matrix_labels": ["Clearing Table", "Drinking Tea", "Eating", "Making Tea", "Prepping Food", "Setting Table", "Watching TV"]}