{"train_shape": [29038, 52], "test_shape": [23094, 52], "test_sparsity": 0.12300533056259155, "cfn_matrix": [[2777, 488, 60, 387, 0, 281, 6], [15, 0, 10, 2, 6, 0, 4], [74, 1321, 1900, 0, 7, 561, 73], [166, 258, 25, 3426, 8, 11, 36], [49, 2, 0, 0, 3140, 7, 5], [268, 33, 173, 0, 0, 414, 7], [172, 0, 0, 0, 0, 0, 6922]], "train_accuracy": [0.35952889919281006, 0.631930947303772, 0.7944771647453308, 0.8403137922286987, 0.8588069677352905, 0.8764390349388123, 0.8927969932556152, 0.9128397107124329, 0.9294731020927429, 0.9368427991867065, 0.9440747499465942, 0.9473118782043457, 0.9494470357894897, 0.9527875185012817, 0.9546815156936646, 0.9557491540908813, 0.9569889307022095, 0.958710789680481, 0.9601916074752808, 0.9628432989120483, 0.9669070243835449, 0.9712116718292236, 0.9730368852615356, 0.9736567735671997, 0.9752064347267151, 0.9767906665802002, 0.9789601564407349, 0.9805443286895752, 0.9816807508468628, 0.9842291474342346, 0.9853655099868774, 0.9874317646026611, 0.9874663352966309, 0.9879828691482544, 0.9884305596351624, 0.9892225861549377, 0.9894292950630188, 0.9896359443664551, 0.9898424744606018, 0.9908067584037781], "validation_shape": [12594, 52], "kp": 0.6, "l2": 0.001, "test_accuracy": [0.3574953079223633, 0.5026411414146423, 0.6729021668434143, 0.7100980281829834, 0.743916392326355, 0.7526200413703918, 0.7587254643440247, 0.7633153796195984, 0.7684682607650757, 0.7672991752624512, 0.7674723267555237, 0.7702003121376038, 0.7742274403572083, 0.7768254280090332, 0.7773450613021851, 0.7792070508003235, 0.7834073305130005, 0.7826710939407349, 0.7838402986526489, 0.7865250110626221, 0.7894261479377747, 0.790335476398468, 0.7920675873756409, 0.7954883575439453, 0.7985194325447083, 0.8001216053962708, 0.801853597164154, 0.8008143305778503, 0.8038022518157959, 0.8026331067085266, 0.8047548532485962, 0.8047548532485962, 0.804321825504303, 0.8107736706733704, 0.807309627532959, 0.804538369178772, 0.8044950366020203, 0.805274486541748, 0.8044517040252686, 0.804495096206665], "validation_accuracy": [0.3569954037666321, 0.6273623704910278, 0.7886297702789307, 0.8371449708938599, 0.8556458353996277, 0.8737496137619019, 0.8910596370697021, 0.9118630886077881, 0.929966926574707, 0.9383042454719543, 0.9449741840362549, 0.9479120373725891, 0.9496588706970215, 0.9529938101768494, 0.9543436765670776, 0.9548200964927673, 0.9559317827224731, 0.9570433497428894, 0.9591078758239746, 0.9613311886787415, 0.9664129018783569, 0.9699860215187073, 0.9727651476860046, 0.9737974405288696, 0.974511981010437, 0.9760205745697021, 0.9786409735679626, 0.9791968464851379, 0.9799114465713501, 0.9835639595985413, 0.9845962524414062, 0.9861841797828674, 0.9865018725395203, 0.9867401123046875, 0.9868988394737244, 0.9878516793251038, 0.9885663390159607, 0.9886457920074463, 0.9888045787811279, 0.9896779656410217], "cfn_matrix_labels": ["Clearing Table", "Drinking Tea", "Eating", "Making Tea", "Prepping Food", "Setting Table", "Watching TV"]}