{"train_shape": [29319, 52], "test_shape": [23094, 52], "test_sparsity": 0.5796210169792175, "cfn_matrix": [[2677, 13, 133, 2, 26, 1148, 0], [12, 0, 11, 0, 8, 2, 4], [13, 0, 3667, 0, 7, 227, 22], [183, 31, 122, 2946, 8, 604, 36], [5, 5, 0, 0, 3147, 9, 37], [1, 0, 331, 0, 0, 556, 7], [0, 0, 46, 53, 0, 0, 6995]], "train_accuracy": [0.3356527090072632, 0.6330026984214783, 0.8404451012611389, 0.8608755469322205, 0.8896623849868774, 0.9158911108970642, 0.9295341968536377, 0.9375835061073303, 0.9415740966796875, 0.9514312744140625, 0.9538187384605408, 0.9590030908584595, 0.9627549648284912, 0.9661315679550171, 0.9672911763191223, 0.9719298481941223, 0.9748290777206421, 0.9762957096099854, 0.9801156520843506, 0.9831171631813049, 0.9864256381988525, 0.9885061383247375, 0.9879945516586304, 0.9899727702140808, 0.9904844164848328, 0.9892224669456482, 0.9913029670715332, 0.9915075898170471, 0.9908595681190491, 0.9922579526901245, 0.9914394617080688, 0.9924285411834717, 0.992223858833313, 0.9929742217063904, 0.9930083155632019, 0.9933152794837952], "validation_shape": [12313, 52], "kp": 0.7, "l2": 0.001, "test_accuracy": [0.3227244019508362, 0.6588292121887207, 0.7433101534843445, 0.8010742664337158, 0.8230279684066772, 0.8341131806373596, 0.8388329744338989, 0.8439426422119141, 0.8480994701385498, 0.849744975566864, 0.8531224727630615, 0.8561102747917175, 0.858708381652832, 0.8610033988952637, 0.8630818724632263, 0.8623889684677124, 0.8630385398864746, 0.863731324672699, 0.8612198829650879, 0.8612631559371948, 0.8613930344581604, 0.8614796996116638, 0.8624322414398193, 0.8625622391700745, 0.8632550239562988, 0.8648570775985718, 0.8633415699005127, 0.8632982969284058, 0.8643808364868164, 0.8628219962120056, 0.8656798601150513, 0.8642510175704956, 0.8630818128585815, 0.8637312650680542, 0.8623023629188538, 0.865506649017334], "validation_accuracy": [0.33290019631385803, 0.6394054889678955, 0.8447172045707703, 0.8639651536941528, 0.8921467065811157, 0.9176483154296875, 0.9307239651679993, 0.9381145238876343, 0.9429062008857727, 0.9504591226577759, 0.9525707364082336, 0.9584994912147522, 0.9623977541923523, 0.9648342132568359, 0.966783344745636, 0.9708442091941833, 0.9736054539680481, 0.9741740226745605, 0.9792092442512512, 0.9820517897605896, 0.9856252670288086, 0.9879805445671082, 0.98781818151474, 0.9898485541343689, 0.990660548210144, 0.9896860122680664, 0.9914727807044983, 0.991635262966156, 0.9914727210998535, 0.9920413494110107, 0.9917165040969849, 0.9922037124633789, 0.992284893989563, 0.9930157661437988, 0.9928534030914307, 0.9929346442222595], "cfn_matrix_labels": ["Clearing Table", "Drinking Tea", "Eating", "Making Tea", "Prepping Food", "Setting Table", "Watching TV"]}