{"train_shape": [29319, 52], "test_shape": [23094, 52], "test_sparsity": 0.590259313583374, "cfn_matrix": [[2280, 289, 28, 35, 0, 1341, 26], [9, 4, 0, 0, 8, 5, 11], [13, 316, 1453, 4, 7, 2121, 22], [8, 68, 0, 3430, 8, 380, 36], [5, 0, 0, 0, 3173, 9, 16], [576, 0, 33, 0, 0, 279, 7], [0, 0, 0, 0, 0, 0, 7094]], "train_accuracy": [0.43309810757637024, 0.6336848735809326, 0.8188890814781189, 0.8501657247543335, 0.8818176984786987, 0.9052153825759888, 0.9165050387382507, 0.9267714619636536, 0.9326720237731934, 0.9383339285850525, 0.9430407285690308, 0.9467244148254395, 0.9486002326011658, 0.9532048106193542, 0.9551148414611816, 0.9588666558265686, 0.9623456597328186, 0.964016854763031, 0.967154860496521, 0.9710772037506104, 0.9734988212585449, 0.976125180721283, 0.9773529767990112, 0.9793311953544617, 0.9802179932594299, 0.9813435077667236, 0.9827079176902771, 0.9838675856590271, 0.9837311506271362, 0.9839357733726501, 0.9847884774208069, 0.9864596724510193, 0.9873123168945312, 0.9855729341506958, 0.9870396256446838, 0.9882333278656006, 0.9892905950546265, 0.989051878452301, 0.9901434183120728, 0.9898363947868347], "validation_shape": [12313, 52], "kp": 0.7, "l2": 0.001, "test_accuracy": [0.5109117031097412, 0.5537368059158325, 0.7631422281265259, 0.8028928637504578, 0.8132418990135193, 0.8069632053375244, 0.8089984059333801, 0.802286684513092, 0.8075694441795349, 0.800078272819519, 0.795315146446228, 0.7899457812309265, 0.7897293567657471, 0.7895993590354919, 0.7903788089752197, 0.7840134501457214, 0.7796833515167236, 0.7755263447761536, 0.7737077474594116, 0.7717592120170593, 0.7750934362411499, 0.7732314467430115, 0.7760893106460571, 0.7739242911338806, 0.7745305299758911, 0.7740108966827393, 0.7741841077804565, 0.7758728265762329, 0.7715426683425903, 0.7718024849891663, 0.7723654508590698, 0.7694641947746277, 0.7715859413146973, 0.7724520564079285, 0.769637405872345, 0.7683817148208618, 0.7684682607650757, 0.7710663080215454, 0.7673857808113098, 0.7669960856437683], "validation_accuracy": [0.43385034799575806, 0.6317712664604187, 0.8248194456100464, 0.8540568947792053, 0.8842688798904419, 0.9092019200325012, 0.919110119342804, 0.9290183782577515, 0.9332416653633118, 0.9391703605651855, 0.9434746503829956, 0.9484288692474365, 0.9502967000007629, 0.955575704574585, 0.9576061367988586, 0.9607734680175781, 0.9638596773147583, 0.9664584994316101, 0.967839241027832, 0.9710878133773804, 0.9740927815437317, 0.9763668179512024, 0.97734135389328, 0.979209303855896, 0.9791281223297119, 0.9805087447166443, 0.9816458225250244, 0.9830263257026672, 0.982376754283905, 0.9829452037811279, 0.9835137128829956, 0.9850567579269409, 0.9861937761306763, 0.9849755764007568, 0.986356258392334, 0.9871683716773987, 0.9891987442970276, 0.988305389881134, 0.9898484945297241, 0.9897672533988953], "cfn_matrix_labels": ["Clearing Table", "Drinking Tea", "Eating", "Making Tea", "Prepping Food", "Setting Table", "Watching TV"]}