{"train_shape": [29095, 52], "test_shape": [23094, 52], "test_sparsity": 0.3125, "cfn_matrix": [[2139, 0, 627, 549, 0, 684, 0], [7, 0, 11, 5, 8, 2, 4], [5, 0, 3892, 8, 7, 2, 22], [52, 0, 626, 2890, 8, 318, 36], [5, 4, 9, 0, 3180, 0, 5], [1, 0, 511, 0, 0, 376, 7], [11, 0, 1610, 67, 0, 0, 5406]], "train_accuracy": [0.49857327342033386, 0.6795668601989746, 0.742979884147644, 0.7875237464904785, 0.8153636455535889, 0.8362951278686523, 0.876130223274231, 0.9035232663154602, 0.9205365777015686, 0.9316724538803101, 0.9377903938293457, 0.9457299113273621, 0.951332151889801, 0.9567627906799316, 0.9597529768943787, 0.9629837274551392, 0.9661458730697632, 0.971816897392273, 0.9735698699951172, 0.9758725166320801, 0.9774536490440369, 0.9796532392501831, 0.9789314866065979, 0.9815092086791992, 0.9815436601638794, 0.9836747050285339, 0.9851869344711304, 0.9869397878646851, 0.9889676570892334, 0.9890020489692688, 0.9904799461364746, 0.9915111064910889, 0.9915454387664795, 0.9915453791618347, 0.9923359155654907, 0.992576539516449, 0.9921984672546387, 0.9925077557563782, 0.992713987827301, 0.9929202795028687], "validation_shape": [12537, 52], "kp": 0.7, "l2": 0.001, "test_accuracy": [0.36234503984451294, 0.506711483001709, 0.5889408588409424, 0.6596086025238037, 0.6985799074172974, 0.7296702861785889, 0.7731015682220459, 0.7934098839759827, 0.7941460609436035, 0.796570897102356, 0.7936697006225586, 0.7965708374977112, 0.7967008352279663, 0.7991256713867188, 0.7993854284286499, 0.799558699131012, 0.8012474775314331, 0.8041919469833374, 0.8063570261001587, 0.8085220456123352, 0.8114232420921326, 0.8114233016967773, 0.8117697238922119, 0.8117696642875671, 0.8097345232963562, 0.8125057816505432, 0.8085653185844421, 0.8072230219841003, 0.8086086511611938, 0.8057940006256104, 0.8041053414344788, 0.7986926436424255, 0.7979998588562012, 0.7836238145828247, 0.7858321666717529, 0.7851393222808838, 0.777561604976654, 0.7705034017562866, 0.7682951092720032, 0.774357259273529], "validation_accuracy": [0.4990827739238739, 0.6763179898262024, 0.7419636845588684, 0.7847968339920044, 0.8152665495872498, 0.8386373519897461, 0.8766050338745117, 0.9039639830589294, 0.9221500754356384, 0.9316419959068298, 0.9378635287284851, 0.9454410672187805, 0.9506258368492126, 0.9558104276657104, 0.9590009450912476, 0.9619522094726562, 0.964743971824646, 0.9695298671722412, 0.9709656238555908, 0.9728798866271973, 0.9748740196228027, 0.9767882823944092, 0.976788341999054, 0.9788622260093689, 0.9789420366287231, 0.9811753630638123, 0.983009934425354, 0.9856420755386353, 0.9878755211830139, 0.988513708114624, 0.990348219871521, 0.9913851618766785, 0.9918637275695801, 0.9916244149208069, 0.9921827912330627, 0.9925816059112549, 0.9924221038818359, 0.9926614761352539, 0.9924221038818359, 0.9927412271499634], "cfn_matrix_labels": ["Clearing Table", "Drinking Tea", "Eating", "Making Tea", "Prepping Food", "Setting Table", "Watching TV"]}