{"train_shape": [29095, 52], "test_shape": [23094, 52], "test_sparsity": 0.38364362716674805, "cfn_matrix": [[2792, 0, 50, 8, 0, 1149, 0], [23, 0, 0, 0, 8, 2, 4], [67, 60, 1959, 115, 7, 1706, 22], [226, 89, 9, 3083, 8, 479, 36], [5, 0, 0, 0, 3077, 9, 112], [19, 6, 34, 25, 0, 804, 7], [548, 0, 9, 61, 0, 0, 6476]], "train_accuracy": [0.4448871314525604, 0.5931601524353027, 0.7789311408996582, 0.8340610861778259, 0.8395947217941284, 0.8690499067306519, 0.9178212285041809, 0.9379966259002686, 0.9471046924591064, 0.9516414999961853, 0.9551474452018738, 0.9602341651916504, 0.9644961357116699, 0.9670394062995911, 0.9710607528686523, 0.9730542302131653, 0.974738359451294, 0.9766287207603455, 0.9780722856521606, 0.9795501828193665, 0.98157799243927, 0.9826091527938843, 0.9840871095657349, 0.9841214418411255, 0.9877647161483765, 0.9897237420082092, 0.9908236265182495, 0.9916485548019409, 0.9918891191482544, 0.9924390912055969, 0.9930233955383301, 0.9936419725418091, 0.9940887689590454, 0.9947417974472046, 0.9951543211936951, 0.9952573180198669, 0.9954636096954346, 0.99549800157547, 0.9958073496818542, 0.9957729578018188], "validation_shape": [12537, 52], "kp": 0.6, "l2": 0.001, "test_accuracy": [0.4201955497264862, 0.54715496301651, 0.6400797367095947, 0.7333941459655762, 0.7673424482345581, 0.7634886503219604, 0.7512344121932983, 0.7534860372543335, 0.7622328996658325, 0.7702869772911072, 0.7753099203109741, 0.7755697965621948, 0.7801163196563721, 0.7805493474006653, 0.7813720703125, 0.7841866612434387, 0.7823680639266968, 0.7822381854057312, 0.7808091640472412, 0.7812855243682861, 0.7844897508621216, 0.7833639979362488, 0.7828443050384521, 0.7816319465637207, 0.7787306904792786, 0.7775615453720093, 0.7800731062889099, 0.7792935967445374, 0.7833206057548523, 0.7827144265174866, 0.783017635345459, 0.7870879173278809, 0.7867414355278015, 0.7872611284255981, 0.7870445251464844, 0.7879106402397156, 0.785572350025177, 0.7850527763366699, 0.7840567827224731, 0.7876940965652466], "validation_accuracy": [0.44891127943992615, 0.5978304147720337, 0.7784157395362854, 0.833532452583313, 0.8391159772872925, 0.867192804813385, 0.913695216178894, 0.9340350031852722, 0.94480299949646, 0.9491102695465088, 0.9537366032600403, 0.958362877368927, 0.9626701474189758, 0.9656213521957397, 0.9691309928894043, 0.9719226956367493, 0.9732787609100342, 0.975671648979187, 0.9773467183113098, 0.9785431623458862, 0.9802979230880737, 0.9815741777420044, 0.9818932414054871, 0.9821325540542603, 0.9865195751190186, 0.9882743954658508, 0.9892315864562988, 0.9897899627685547, 0.9902684688568115, 0.9909065961837769, 0.9916244745254517, 0.9926614165306091, 0.9930601716041565, 0.993937611579895, 0.9942566156387329, 0.9944162368774414, 0.9947353005409241, 0.9952137470245361, 0.9955328702926636, 0.9954531192779541], "cfn_matrix_labels": ["Clearing Table", "Drinking Tea", "Eating", "Making Tea", "Prepping Food", "Setting Table", "Watching TV"]}