{"train_shape": [29032, 52], "test_shape": [23094, 52], "test_sparsity": 0.22078806161880493, "cfn_matrix": [[2771, 0, 912, 182, 6, 128, 0], [7, 0, 11, 7, 8, 0, 4], [6, 0, 3622, 8, 7, 250, 43], [261, 0, 639, 2927, 21, 24, 58], [5, 0, 9, 0, 3034, 0, 155], [281, 1, 348, 96, 0, 162, 7], [311, 0, 134, 0, 0, 0, 6649]], "train_accuracy": [0.11879995465278625, 0.18737943470478058, 0.2915058434009552, 0.43142038583755493, 0.5650314688682556, 0.6251375675201416, 0.6734291315078735, 0.7113871574401855, 0.761986494064331, 0.8163058757781982, 0.851473867893219, 0.8634606599807739, 0.8789263963699341, 0.8881575465202332, 0.8941164612770081, 0.8997654318809509, 0.9077910780906677, 0.9184689521789551, 0.9319023489952087, 0.9448535442352295, 0.9532580375671387, 0.9599059224128723, 0.9652103781700134, 0.9698948860168457, 0.9742005467414856, 0.9791605472564697, 0.9812961220741272, 0.9837417006492615, 0.9857050180435181, 0.9870139360427856, 0.9880817532539368, 0.9893217086791992, 0.9899762272834778, 0.9908717274665833, 0.9919050931930542, 0.9922839403152466, 0.9923872947692871, 0.9928006529808044, 0.9930416941642761, 0.9933173060417175], "validation_shape": [12600, 52], "kp": 0.6, "l2": 0.001, "test_accuracy": [0.19043904542922974, 0.2616696357727051, 0.3222047686576843, 0.4610286355018616, 0.5378884673118591, 0.5751709342002869, 0.6064345240592957, 0.6392136812210083, 0.6700009107589722, 0.7054648399353027, 0.7314888834953308, 0.7463412284851074, 0.7620164155960083, 0.7718890905380249, 0.7842299938201904, 0.7947955131530762, 0.8023298978805542, 0.805057942867279, 0.8094313740730286, 0.8118129968643188, 0.813848078250885, 0.8182215690612793, 0.8209495544433594, 0.8199103474617004, 0.8219021558761597, 0.822594940662384, 0.8233744502067566, 0.8251497745513916, 0.8257126808166504, 0.8269251585006714, 0.8272715210914612, 0.8268818855285645, 0.8256261348724365, 0.8278344869613647, 0.8263622522354126, 0.82701176404953, 0.8283107280731201, 0.8271849155426025, 0.8277478218078613, 0.8298696875572205], "validation_accuracy": [0.1192857027053833, 0.18968254327774048, 0.28730159997940063, 0.42476195096969604, 0.5607935786247253, 0.6208728551864624, 0.6681744456291199, 0.7081743478775024, 0.7633330225944519, 0.8153170347213745, 0.8511900901794434, 0.8641265630722046, 0.8783328533172607, 0.8884916305541992, 0.8945233225822449, 0.8999201059341431, 0.9085709452629089, 0.9176979064941406, 0.9295233488082886, 0.9412692785263062, 0.9495233297348022, 0.9576979279518127, 0.9627772569656372, 0.9668248891830444, 0.9719834923744202, 0.9772216081619263, 0.9798406958580017, 0.9828566312789917, 0.9849200248718262, 0.9859517812728882, 0.9867454767227173, 0.9873010516166687, 0.9882534146308899, 0.9892058372497559, 0.9903169274330139, 0.9912692904472351, 0.9916660785675049, 0.9920629262924194, 0.9922216534614563, 0.9922216534614563], "cfn_matrix_labels": ["Clearing Table", "Drinking Tea", "Eating", "Making Tea", "Prepping Food", "Setting Table", "Watching TV"]}