{"train_shape": [29032, 52], "test_shape": [23094, 52], "test_sparsity": 0.14198368787765503, "cfn_matrix": [[1908, 0, 193, 1512, 44, 0, 342], [7, 0, 2, 17, 7, 0, 4], [5, 18, 2944, 374, 8, 380, 207], [7, 2, 153, 3709, 10, 11, 38], [5, 0, 0, 412, 2374, 9, 403], [152, 0, 225, 342, 0, 163, 13], [33, 0, 686, 1, 2, 0, 6372]], "train_accuracy": [0.11731883883476257, 0.28771692514419556, 0.3819921612739563, 0.4627995193004608, 0.5543535947799683, 0.6706734895706177, 0.7268873453140259, 0.7724921703338623, 0.8007023334503174, 0.8232637047767639, 0.8401416540145874, 0.8601195812225342, 0.8730363249778748, 0.8872275352478027, 0.8980776071548462, 0.9086521863937378, 0.9176422357559204, 0.9258745312690735, 0.9325911998748779, 0.9371379613876343, 0.9425113201141357, 0.9506058692932129, 0.9558758735656738, 0.9618003964424133, 0.9677249193191528, 0.9753026962280273, 0.9792638421058655, 0.9815716743469238, 0.9828805923461914, 0.9841894507408142, 0.9859805107116699, 0.988081693649292, 0.9887017011642456, 0.9891840219497681, 0.9900795221328735, 0.9908716678619385, 0.9918017983436584, 0.9916295409202576, 0.9921116828918457, 0.9929383397102356], "validation_shape": [12600, 52], "kp": 0.4, "l2": 0.001, "test_accuracy": [0.19048233330249786, 0.30964741110801697, 0.3670215904712677, 0.44102343916893005, 0.5204813480377197, 0.5665106773376465, 0.615311324596405, 0.6615138649940491, 0.6748507022857666, 0.6850699186325073, 0.6952023506164551, 0.7040791511535645, 0.7183252573013306, 0.7262927293777466, 0.7345200181007385, 0.7403223514556885, 0.743093729019165, 0.743093729019165, 0.7435266971588135, 0.7438297867774963, 0.7437431812286377, 0.7433101534843445, 0.7445658445358276, 0.7453452944755554, 0.7473804950714111, 0.748333215713501, 0.7485063076019287, 0.7491991519927979, 0.7509745955467224, 0.7498054504394531, 0.749891996383667, 0.7504549026489258, 0.7513642311096191, 0.7547850608825684, 0.7527066469192505, 0.7544819712638855, 0.7542220950126648, 0.7545685172080994, 0.7559975385665894, 0.7564738392829895], "validation_accuracy": [0.11293649673461914, 0.28730159997940063, 0.381507933139801, 0.4588888883590698, 0.5442857146263123, 0.6693649291992188, 0.7265077233314514, 0.7717457413673401, 0.8018250465393066, 0.8233330249786377, 0.8416663408279419, 0.8596821427345276, 0.8742853403091431, 0.8867455720901489, 0.8960312604904175, 0.9057931900024414, 0.9139677286148071, 0.923650324344635, 0.9299201369285583, 0.9355550408363342, 0.9408724904060364, 0.9484915137290955, 0.9538090229034424, 0.9589676856994629, 0.9645232558250427, 0.9719835519790649, 0.9758724570274353, 0.9792057871818542, 0.9811899662017822, 0.9830946922302246, 0.9848406910896301, 0.9884121417999268, 0.9887296557426453, 0.9889676570892334, 0.9897613525390625, 0.9904756546020508, 0.9917454719543457, 0.991428017616272, 0.9919042587280273, 0.9923009872436523], "cfn_matrix_labels": ["Clearing Table", "Drinking Tea", "Eating", "Making Tea", "Prepping Food", "Setting Table", "Watching TV"]}