{"train_shape": [29175, 52], "test_shape": [23094, 52], "test_sparsity": 0.2588205933570862, "cfn_matrix": [[1745, 0, 235, 1807, 170, 17, 25], [12, 0, 0, 13, 8, 0, 4], [13, 0, 2833, 1061, 7, 0, 22], [28, 0, 102, 3756, 8, 0, 36], [5, 0, 0, 42, 3147, 0, 9], [341, 0, 178, 352, 0, 17, 7], [125, 0, 0, 0, 0, 0, 6969]], "train_accuracy": [0.33473870158195496, 0.5529049634933472, 0.6900429129600525, 0.788449227809906, 0.8370866775512695, 0.8777721524238586, 0.898920476436615, 0.916641116142273, 0.9300087690353394, 0.9469754099845886, 0.9588006138801575, 0.9680893421173096, 0.9748073816299438, 0.9798116683959961, 0.9845417141914368, 0.9855700731277466, 0.9887920022010803, 0.9902315139770508, 0.9903343319892883, 0.991396963596344, 0.9934535026550293, 0.9936934113502502, 0.9937276840209961, 0.9941732883453369, 0.9945845603942871, 0.9946531653404236, 0.9950987100601196, 0.9951329231262207, 0.9957499504089355, 0.996092677116394, 0.9962641000747681, 0.9966068863868713, 0.996915340423584, 0.997086763381958, 0.9973267316818237, 0.9973267316818237, 0.9974294900894165, 0.9976351261138916, 0.9977036714553833], "validation_shape": [12457, 52], "kp": 0.5, "l2": 0.001, "test_accuracy": [0.36039650440216064, 0.4488176703453064, 0.5533470511436462, 0.6542392373085022, 0.7253834009170532, 0.7392398715019226, 0.7453020215034485, 0.7504116296768188, 0.7563005685806274, 0.7613669633865356, 0.7630555629730225, 0.76561039686203, 0.7673857808113098, 0.771629273891449, 0.7709798216819763, 0.7859621047973633, 0.7834938764572144, 0.7899024486541748, 0.7947089672088623, 0.7939728498458862, 0.7893396019935608, 0.7922840714454651, 0.793539822101593, 0.7984761595726013, 0.7984761595726013, 0.7957481741905212, 0.7945789694786072, 0.7962677478790283, 0.7920675277709961, 0.7954450249671936, 0.7937563061714172, 0.7938861846923828, 0.7936697006225586, 0.7942758798599243, 0.7930635213851929, 0.794579029083252, 0.802070140838623, 0.799558699131012, 0.7996453046798706], "validation_accuracy": [0.3349924087524414, 0.5609697699546814, 0.696877121925354, 0.7892748117446899, 0.8404909372329712, 0.876213788986206, 0.8986107707023621, 0.9173151254653931, 0.929356575012207, 0.9453314542770386, 0.9581756591796875, 0.9670862555503845, 0.9735885858535767, 0.9795290231704712, 0.9838639497756958, 0.9842653274536133, 0.9885199069976807, 0.9905268549919128, 0.9902057647705078, 0.9920521378517151, 0.993657648563385, 0.9942196011543274, 0.9942196011543274, 0.9945406913757324, 0.9950223565101624, 0.9953435063362122, 0.9955843687057495, 0.9956645965576172, 0.9963067770004272, 0.9967884421348572, 0.9969490170478821, 0.9969490170478821, 0.9974306225776672, 0.9975109696388245, 0.9979925751686096, 0.9978320002555847, 0.9983136653900146, 0.9983136653900146, 0.9983136653900146], "cfn_matrix_labels": ["Clearing Table", "Drinking Tea", "Eating", "Making Tea", "Prepping Food", "Setting Table", "Watching TV"]}