{"train_shape": [29276, 52], "test_shape": [23094, 52], "test_sparsity": 0.49368351697921753, "cfn_matrix": [[2307, 3, 112, 1469, 0, 41, 67], [7, 6, 0, 23, 1, 0, 0], [5, 1, 2650, 1132, 7, 135, 6], [7, 0, 104, 3773, 8, 25, 13], [5, 88, 0, 5, 2938, 4, 163], [116, 5, 145, 191, 0, 419, 19], [66, 0, 0, 0, 0, 0, 7028]], "train_accuracy": [0.5722773671150208, 0.8325245380401611, 0.8935643434524536, 0.9253650903701782, 0.949343740940094, 0.9662518501281738, 0.9758159518241882, 0.9813836216926575, 0.9869855046272278, 0.9883517026901245, 0.9900597333908081, 0.9913235306739807, 0.9916650652885437, 0.994397759437561, 0.994739294052124, 0.9943293929100037, 0.9958665370941162, 0.9960373044013977, 0.9961739182472229, 0.9966521263122559, 0.9973011016845703, 0.9975401759147644, 0.997745156288147, 0.99808669090271, 0.9984283447265625, 0.9984283447265625, 0.998462438583374, 0.9983599185943604, 0.9984283447265625, 0.998428225517273, 0.9985649585723877, 0.998428225517273], "validation_shape": [12356, 52], "kp": 0.7, "l2": 0.001, "test_accuracy": [0.45539945363998413, 0.6606045365333557, 0.760890543460846, 0.7904220819473267, 0.8036291003227234, 0.8032826781272888, 0.8012474775314331, 0.8107304573059082, 0.8141512274742126, 0.8183948397636414, 0.8167493343353271, 0.8173121809959412, 0.8220754265785217, 0.8218156099319458, 0.8231579661369324, 0.8299562931060791, 0.826275646686554, 0.8256694078445435, 0.8271417021751404, 0.8307790160179138, 0.8278778195381165, 0.8264920711517334, 0.8298263549804688, 0.8188711404800415, 0.824067234992981, 0.826059103012085, 0.8296531438827515, 0.8296098113059998, 0.8354988694190979, 0.8323378562927246, 0.8301293849945068, 0.8279643058776855], "validation_accuracy": [0.5714634656906128, 0.8377310037612915, 0.8955977559089661, 0.9241667985916138, 0.9477181434631348, 0.9660089015960693, 0.9741021394729614, 0.9791199564933777, 0.9855135679244995, 0.9874559640884399, 0.9893174767494202, 0.9912598133087158, 0.991583526134491, 0.9940924644470215, 0.9944970607757568, 0.9942542910575867, 0.9956300258636475, 0.9959538578987122, 0.9965204000473022, 0.9962776303291321, 0.9971678256988525, 0.9973297715187073, 0.9970059990882874, 0.9978153109550476, 0.9982200264930725, 0.9980581402778625, 0.9979771375656128, 0.9983008503913879, 0.9983009099960327, 0.9983817934989929, 0.9985437393188477, 0.9984627962112427], "cfn_matrix_labels": ["Clearing Table", "Drinking Tea", "Eating", "Making Tea", "Prepping Food", "Setting Table", "Watching TV"]}