{"train_shape": [30514, 52], "test_shape": [20951, 52], "test_sparsity": 0.5360704660415649, "cfn_matrix": [[2073, 0, 131, 0, 0, 0, 0], [8, 0, 14, 319, 27, 4, 0], [1954, 0, 2242, 922, 21, 809, 0], [208, 0, 92, 2735, 8, 34, 0], [5, 0, 0, 41, 2667, 9, 0], [61, 0, 234, 36, 0, 420, 0], [87, 1, 1023, 615, 1447, 53, 2651]], "train_accuracy": [0.6040833592414856, 0.8096611499786377, 0.8759257793426514, 0.9067640900611877, 0.9292783737182617, 0.9487448334693909, 0.9655240178108215, 0.9747001528739929, 0.9820410013198853, 0.9851216077804565, 0.9898735284805298, 0.9908238649368286, 0.9926590919494629, 0.9935439229011536, 0.9943632483482361, 0.9952480792999268, 0.9959690570831299, 0.9961656928062439, 0.9965261816978455, 0.9970177412033081, 0.9976404309272766, 0.9977059960365295, 0.9980009198188782, 0.9979353547096252, 0.9983941912651062, 0.9983614087104797, 0.9984924793243408, 0.9984924793243408, 0.9984924793243408, 0.9986563324928284, 0.9987546801567078, 0.9987874627113342, 0.9986236095428467, 0.9987546801567078, 0.9987218976020813, 0.9989185333251953], "validation_shape": [13201, 52], "kp": 0.5, "l2": 0.001, "test_accuracy": [0.40919288992881775, 0.5531001091003418, 0.5710467100143433, 0.5803064107894897, 0.58393394947052, 0.584649920463562, 0.5827884078025818, 0.5866546034812927, 0.5881819725036621, 0.5923822522163391, 0.5938618779182434, 0.5961529016494751, 0.5961529016494751, 0.5980621576309204, 0.5979189276695251, 0.6014509797096252, 0.5991599559783936, 0.6023578643798828, 0.6020237803459167, 0.6035511493682861, 0.6046012043952942, 0.6045057773590088, 0.6054603457450867, 0.6032647490501404, 0.6054126024246216, 0.6038375496864319, 0.6039329767227173, 0.6022146940231323, 0.6025965213775635, 0.6040284633636475, 0.6045057773590088, 0.6043148040771484, 0.6029783487319946, 0.6054126024246216, 0.607703685760498, 0.6103765964508057], "validation_accuracy": [0.604954183101654, 0.8125141859054565, 0.8804636001586914, 0.9078857898712158, 0.9297780394554138, 0.95030677318573, 0.9652299284934998, 0.9745473861694336, 0.9798499941825867, 0.9843193888664246, 0.98924320936203, 0.9897735118865967, 0.9917430281639099, 0.9922733306884766, 0.993030846118927, 0.9939398765563965, 0.9945458769798279, 0.9948488473892212, 0.9956064224243164, 0.9960609078407288, 0.9966669082641602, 0.9969699382781982, 0.9971972107887268, 0.9974244236946106, 0.9978032112121582, 0.9979547262191772, 0.9981061816215515, 0.998030424118042, 0.9981061816215515, 0.9981061816215515, 0.9982576966285706, 0.9983334541320801, 0.998181939125061, 0.9984092116355896, 0.9983334541320801, 0.9984092116355896], "cfn_matrix_labels": ["Clearing Table", "Drinking Tea", "Eating", "Making Tea", "Prepping Food", "Setting Table", "Watching TV"]}