{"train_shape": [29072, 52], "test_shape": [23094, 52], "test_sparsity": 0.7432011365890503, "cfn_matrix": [[1443, 0, 344, 1978, 0, 127, 107], [7, 0, 0, 18, 8, 0, 4], [5, 0, 2835, 1034, 7, 44, 11], [7, 0, 86, 3802, 8, 7, 20], [5, 0, 0, 9, 3154, 0, 35], [66, 0, 96, 279, 0, 447, 7], [48, 0, 73, 7, 0, 0, 6966]], "train_accuracy": [0.7315292954444885, 0.8906863331794739, 0.9319977164268494, 0.9593781232833862, 0.9780559539794922, 0.985554575920105, 0.9887878894805908, 0.9914366006851196, 0.9922964572906494, 0.9942570924758911, 0.995082676410675, 0.9954267144203186, 0.9959081411361694, 0.9962866306304932, 0.9961490035057068, 0.9966650009155273, 0.9966650009155273, 0.9967681169509888, 0.9968713521957397, 0.9969057440757751, 0.9970777630805969, 0.9970089793205261, 0.9970089793205261, 0.9970089197158813, 0.9970433115959167, 0.9970433115959167, 0.9971466064453125, 0.9971120953559875], "validation_shape": [12560, 52], "kp": 0.5, "l2": 0.001, "test_accuracy": [0.5897201299667358, 0.7463412880897522, 0.8062270879745483, 0.8148007392883301, 0.8179184794425964, 0.8250198364257812, 0.8258858919143677, 0.8257992267608643, 0.8294366598129272, 0.832554280757904, 0.8341131210327148, 0.831774890422821, 0.8334636688232422, 0.83779376745224, 0.8358885645866394, 0.8365814089775085, 0.8353256583213806, 0.8294366002082825, 0.8235043287277222, 0.820473313331604, 0.8225084543228149, 0.8222053050994873, 0.8177019357681274, 0.816056489944458, 0.8118562698364258, 0.8142379522323608, 0.8093448281288147, 0.8074395060539246], "validation_accuracy": [0.7254776954650879, 0.8861465454101562, 0.9295382499694824, 0.9577229619026184, 0.9757165908813477, 0.9829618334770203, 0.9855095744132996, 0.9895700812339783, 0.990525484085083, 0.9927547574043274, 0.9934713244438171, 0.9941878914833069, 0.9947451949119568, 0.9950636625289917, 0.9949840307235718, 0.9951432943344116, 0.9955414533615112, 0.9959394931793213, 0.9965764880180359, 0.9965765476226807, 0.9965764880180359, 0.996735692024231, 0.9968153238296509, 0.996735692024231, 0.9968949556350708, 0.9966561794281006, 0.9966561198234558, 0.9967357516288757], "cfn_matrix_labels": ["Clearing Table", "Drinking Tea", "Eating", "Making Tea", "Prepping Food", "Setting Table", "Watching TV"]}