{"train_shape": [29032, 52], "test_shape": [23094, 52], "test_sparsity": 0.08016306161880493, "cfn_matrix": [[2300, 0, 324, 1246, 0, 55, 74], [14, 0, 0, 11, 8, 0, 4], [13, 0, 3555, 338, 7, 1, 22], [85, 3, 237, 3561, 8, 0, 36], [77, 0, 4, 70, 2711, 0, 341], [19, 0, 206, 270, 0, 370, 30], [56, 0, 43, 9, 0, 0, 6986]], "train_accuracy": [0.31516939401626587, 0.33835068345069885, 0.40717124938964844, 0.530552327632904, 0.6307176351547241, 0.7063927054405212, 0.7799322605133057, 0.8345271348953247, 0.8569506406784058, 0.8689373135566711, 0.8797874450683594, 0.8878130912780762, 0.8942886590957642, 0.9008676409721375, 0.9059655070304871, 0.913681149482727, 0.9217411875724792, 0.9290778636932373, 0.9354501366615295, 0.9403068423271179, 0.946196973323822, 0.9521903395652771, 0.9579769968986511, 0.964314877986908, 0.9689304828643799, 0.9737870693206787, 0.9767149686813354, 0.9791949391365051, 0.981916069984436, 0.9832249879837036, 0.9852227568626404, 0.9870827794075012, 0.9883917570114136, 0.9899417161941528, 0.9905273914337158, 0.9917673468589783, 0.9928350448608398, 0.9932484030723572, 0.9936617612838745, 0.994109570980072], "validation_shape": [12600, 52], "kp": 0.7, "l2": 0.001, "test_accuracy": [0.31298157572746277, 0.32900306582450867, 0.36554932594299316, 0.42738357186317444, 0.4897806942462921, 0.552351176738739, 0.6186022162437439, 0.6865420937538147, 0.7265958786010742, 0.7527065873146057, 0.7681652307510376, 0.7805060148239136, 0.7889931201934814, 0.796787440776825, 0.804538369178772, 0.8112067580223083, 0.8164029121398926, 0.8200836181640625, 0.8237208724021912, 0.8281375765800476, 0.8310821056365967, 0.833247184753418, 0.8345462083816528, 0.8348492383956909, 0.8355854749679565, 0.8366246223449707, 0.8361050486564636, 0.8364081382751465, 0.8379669189453125, 0.8383134007453918, 0.840002179145813, 0.8408682346343994, 0.8417342305183411, 0.841994047164917, 0.8426435589790344, 0.8422971367835999, 0.8423404097557068, 0.8427302241325378, 0.8436395525932312, 0.8436395525932312], "validation_accuracy": [0.3152381479740143, 0.33722221851348877, 0.40396827459335327, 0.5246031880378723, 0.6270633339881897, 0.7025395035743713, 0.7762695550918579, 0.8312695026397705, 0.85174560546875, 0.8649202585220337, 0.8753964304924011, 0.884364664554596, 0.8911899924278259, 0.8973804712295532, 0.9050788879394531, 0.9146026968955994, 0.9224599003791809, 0.9299995303153992, 0.9371423125267029, 0.9412693381309509, 0.9464280009269714, 0.9529359936714172, 0.9589677453041077, 0.9635708928108215, 0.9666661024093628, 0.970634400844574, 0.9738090634346008, 0.9759518504142761, 0.9789677262306213, 0.9797613024711609, 0.9831739664077759, 0.9849201440811157, 0.9865867495536804, 0.988015353679657, 0.9890470504760742, 0.990158200263977, 0.9909518361091614, 0.9915866851806641, 0.9922217130661011, 0.9926185607910156], "cfn_matrix_labels": ["Clearing Table", "Drinking Tea", "Eating", "Making Tea", "Prepping Food", "Setting Table", "Watching TV"]}