{"train_shape": [29276, 52], "test_shape": [23094, 52], "test_sparsity": 0.48346078395843506, "cfn_matrix": [[1787, 0, 354, 1281, 0, 101, 476], [12, 0, 0, 13, 8, 0, 4], [13, 0, 2349, 1141, 7, 411, 15], [43, 0, 140, 3694, 8, 12, 33], [5, 0, 0, 1, 3148, 9, 40], [171, 0, 193, 177, 0, 341, 13], [51, 0, 160, 0, 0, 0, 6883]], "train_accuracy": [0.6567493081092834, 0.8081701993942261, 0.8764172196388245, 0.9165524244308472, 0.9414533376693726, 0.9626994132995605, 0.9770114421844482, 0.9843212366104126, 0.9876002669334412, 0.9901279807090759, 0.9918016791343689, 0.9920066595077515, 0.9937145113945007, 0.9941928386688232, 0.9931679964065552, 0.9944660067558289, 0.9946709275245667, 0.9955250024795532, 0.9952858090400696, 0.9955590963363647, 0.9957298636436462, 0.9962422847747803, 0.996583878993988, 0.9970620274543762, 0.996925413608551, 0.9976085424423218, 0.9974719285964966, 0.9973351955413818, 0.9979841709136963, 0.99808669090271, 0.99808669090271, 0.9982233643531799, 0.9983600378036499, 0.9984283447265625, 0.9985990524291992], "validation_shape": [12356, 52], "kp": 0.5, "l2": 0.001, "test_accuracy": [0.552177906036377, 0.6762796640396118, 0.7133023738861084, 0.7307528257369995, 0.7499353289604187, 0.7596781253814697, 0.76561039686203, 0.774400532245636, 0.7837104201316833, 0.7899457216262817, 0.7907685041427612, 0.7940593957901001, 0.7936696410179138, 0.7936264276504517, 0.8011608123779297, 0.7987359762191772, 0.7989092469215393, 0.7943625450134277, 0.7994287610054016, 0.801334023475647, 0.800121545791626, 0.794795572757721, 0.7979564666748047, 0.794579029083252, 0.7981730699539185, 0.7921541929244995, 0.7962678074836731, 0.7955750226974487, 0.7904220223426819, 0.793756365776062, 0.7932800054550171, 0.7915046215057373, 0.796094536781311, 0.7906818985939026, 0.7881704568862915], "validation_accuracy": [0.6625933647155762, 0.8165267705917358, 0.8813537359237671, 0.9179350137710571, 0.9432668089866638, 0.9621241688728333, 0.9762064218521118, 0.9840568900108337, 0.9877797365188599, 0.9897220730781555, 0.9920691251754761, 0.9923118948936462, 0.9940925240516663, 0.9944161772727966, 0.9936068654060364, 0.9951446056365967, 0.9951445460319519, 0.995630145072937, 0.995872974395752, 0.9961157441139221, 0.9966012835502625, 0.9966822862625122, 0.9968441724777222, 0.9974916577339172, 0.9974106550216675, 0.9977344274520874, 0.9978153705596924, 0.9977343678474426, 0.9980581402778625, 0.9981390833854675, 0.9982199668884277, 0.9983817934989929, 0.9988674521446228, 0.9987056255340576, 0.9986246228218079], "cfn_matrix_labels": ["Clearing Table", "Drinking Tea", "Eating", "Making Tea", "Prepping Food", "Setting Table", "Watching TV"]}