{"train_shape": [28140, 52], "test_shape": [24059, 52], "test_sparsity": 0.5187832117080688, "cfn_matrix": [[90, 0, 0, 0, 0, 3386, 1389], [0, 0, 0, 0, 8, 711, 91], [0, 0, 55, 0, 7, 4179, 1056], [0, 0, 0, 0, 8, 2716, 131], [0, 0, 0, 0, 1970, 14, 5], [13, 0, 0, 0, 0, 1535, 7], [0, 0, 0, 0, 0, 21, 6667]], "train_accuracy": [0.5855365991592407, 0.7927150130271912, 0.8691897392272949, 0.9083155393600464, 0.9328358173370361, 0.9465884566307068, 0.9556503295898438, 0.9635394215583801, 0.9722103476524353, 0.9792821407318115, 0.9830490350723267, 0.9851812124252319, 0.9877753853797913, 0.9890902638435364, 0.9906893968582153, 0.9914712309837341, 0.9923241138458252, 0.9930703639984131, 0.9936744570732117, 0.9939942955970764, 0.9945984482765198, 0.9948116540908813, 0.995060384273529, 0.9952736496925354, 0.9958066940307617, 0.9959132671356201, 0.9961620569229126, 0.9961975812911987, 0.9965529441833496, 0.9966951012611389, 0.9969794154167175, 0.997157096862793, 0.9971926212310791, 0.9970149397850037, 0.9971926212310791, 0.9974768757820129, 0.9972991943359375, 0.99754798412323, 0.9972636699676514, 0.9976901412010193], "validation_shape": [12291, 52], "kp": 0.4, "l2": 0.001, "test_accuracy": [0.39186999201774597, 0.3126896321773529, 0.3496820330619812, 0.36688971519470215, 0.399975061416626, 0.40837109088897705, 0.41423168778419495, 0.4214223325252533, 0.43227067589759827, 0.44698449969291687, 0.4532191753387451, 0.4583316147327423, 0.4605760872364044, 0.45504799485206604, 0.45571303367614746, 0.458622545003891, 0.4400847852230072, 0.4370090067386627, 0.4385884702205658, 0.43883785605430603, 0.4368843138217926, 0.4386715888977051, 0.4383806586265564, 0.4386715888977051, 0.4380896985530853, 0.43414106965065, 0.43522173166275024, 0.43493080139160156, 0.4360530376434326, 0.43576207756996155, 0.43364229798316956, 0.43405795097351074, 0.43243691325187683, 0.4331435263156891, 0.430732786655426, 0.42961055040359497, 0.43044182658195496, 0.4291117787361145, 0.43010932207107544, 0.42882081866264343], "validation_accuracy": [0.5920592546463013, 0.7997722029685974, 0.869253933429718, 0.906923770904541, 0.9331218004226685, 0.9457326531410217, 0.9562281370162964, 0.9631437659263611, 0.9710357189178467, 0.9766495823860168, 0.979659914970398, 0.982670247554779, 0.9852737784385681, 0.9870637059211731, 0.9890977144241333, 0.989829957485199, 0.9912130832672119, 0.9918639659881592, 0.9925962090492249, 0.9930030107498169, 0.9934911727905273, 0.9936538934707642, 0.9938979744911194, 0.994223415851593, 0.9947115778923035, 0.9947929382324219, 0.9949556589126587, 0.9951997399330139, 0.9955251812934875, 0.9955251812934875, 0.9959319829940796, 0.9956879019737244, 0.9958506226539612, 0.996013343334198, 0.9960947036743164, 0.9965015053749084, 0.9965015053749084, 0.9966642260551453, 0.9962574243545532, 0.9967455863952637], "cfn_matrix_labels": ["Clearing Table", "Drinking Tea", "Eating", "Making Tea", "Prepping Food", "Setting Table", "Watching TV"]}