{"train_shape": [30514, 52], "test_shape": [20951, 52], "test_sparsity": 0.31881648302078247, "cfn_matrix": [[2068, 0, 130, 6, 0, 0, 0], [68, 0, 14, 258, 28, 4, 0], [1437, 0, 2173, 877, 22, 1439, 0], [276, 0, 72, 2634, 30, 65, 0], [4, 0, 0, 38, 2670, 10, 0], [49, 0, 96, 7, 0, 599, 0], [275, 22, 942, 1131, 280, 5, 3222]], "train_accuracy": [0.6675952076911926, 0.8259814977645874, 0.8785803318023682, 0.9049944281578064, 0.936684787273407, 0.955823540687561, 0.9662449955940247, 0.9718162417411804, 0.9784688949584961, 0.9824670553207397, 0.9860392212867737, 0.9885626435279846, 0.9902340173721313, 0.9919708967208862, 0.9927574396133423, 0.9933472871780396, 0.9943304657936096, 0.9948548078536987, 0.9956413507461548, 0.9965589642524719, 0.9967228174209595, 0.9968538880348206, 0.9969522356987, 0.9974437952041626, 0.9977387189865112, 0.9979681372642517, 0.9982631206512451, 0.9982958436012268, 0.9984924793243408, 0.9985580444335938, 0.9987546801567078, 0.9987874627113342, 0.9988201856613159, 0.9990496039390564, 0.9990168213844299, 0.9990823864936829, 0.9988529682159424], "validation_shape": [13201, 52], "kp": 0.4, "l2": 0.001, "test_accuracy": [0.38752326369285583, 0.48608657717704773, 0.5263233184814453, 0.558732271194458, 0.5758197903633118, 0.5771562457084656, 0.5773949027061462, 0.5772994160652161, 0.5845066905021667, 0.591284453868866, 0.5987303853034973, 0.6007827520370483, 0.6046489477157593, 0.6088492274284363, 0.6113789081573486, 0.6128585934638977, 0.6105675101280212, 0.6187771558761597, 0.623454749584198, 0.6138131618499756, 0.6226432919502258, 0.623741090297699, 0.6305188536643982, 0.625507116317749, 0.6282755136489868, 0.627941370010376, 0.6283709406852722, 0.628657341003418, 0.6331440210342407, 0.6279891133308411, 0.6333349347114563, 0.6337645053863525, 0.6315689086914062, 0.6347191333770752, 0.6359601020812988, 0.6391580104827881, 0.6379647850990295], "validation_accuracy": [0.6656314134597778, 0.8276645541191101, 0.8781910538673401, 0.9051586985588074, 0.9361411929130554, 0.9542458653450012, 0.9642451405525208, 0.9696992635726929, 0.9782592058181763, 0.982122540473938, 0.985076904296875, 0.9878039360046387, 0.9896977543830872, 0.9914400577545166, 0.992197573184967, 0.9928035736083984, 0.9937883615493774, 0.9939398765563965, 0.9946973919868469, 0.9953033924102783, 0.9961366653442383, 0.9959851503372192, 0.9962881803512573, 0.9970456957817078, 0.9972729086875916, 0.9978032112121582, 0.998030424118042, 0.9981061816215515, 0.9981061816215515, 0.9984092116355896, 0.9982576966285706, 0.9984849691390991, 0.9987122416496277, 0.998863697052002, 0.9986364841461182, 0.9986364841461182, 0.9987879991531372], "cfn_matrix_labels": ["Clearing Table", "Drinking Tea", "Eating", "Making Tea", "Prepping Food", "Setting Table", "Watching TV"]}