{"train_shape": [30514, 52], "test_shape": [20951, 52], "test_sparsity": 0.5467087626457214, "cfn_matrix": [[2031, 0, 151, 13, 0, 9, 0], [120, 0, 11, 184, 50, 7, 0], [995, 0, 3323, 345, 13, 1272, 0], [245, 0, 90, 2669, 41, 30, 2], [2, 0, 0, 18, 2685, 12, 5], [24, 0, 178, 22, 0, 520, 7], [149, 9, 1007, 627, 802, 8, 3275]], "train_accuracy": [0.4880710542201996, 0.785934329032898, 0.8806449770927429, 0.9122042059898376, 0.9342597126960754, 0.9583142399787903, 0.9703087210655212, 0.9795175790786743, 0.9836468696594238, 0.9861375093460083, 0.9884642958641052, 0.9901684522628784, 0.9910860657691956, 0.9915448427200317, 0.9930195808410645, 0.9936094880104065, 0.9941338300704956, 0.9944943189620972, 0.9951170086860657, 0.9956413507461548, 0.9960674047470093, 0.9961656928062439, 0.9964278936386108, 0.9968538880348206, 0.9967228174209595, 0.9971815943717957, 0.9975093603134155, 0.997279942035675, 0.9978698492050171, 0.9980337023735046, 0.9980992078781128, 0.9982303380966187, 0.9983286261558533, 0.9984269738197327], "validation_shape": [13201, 52], "kp": 0.4, "l2": 0.001, "test_accuracy": [0.36986300349235535, 0.5180182456970215, 0.6055080890655518, 0.6554818153381348, 0.675862729549408, 0.689179539680481, 0.7000142931938171, 0.6999188661575317, 0.7012075781822205, 0.6965777277946472, 0.6980096697807312, 0.70106440782547, 0.7028781175613403, 0.7023531198501587, 0.6987733244895935, 0.6971027851104736, 0.6914705634117126, 0.6930456757545471, 0.6905159950256348, 0.6914228200912476, 0.6936184167861938, 0.6940479874610901, 0.6923774480819702, 0.6933320760726929, 0.692663848400116, 0.6949548721313477, 0.6936661601066589, 0.693379819393158, 0.6927592754364014, 0.6944776177406311, 0.6908500790596008, 0.691231906414032, 0.6914705634117126, 0.6922342777252197], "validation_accuracy": [0.49231117963790894, 0.7947125434875488, 0.8813726305961609, 0.9113703370094299, 0.934398889541626, 0.9581092596054077, 0.9686387181282043, 0.9784864783287048, 0.9833346009254456, 0.9855313897132874, 0.9878796935081482, 0.9896219968795776, 0.9905310273170471, 0.9912885427474976, 0.9922733306884766, 0.9932580590248108, 0.993182361125946, 0.9934853315353394, 0.9942428469657898, 0.9949246048927307, 0.9956821203231812, 0.9954549074172974, 0.9958336353302002, 0.9961366653442383, 0.9956064224243164, 0.9963639378547668, 0.9967426657676697, 0.9966669082641602, 0.9970456957817078, 0.9970456957817078, 0.9972729086875916, 0.9973486661911011, 0.9976516962051392, 0.9976516962051392], "cfn_matrix_labels": ["Clearing Table", "Drinking Tea", "Eating", "Making Tea", "Prepping Food", "Setting Table", "Watching TV"]}