{"train_shape": [30514, 52], "test_shape": [20951, 52], "test_sparsity": 0.5399767160415649, "cfn_matrix": [[2051, 0, 152, 0, 0, 1, 0], [7, 0, 18, 339, 8, 0, 0], [1750, 0, 2639, 394, 7, 1158, 0], [194, 0, 121, 2679, 51, 30, 2], [1, 0, 0, 0, 2703, 13, 5], [52, 0, 160, 17, 0, 520, 2], [153, 0, 1236, 917, 588, 13, 2970]], "train_accuracy": [0.5195320248603821, 0.802025318145752, 0.8554434180259705, 0.8927377462387085, 0.9235432744026184, 0.9427148103713989, 0.9588057994842529, 0.9707674980163574, 0.9724388718605042, 0.981188952922821, 0.9848594069480896, 0.9873500466346741, 0.9879399538040161, 0.9898079633712769, 0.9904961585998535, 0.9915448427200317, 0.9925935864448547, 0.993838906288147, 0.9941993951797485, 0.9948220252990723, 0.9950842261314392, 0.9957396388053894, 0.9958052039146423, 0.9962639808654785, 0.9963623285293579, 0.996886670589447, 0.9970177412033081, 0.9972143769264221, 0.9973782300949097, 0.9974765777587891, 0.9976404309272766, 0.9977387189865112, 0.9978698492050171, 0.9979681372642517, 0.9980337023735046, 0.9980992078781128, 0.9980664849281311, 0.9982958436012268, 0.9982631206512451], "validation_shape": [13201, 52], "kp": 0.7, "l2": 0.001, "test_accuracy": [0.41573193669319153, 0.48794806003570557, 0.5396401286125183, 0.5722877383232117, 0.5883251428604126, 0.6019760370254517, 0.6126676797866821, 0.6201136112213135, 0.6285618543624878, 0.6306142807006836, 0.6340985894203186, 0.6365805864334106, 0.6378692984580994, 0.6373443007469177, 0.6370101571083069, 0.6413059234619141, 0.6426423788070679, 0.6429287195205688, 0.6452675461769104, 0.644742488861084, 0.6492291688919067, 0.6455538868904114, 0.6483222842216492, 0.6484177112579346, 0.6495155096054077, 0.6494200825691223, 0.6492291688919067, 0.6504223942756653, 0.6509474515914917, 0.6498973965644836, 0.6487995982170105, 0.6478449702262878, 0.6474153995513916, 0.6475108861923218, 0.6477017998695374, 0.6458402872085571, 0.6474153995513916, 0.6460312008857727, 0.6473199129104614], "validation_accuracy": [0.5213241577148438, 0.8047875165939331, 0.8582683205604553, 0.8962199687957764, 0.9231876134872437, 0.943489134311676, 0.9598515033721924, 0.9712142944335938, 0.9728050827980042, 0.9809105396270752, 0.9846223592758179, 0.9872736930847168, 0.9875009655952454, 0.9891675114631653, 0.9898492693901062, 0.9906825423240662, 0.9916672706604004, 0.993030846118927, 0.9937126040458679, 0.9945458769798279, 0.9945458769798279, 0.9950761198997498, 0.9953791499137878, 0.9953033924102783, 0.9955306649208069, 0.9959093928337097, 0.9962124228477478, 0.9963639378547668, 0.9963639378547668, 0.9965153932571411, 0.9964396357536316, 0.9967426657676697, 0.9969699382781982, 0.9971214532852173, 0.9972729086875916, 0.9971972107887268, 0.9975001811981201, 0.9976516962051392, 0.9976516962051392], "cfn_matrix_labels": ["Clearing Table", "Drinking Tea", "Eating", "Making Tea", "Prepping Food", "Setting Table", "Watching TV"]}