{"train_shape": [29276, 52], "test_shape": [23094, 52], "test_sparsity": 0.2444314956665039, "cfn_matrix": [[2033, 0, 333, 1499, 17, 101, 16], [7, 0, 0, 18, 8, 0, 4], [5, 1, 2602, 998, 7, 301, 22], [9, 0, 137, 3695, 8, 37, 44], [5, 0, 0, 0, 2999, 9, 190], [102, 2, 84, 209, 0, 482, 16], [77, 0, 32, 19, 0, 0, 6966]], "train_accuracy": [0.5701596736907959, 0.7918769121170044, 0.8449238538742065, 0.8856738805770874, 0.9170989394187927, 0.9451082944869995, 0.9642706513404846, 0.9769090414047241, 0.9851410388946533, 0.9894106984138489, 0.9922457933425903, 0.9935095906257629, 0.9938170909881592, 0.9950125813484192, 0.995593249797821, 0.9961056113243103, 0.9966180324554443, 0.996788740158081, 0.9968912601470947, 0.9972327947616577, 0.9972668886184692, 0.9969936609268188, 0.997403621673584, 0.9972327947616577, 0.9975744485855103, 0.997403621673584, 0.9977450370788574, 0.9979159235954285, 0.9979159235954285, 0.9978134036064148], "validation_shape": [12356, 52], "kp": 0.7, "l2": 0.001, "test_accuracy": [0.43669331073760986, 0.6205507516860962, 0.6822985410690308, 0.7496755123138428, 0.7787740230560303, 0.7866115570068359, 0.7873044013977051, 0.7930635213851929, 0.7947956323623657, 0.7961812019348145, 0.800121545791626, 0.8017669916152954, 0.8054043650627136, 0.8032393455505371, 0.8031959533691406, 0.8047548532485962, 0.80354243516922, 0.8117696046829224, 0.8081756830215454, 0.8132420182228088, 0.812635600566864, 0.8116397857666016, 0.8103840947151184, 0.8081756234169006, 0.812289297580719, 0.8109469413757324, 0.8119861483573914, 0.8180050849914551, 0.8127223253250122, 0.813068687915802], "validation_accuracy": [0.5709779262542725, 0.7949987649917603, 0.8473620414733887, 0.8876662850379944, 0.9163163900375366, 0.9434287548065186, 0.9625288844108582, 0.9757207632064819, 0.9852707982063293, 0.9898840188980103, 0.9917453527450562, 0.9932830333709717, 0.9936877489089966, 0.9947398900985718, 0.9954683184623718, 0.995792031288147, 0.9964394569396973, 0.9970059990882874, 0.9974915981292725, 0.9977344274520874, 0.9978962540626526, 0.9974106550216675, 0.9979772567749023, 0.9976533651351929, 0.9979771971702576, 0.9977344274520874, 0.9983009099960327, 0.9983818531036377, 0.9983818531036377, 0.9983008503913879], "cfn_matrix_labels": ["Clearing Table", "Drinking Tea", "Eating", "Making Tea", "Prepping Food", "Setting Table", "Watching TV"]}