{"train_shape": [28140, 52], "test_shape": [24059, 52], "test_sparsity": 0.5407247543334961, "cfn_matrix": [[97, 0, 0, 0, 0, 4303, 465], [0, 0, 0, 0, 8, 727, 75], [0, 0, 6, 0, 7, 5039, 245], [0, 0, 0, 0, 8, 2847, 0], [0, 0, 0, 0, 1970, 19, 0], [0, 0, 0, 0, 0, 1555, 0], [0, 0, 0, 0, 0, 101, 6587]], "train_accuracy": [0.6363894939422607, 0.8100213408470154, 0.8805969953536987, 0.9132906794548035, 0.9381663203239441, 0.9559345841407776, 0.9667377471923828, 0.9761549234390259, 0.9806325435638428, 0.9852878451347351, 0.9878820180892944, 0.989694356918335, 0.9904406666755676, 0.9920753240585327, 0.9927150011062622, 0.993425726890564, 0.9942430853843689, 0.9939587712287903, 0.9945273399353027, 0.9946339726448059, 0.9948471784591675, 0.99509596824646, 0.9953802227973938, 0.9955579042434692, 0.9957355856895447, 0.9960554242134094, 0.9960554242134094, 0.996268630027771, 0.9963752627372742, 0.9966240525245667, 0.9965174198150635, 0.9967661499977112, 0.9970504641532898, 0.997157096862793, 0.9972281455993652, 0.9974413514137268, 0.9974768757820129, 0.9975835084915161, 0.9976901412010193], "validation_shape": [12291, 52], "kp": 0.7, "l2": 0.001, "test_accuracy": [0.3610706925392151, 0.36402177810668945, 0.4304002523422241, 0.4417057931423187, 0.4592460095882416, 0.4772849977016449, 0.4722557067871094, 0.4554636478424072, 0.44802361726760864, 0.43513861298561096, 0.43609461188316345, 0.43193814158439636, 0.43181344866752625, 0.42902863025665283, 0.43023401498794556, 0.42466437816619873, 0.42607754468917847, 0.425578773021698, 0.4245396852493286, 0.42711666226387024, 0.42616069316864014, 0.4265347719192505, 0.4267425835132599, 0.42628538608551025, 0.42641007900238037, 0.4267425835132599, 0.42757388949394226, 0.4272829294204712, 0.42690885066986084, 0.42532938718795776, 0.4277401268482208, 0.4252462685108185, 0.42541253566741943, 0.4244149923324585, 0.4251631498336792, 0.42478907108306885, 0.42445653676986694, 0.4247059226036072, 0.42458122968673706], "validation_accuracy": [0.6341225504875183, 0.8147425055503845, 0.8838987946510315, 0.9140021204948425, 0.9380847811698914, 0.9536246061325073, 0.9644455313682556, 0.9743714928627014, 0.9790903925895691, 0.9843788146972656, 0.9870637059211731, 0.9887722730636597, 0.9896672368049622, 0.9912944436073303, 0.9918639659881592, 0.9926775693893433, 0.9928402900695801, 0.9931657314300537, 0.9934911727905273, 0.9936538934707642, 0.993816614151001, 0.9939793348312378, 0.9945488572120667, 0.994223415851593, 0.9944674968719482, 0.9947115778923035, 0.9946302175521851, 0.9951183795928955, 0.9951997399330139, 0.9953624606132507, 0.9952811002731323, 0.9957692623138428, 0.9958506226539612, 0.9961760640144348, 0.996013343334198, 0.9963387846946716, 0.9966642260551453, 0.9967455863952637, 0.9967455863952637], "cfn_matrix_labels": ["Clearing Table", "Drinking Tea", "Eating", "Making Tea", "Prepping Food", "Setting Table", "Watching TV"]}