{"train_shape": [28140, 52], "test_shape": [24059, 52], "test_sparsity": 0.544298529624939, "cfn_matrix": [[183, 0, 0, 0, 0, 4167, 515], [0, 0, 0, 0, 8, 659, 143], [0, 0, 0, 0, 7, 5081, 209], [0, 0, 0, 0, 8, 2830, 17], [0, 0, 0, 0, 1970, 19, 0], [35, 0, 0, 0, 0, 1520, 0], [0, 0, 0, 0, 0, 87, 6601]], "train_accuracy": [0.6041933298110962, 0.7944563031196594, 0.8805969953536987, 0.9097370505332947, 0.9318052530288696, 0.9538379311561584, 0.9676972031593323, 0.9756218791007996, 0.9799573421478271, 0.9839019179344177, 0.985643208026886, 0.9871712923049927, 0.9889125823974609, 0.9904051423072815, 0.9912935495376587, 0.9922530055046082, 0.9928926825523376, 0.9932480454444885, 0.993816614151001, 0.9941364526748657, 0.9944207668304443, 0.9949538111686707, 0.9949538111686707, 0.9957000613212585, 0.9956645369529724, 0.9957711696624756, 0.9960554242134094, 0.9961265325546265, 0.9963752627372742, 0.9964463114738464, 0.9963042140007019, 0.9964107871055603, 0.9964818954467773, 0.9965529441833496, 0.9966595768928528, 0.9969083070755005, 0.996730625629425], "validation_shape": [12291, 52], "kp": 0.4, "l2": 0.001, "test_accuracy": [0.31422752141952515, 0.5585020184516907, 0.639594316482544, 0.6742591261863708, 0.6768361330032349, 0.6237998008728027, 0.535392165184021, 0.49964669346809387, 0.4824390113353729, 0.47296229004859924, 0.4654806852340698, 0.4619061350822449, 0.45816534757614136, 0.4536348283290863, 0.4504343569278717, 0.4462778866291046, 0.4446984529495239, 0.444532185792923, 0.4379650056362152, 0.4369674623012543, 0.43563738465309143, 0.43468141555786133, 0.4358036518096924, 0.4323122203350067, 0.4335591793060303, 0.4321875274181366, 0.4306080937385559, 0.43064963817596436, 0.43077436089515686, 0.42948585748672485, 0.4300677478313446, 0.42956897616386414, 0.4293195903301239, 0.4282388985157013, 0.42840516567230225, 0.4274076223373413, 0.42703354358673096], "validation_accuracy": [0.6054837107658386, 0.7940769791603088, 0.8828411102294922, 0.9096086621284485, 0.9309250712394714, 0.9528923630714417, 0.9669677019119263, 0.9737206101417542, 0.978683590888977, 0.982263445854187, 0.9842160940170288, 0.9860060214996338, 0.9883654713630676, 0.9897485971450806, 0.9903994798660278, 0.9906435608863831, 0.9913758039474487, 0.9917826056480408, 0.9926775693893433, 0.9928402900695801, 0.9932470917701721, 0.9936538934707642, 0.9935725331306458, 0.9940606951713562, 0.9938979744911194, 0.994223415851593, 0.9943861365318298, 0.9944674968719482, 0.9948742985725403, 0.9951997399330139, 0.9948742985725403, 0.9950370192527771, 0.9951183795928955, 0.9952811002731323, 0.9954438209533691, 0.9961760640144348, 0.996013343334198], "cfn_matrix_labels": ["Clearing Table", "Drinking Tea", "Eating", "Making Tea", "Prepping Food", "Setting Table", "Watching TV"]}