{"train_shape": [29032, 52], "test_shape": [23094, 52], "test_sparsity": 0.11345106363296509, "cfn_matrix": [[1346, 2, 137, 1617, 4, 0, 893], [12, 0, 0, 12, 0, 0, 13], [10, 183, 3195, 242, 0, 34, 272], [36, 0, 81, 3748, 0, 0, 65], [5, 2, 0, 113, 2728, 7, 348], [227, 59, 108, 194, 0, 257, 50], [0, 0, 198, 31, 0, 0, 6865]], "train_accuracy": [0.19175390899181366, 0.2563377916812897, 0.3286028206348419, 0.4420982599258423, 0.5845272541046143, 0.6763224005699158, 0.7343274354934692, 0.7790710926055908, 0.8132057785987854, 0.8377304673194885, 0.8599473237991333, 0.8757575154304504, 0.8852986097335815, 0.89449542760849, 0.9020386934280396, 0.9089966416358948, 0.9155755639076233, 0.9199844598770142, 0.9253922700881958, 0.9293534755706787, 0.9335901737213135, 0.9384468793869019, 0.9440958499908447, 0.9534304141998291, 0.9596992135047913, 0.9646248817443848, 0.9673804044723511, 0.9748204946517944, 0.9774726629257202, 0.9819161295890808, 0.9847750663757324, 0.9853606224060059, 0.9877028465270996, 0.9886672496795654, 0.9891151189804077, 0.9892528057098389, 0.9899072647094727, 0.9904584288597107, 0.9904583692550659, 0.9910439848899841], "validation_shape": [12600, 52], "kp": 0.5, "l2": 0.001, "test_accuracy": [0.09309776872396469, 0.147700697183609, 0.2711525857448578, 0.36637207865715027, 0.41911301016807556, 0.46691757440567017, 0.5386679172515869, 0.5904996395111084, 0.6196414232254028, 0.6418117880821228, 0.6488265991210938, 0.6564909219741821, 0.664588212966919, 0.6716031432151794, 0.6800901293754578, 0.6894433498382568, 0.6989262700080872, 0.7100114226341248, 0.712609589099884, 0.7228286266326904, 0.7281113266944885, 0.7327879667282104, 0.7413616180419922, 0.7469907999038696, 0.756863534450531, 0.7598512768745422, 0.7645711898803711, 0.766606330871582, 0.7680785655975342, 0.7701137065887451, 0.7718024849891663, 0.7721489071846008, 0.7730582356452942, 0.7748768925666809, 0.7774316668510437, 0.7795534133911133, 0.7809391021728516, 0.7826278805732727, 0.7845331430435181, 0.7854424118995667], "validation_accuracy": [0.1884920597076416, 0.24698413908481598, 0.3192063570022583, 0.4402380883693695, 0.5871427655220032, 0.6775394678115845, 0.7356346845626831, 0.7792853713035583, 0.8142059445381165, 0.8353171348571777, 0.8576186895370483, 0.8742058873176575, 0.8849201202392578, 0.894364595413208, 0.9007138013839722, 0.9080947637557983, 0.9143645763397217, 0.9192851781845093, 0.9243645668029785, 0.9277772903442383, 0.9319042563438416, 0.9370629787445068, 0.9419043064117432, 0.9504756927490234, 0.956428050994873, 0.9609518051147461, 0.9649994373321533, 0.9732534289360046, 0.9748407006263733, 0.979126513004303, 0.9831740260124207, 0.9845232963562012, 0.9868248105049133, 0.9875391125679016, 0.9881740808486938, 0.9883327484130859, 0.989126443862915, 0.9896025657653809, 0.9895232319831848, 0.9903169274330139], "cfn_matrix_labels": ["Clearing Table", "Drinking Tea", "Eating", "Making Tea", "Prepping Food", "Setting Table", "Watching TV"]}