{"train_shape": [29175, 52], "test_shape": [23094, 52], "test_sparsity": 0.12147176265716553, "cfn_matrix": [[1683, 2, 360, 848, 279, 157, 670], [12, 0, 0, 11, 0, 0, 14], [11, 0, 3092, 205, 8, 591, 29], [26, 0, 224, 3559, 48, 25, 48], [5, 48, 0, 94, 2313, 42, 701], [163, 0, 93, 78, 12, 503, 46], [125, 0, 221, 0, 0, 0, 6748]], "train_accuracy": [0.0396229587495327, 0.30293065309524536, 0.500668466091156, 0.6951843500137329, 0.7891689538955688, 0.8467182517051697, 0.8756128549575806, 0.8936763405799866, 0.9052615165710449, 0.9165382981300354, 0.9281235933303833, 0.9387833476066589, 0.9561270475387573, 0.9659643173217773, 0.9733335375785828, 0.9791947603225708, 0.9828280210494995, 0.9863584041595459, 0.9873867034912109, 0.9893746972084045, 0.9910541772842407, 0.9919795989990234, 0.9929050803184509, 0.9926308393478394, 0.9940704703330994, 0.9947559833526611, 0.9948588013648987, 0.9955100417137146, 0.9957156777381897, 0.9958184957504272, 0.9959213733673096, 0.9961954951286316, 0.9962983727455139, 0.9964354634284973, 0.9967097043991089, 0.9967782497406006, 0.9968467950820923, 0.9970182180404663, 0.9971209764480591, 0.9970524311065674], "validation_shape": [12457, 52], "kp": 0.4, "l2": 0.001, "test_accuracy": [0.0209578238427639, 0.25742608308792114, 0.3755519390106201, 0.4711177945137024, 0.5632630586624146, 0.6162639260292053, 0.651554524898529, 0.6631593108177185, 0.6671430468559265, 0.6733351945877075, 0.6786612272262573, 0.689703106880188, 0.6985798478126526, 0.7073267698287964, 0.7177190780639648, 0.7245174050331116, 0.7295403480529785, 0.7333508729934692, 0.7365118861198425, 0.7375510931015015, 0.738157331943512, 0.74214106798172, 0.7453020811080933, 0.7508879899978638, 0.7515374422073364, 0.7528798580169678, 0.755088210105896, 0.7575130462646484, 0.7587254643440247, 0.7621030211448669, 0.7639216780662537, 0.7637051343917847, 0.7663032412528992, 0.7665197253227234, 0.7677754163742065, 0.7682517766952515, 0.7698106169700623, 0.7723654508590698, 0.7741841077804565, 0.7750067710876465], "validation_accuracy": [0.04110138863325119, 0.30183833837509155, 0.4991571605205536, 0.6964756846427917, 0.7874284982681274, 0.8432202935218811, 0.8727619051933289, 0.8906635046005249, 0.9020626544952393, 0.9133013486862183, 0.9263060092926025, 0.9382672309875488, 0.953359067440033, 0.9645174145698547, 0.9716619253158569, 0.9788066148757935, 0.9823386669158936, 0.9847469925880432, 0.986513078212738, 0.9881988763809204, 0.9898846745491028, 0.9910085201263428, 0.9922929406166077, 0.9920520782470703, 0.9934971332550049, 0.9940589666366577, 0.9947012662887573, 0.9950224161148071, 0.9955040216445923, 0.9955040216445923, 0.9956645965576172, 0.9957447648048401, 0.9958250522613525, 0.9959856271743774, 0.9964673519134521, 0.9963870048522949, 0.996627926826477, 0.9968687295913696, 0.9971898794174194, 0.9971095323562622], "cfn_matrix_labels": ["Clearing Table", "Drinking Tea", "Eating", "Making Tea", "Prepping Food", "Setting Table", "Watching TV"]}