{"train_shape": [28140, 52], "test_shape": [24059, 52], "test_sparsity": 0.37416887283325195, "cfn_matrix": [[91, 0, 0, 0, 0, 4639, 135], [0, 0, 0, 0, 8, 719, 83], [0, 0, 0, 0, 7, 5290, 0], [0, 0, 0, 0, 8, 2847, 0], [0, 0, 0, 0, 1970, 19, 0], [0, 0, 0, 0, 0, 1555, 0], [0, 0, 0, 0, 0, 73, 6615]], "train_accuracy": [0.7083866596221924, 0.8267590403556824, 0.8863894939422607, 0.9173418879508972, 0.9379175305366516, 0.9568585753440857, 0.9690831303596497, 0.976190447807312, 0.9809879064559937, 0.9840085506439209, 0.9867448210716248, 0.9889836311340332, 0.9900497794151306, 0.9915778040885925, 0.9920753240585327, 0.9923951625823975, 0.9926439523696899, 0.9929282069206238, 0.9936034083366394, 0.9933546781539917, 0.994278609752655, 0.9947761297225952, 0.9952380657196045, 0.9956645369529724, 0.995486855506897, 0.9963042140007019, 0.9965174198150635, 0.9965529441833496, 0.9963042140007019, 0.9971215128898621, 0.9970504641532898, 0.9972636699676514, 0.9972636699676514, 0.9974058270454407], "validation_shape": [12291, 52], "kp": 0.4, "l2": 0.001, "test_accuracy": [0.28297102451324463, 0.3065796494483948, 0.3429485857486725, 0.41090652346611023, 0.44769108295440674, 0.4352633059024811, 0.43227067589759827, 0.42832204699516296, 0.42852985858917236, 0.42852985858917236, 0.4265763461589813, 0.42641007900238037, 0.42670103907585144, 0.42586973309516907, 0.42620226740837097, 0.42620226740837097, 0.4264516532421112, 0.4262438118457794, 0.42661789059638977, 0.42641007900238037, 0.42703354358673096, 0.42574504017829895, 0.42582815885543823, 0.4252462685108185, 0.4259944260120392, 0.42562034726142883, 0.4242902994155884, 0.42607754468917847, 0.42607754468917847, 0.4247059226036072, 0.4253709614276886, 0.42487218976020813, 0.42499688267707825, 0.4252462685108185], "validation_accuracy": [0.7133675217628479, 0.8303636908531189, 0.8852819204330444, 0.9153852462768555, 0.9357253313064575, 0.954356849193573, 0.9673745036125183, 0.9751037359237671, 0.9797412753105164, 0.9829956889152527, 0.9855178594589233, 0.9864941835403442, 0.9879586696624756, 0.9896672368049622, 0.9906435608863831, 0.9912944436073303, 0.9918639659881592, 0.992026686668396, 0.992433488368988, 0.9921080470085144, 0.9926775693893433, 0.9930843710899353, 0.9934911727905273, 0.9941420555114746, 0.9943047761917114, 0.9950370192527771, 0.9952811002731323, 0.9950370192527771, 0.9948742985725403, 0.9958506226539612, 0.9956879019737244, 0.9960947036743164, 0.9960947036743164, 0.996013343334198], "cfn_matrix_labels": ["Clearing Table", "Drinking Tea", "Eating", "Making Tea", "Prepping Food", "Setting Table", "Watching TV"]}