{"train_shape": [29276, 52], "test_shape": [23094, 52], "test_sparsity": 0.5375664830207825, "cfn_matrix": [[1124, 0, 389, 2433, 0, 53, 0], [12, 0, 0, 13, 8, 0, 4], [6, 0, 3017, 892, 7, 0, 14], [7, 4, 173, 3692, 8, 0, 46], [5, 0, 6, 65, 3068, 0, 59], [77, 74, 139, 323, 0, 275, 7], [37, 0, 19, 38, 0, 0, 7000]], "train_accuracy": [0.553012490272522, 0.754303514957428, 0.821935772895813, 0.8736845254898071, 0.9292590618133545, 0.9593518972396851, 0.9717510938644409, 0.9802564978599548, 0.9853801131248474, 0.9892057180404663, 0.9907087087631226, 0.9929288625717163, 0.9939537048339844, 0.9939195513725281, 0.9951833486557007, 0.9949783682823181, 0.9955931901931763, 0.9961739778518677, 0.9966862797737122, 0.9969595074653625, 0.9973352551460266, 0.9975401163101196, 0.9975402355194092, 0.9979159832000732, 0.9979500770568848, 0.9979842305183411, 0.9978817701339722, 0.998120903968811, 0.9981890916824341, 0.99808669090271, 0.9983258247375488, 0.9984283447265625, 0.998394250869751, 0.9985991716384888, 0.9987698793411255, 0.9987358450889587, 0.9988381862640381], "validation_shape": [12356, 52], "kp": 0.5, "l2": 0.001, "test_accuracy": [0.5122107267379761, 0.6451460123062134, 0.7006150484085083, 0.7621029615402222, 0.7922407388687134, 0.8108603358268738, 0.8206896781921387, 0.8160997629165649, 0.8151471614837646, 0.8106871247291565, 0.8148007392883301, 0.8088251948356628, 0.8146709203720093, 0.8154935240745544, 0.8107303977012634, 0.8077859878540039, 0.8115097880363464, 0.8012042045593262, 0.8020268082618713, 0.8080458045005798, 0.8066168427467346, 0.8040186762809753, 0.8046249151229858, 0.7993854880332947, 0.8014206290245056, 0.8010742664337158, 0.8013772964477539, 0.7991690039634705, 0.7921541333198547, 0.7942758798599243, 0.7937129735946655, 0.7841000556945801, 0.787131130695343, 0.7874776124954224, 0.7843165397644043, 0.7892529368400574, 0.7870445251464844], "validation_accuracy": [0.553172767162323, 0.759631335735321, 0.8281001448631287, 0.8779544830322266, 0.9282943606376648, 0.9593724608421326, 0.971916913986206, 0.9795246124267578, 0.9850280284881592, 0.9884272217750549, 0.9902076721191406, 0.9923928380012512, 0.9934449791908264, 0.9934450387954712, 0.9950636029243469, 0.9948208332061768, 0.9958729147911072, 0.9961966872215271, 0.996439516544342, 0.9967631697654724, 0.9969250559806824, 0.9972488284111023, 0.9973297715187073, 0.9974106550216675, 0.9974916577339172, 0.9974915981292725, 0.9974915981292725, 0.9978153109550476, 0.9978961944580078, 0.9980581402778625, 0.998138964176178, 0.9980581402778625, 0.9982199668884277, 0.9984627962112427, 0.9983817934989929, 0.9986246228218079, 0.9986246228218079], "cfn_matrix_labels": ["Clearing Table", "Drinking Tea", "Eating", "Making Tea", "Prepping Food", "Setting Table", "Watching TV"]}