{"train_shape": [29072, 52], "test_shape": [23094, 52], "test_sparsity": 0.4462272524833679, "cfn_matrix": [[2487, 0, 307, 434, 0, 710, 61], [12, 0, 0, 11, 8, 0, 6], [5, 1, 3055, 252, 15, 586, 22], [14, 0, 244, 3586, 12, 40, 34], [5, 0, 0, 6, 3161, 9, 22], [68, 0, 100, 104, 0, 604, 19], [46, 0, 111, 0, 0, 0, 6937]], "train_accuracy": [0.7701231837272644, 0.8967058658599854, 0.9263221621513367, 0.9594812989234924, 0.9771271347999573, 0.9848322868347168, 0.9869993329048157, 0.992537260055542, 0.9938443899154663, 0.9939131736755371, 0.9946010112762451, 0.9951514601707458, 0.9962522387504578, 0.9960458278656006, 0.996252179145813, 0.9963209629058838, 0.996802568435669, 0.9970777034759521, 0.9972153902053833, 0.9962866306304932, 0.9973185658454895, 0.9974561333656311, 0.9975249171257019, 0.9975937008857727], "validation_shape": [12560, 52], "kp": 0.5, "l2": 0.001, "test_accuracy": [0.623278796672821, 0.772148847579956, 0.7889499068260193, 0.8019402027130127, 0.8093447685241699, 0.8099510073661804, 0.8146275877952576, 0.820083498954773, 0.824500322341919, 0.8273581266403198, 0.8298263549804688, 0.8312119841575623, 0.8345462083816528, 0.8416043519973755, 0.8393093347549438, 0.8491820096969604, 0.8474933505058289, 0.8498315811157227, 0.8516501784324646, 0.8574525713920593, 0.8550710678100586, 0.854767918586731, 0.8568897247314453, 0.8586651086807251], "validation_accuracy": [0.7708598971366882, 0.8954617977142334, 0.9234872460365295, 0.9566082954406738, 0.9740446209907532, 0.9803344011306763, 0.983917236328125, 0.9910032153129578, 0.9919586181640625, 0.9924362897872925, 0.9930732250213623, 0.9937102198600769, 0.9952229261398315, 0.9944267272949219, 0.9948248267173767, 0.9948248267173767, 0.9957006573677063, 0.996258020401001, 0.9965765476226807, 0.9949044585227966, 0.9968152642250061, 0.9968152046203613, 0.9968153238296509, 0.9968153238296509], "cfn_matrix_labels": ["Clearing Table", "Drinking Tea", "Eating", "Making Tea", "Prepping Food", "Setting Table", "Watching TV"]}