{"train_shape": [29276, 52], "test_shape": [23094, 52], "test_sparsity": 0.32230716943740845, "cfn_matrix": [[1797, 0, 447, 1017, 0, 582, 156], [14, 0, 5, 6, 8, 0, 4], [7, 1, 3189, 166, 7, 557, 9], [7, 0, 247, 3502, 8, 159, 7], [5, 3, 0, 4, 3000, 9, 182], [23, 0, 171, 147, 8, 537, 9], [80, 0, 68, 13, 0, 0, 6933]], "train_accuracy": [0.6006624698638916, 0.788222074508667, 0.859440803527832, 0.8904901146888733, 0.9334604740142822, 0.9529985785484314, 0.9709997177124023, 0.9768406748771667, 0.9834330677986145, 0.98783940076828, 0.990879476070404, 0.9923141002655029, 0.9924506545066833, 0.9932363033294678, 0.9932022094726562, 0.9944318532943726, 0.9952515959739685, 0.9956956505775452, 0.9962422251701355, 0.996549665927887, 0.9971644878387451, 0.9973352551460266, 0.9971644878387451, 0.9974377155303955, 0.9978475570678711, 0.9979500770568848, 0.9982234239578247, 0.9980525970458984, 0.9982233047485352, 0.9983258247375488], "validation_shape": [12356, 52], "kp": 0.4, "l2": 0.001, "test_accuracy": [0.5081837177276611, 0.5930976867675781, 0.7076298594474792, 0.7353861331939697, 0.7501084804534912, 0.7632288336753845, 0.768858015537262, 0.7779079079627991, 0.7828010320663452, 0.784576416015625, 0.7886468172073364, 0.7891230583190918, 0.7896426916122437, 0.7901189923286438, 0.7927603721618652, 0.7957048416137695, 0.7942758798599243, 0.7919377088546753, 0.7944058179855347, 0.7934532165527344, 0.7939728498458862, 0.7955317497253418, 0.8008144497871399, 0.8014639019966125, 0.8013773560523987, 0.8037156462669373, 0.8045816421508789, 0.8121593594551086, 0.8172256350517273, 0.8209063410758972], "validation_accuracy": [0.5979283452033997, 0.786662757396698, 0.8599874377250671, 0.8893659710884094, 0.9325028657913208, 0.9505508542060852, 0.9682750105857849, 0.9742640256881714, 0.981386125087738, 0.9859182834625244, 0.9896412491798401, 0.992231011390686, 0.9920691251754761, 0.9931212663650513, 0.9931212067604065, 0.9944970607757568, 0.9952254295349121, 0.9965204000473022, 0.9970059990882874, 0.9970059990882874, 0.9974916577339172, 0.9975725412368774, 0.9973297119140625, 0.9980581402778625, 0.9983009099960327, 0.9983818531036377, 0.9984627962112427, 0.9983817934989929, 0.9987055659294128, 0.9987055659294128], "cfn_matrix_labels": ["Clearing Table", "Drinking Tea", "Eating", "Making Tea", "Prepping Food", "Setting Table", "Watching TV"]}