{"train_shape": [30514, 52], "test_shape": [20951, 52], "test_sparsity": 0.41273272037506104, "cfn_matrix": [[2061, 0, 131, 3, 0, 9, 0], [9, 0, 18, 337, 8, 0, 0], [378, 0, 2981, 70, 7, 2512, 0], [221, 0, 156, 2601, 25, 72, 2], [1, 0, 0, 0, 2703, 13, 5], [29, 0, 99, 0, 0, 616, 7], [35, 0, 1046, 710, 1821, 58, 2207]], "train_accuracy": [0.5067510008811951, 0.7968473434448242, 0.8628170490264893, 0.8932948708534241, 0.9284263253211975, 0.9503178596496582, 0.9663105607032776, 0.975224494934082, 0.9777806997299194, 0.9807628989219666, 0.9829258918762207, 0.9848921895027161, 0.9867929220199585, 0.9888247847557068, 0.9896768927574158, 0.9909549951553345, 0.9917742609977722, 0.9921675324440002, 0.9928557276725769, 0.993838906288147, 0.9943960309028625, 0.9950514435768127, 0.9957069158554077, 0.9961329102516174, 0.9962312579154968, 0.9967883825302124, 0.996886670589447, 0.9975093603134155, 0.9973127245903015, 0.9978370666503906, 0.9978370666503906, 0.9977059960365295, 0.9983941912651062, 0.9980992078781128, 0.9981319904327393, 0.9981975555419922, 0.9981975555419922], "validation_shape": [13201, 52], "kp": 0.6, "l2": 0.001, "test_accuracy": [0.318695992231369, 0.5270392894744873, 0.5789699554443359, 0.5978235006332397, 0.5960097312927246, 0.6093742251396179, 0.612619936466217, 0.6196840405464172, 0.6263185739517212, 0.6294687390327454, 0.6344804763793945, 0.6284664273262024, 0.6407808661460876, 0.6383943557739258, 0.6399217247962952, 0.6393489837646484, 0.6410195231437683, 0.6458402872085571, 0.6445993185043335, 0.6404467821121216, 0.6375352144241333, 0.640542209148407, 0.6416400074958801, 0.6435969471931458, 0.6504701375961304, 0.644742488861084, 0.6456971168518066, 0.643740177154541, 0.6388716697692871, 0.6403035521507263, 0.6350532174110413, 0.6342895030975342, 0.633907675743103, 0.6324757933616638, 0.6340985894203186, 0.6261276602745056, 0.6285618543624878], "validation_accuracy": [0.5074615478515625, 0.8016816973686218, 0.8667525053024292, 0.8963714838027954, 0.9286417961120605, 0.9511400461196899, 0.9658359289169312, 0.9739413857460022, 0.9770472049713135, 0.9794712662696838, 0.9817438125610352, 0.9844708442687988, 0.9862131476402283, 0.9884099960327148, 0.98924320936203, 0.9904552698135376, 0.991061270236969, 0.9915915727615356, 0.9918187856674194, 0.992197573184967, 0.9932580590248108, 0.9933338165283203, 0.9943943619728088, 0.9949246048927307, 0.9947731494903564, 0.9958336353302002, 0.9961366653442383, 0.9964396357536316, 0.9965153932571411, 0.9968941807746887, 0.9969699382781982, 0.9968941807746887, 0.998030424118042, 0.9975759387016296, 0.9972729086875916, 0.9977274537086487, 0.9975759387016296], "cfn_matrix_labels": ["Clearing Table", "Drinking Tea", "Eating", "Making Tea", "Prepping Food", "Setting Table", "Watching TV"]}