{"train_shape": [29072, 52], "test_shape": [23094, 52], "test_sparsity": 0.716030478477478, "cfn_matrix": [[973, 12, 278, 1338, 475, 862, 61], [7, 0, 0, 11, 8, 7, 4], [5, 9, 3195, 609, 7, 104, 7], [7, 0, 158, 3684, 8, 57, 16], [5, 0, 0, 37, 3034, 9, 118], [17, 0, 98, 188, 0, 585, 7], [18, 0, 240, 0, 0, 0, 6836]], "train_accuracy": [0.8108155131340027, 0.8955363631248474, 0.932410478591919, 0.967702329158783, 0.9813580513000488, 0.9905766248703003, 0.9923996329307556, 0.9947043061256409, 0.9948763847351074, 0.9960458278656006, 0.9962865114212036, 0.9963897466659546, 0.9969401359558105, 0.9969401955604553, 0.9971120953559875, 0.9970777034759521, 0.9971809387207031, 0.9970433712005615, 0.9973185062408447, 0.9973872900009155, 0.9974561333656311, 0.9972496628761292, 0.9974560737609863, 0.9974904656410217, 0.9974560737609863, 0.9974216818809509], "validation_shape": [12560, 52], "kp": 0.7, "l2": 0.001, "test_accuracy": [0.6128864288330078, 0.7165499925613403, 0.7601111531257629, 0.7624927163124084, 0.7676888704299927, 0.7726685404777527, 0.7815885543823242, 0.7899890542030334, 0.79856276512146, 0.8004680275917053, 0.8014206290245056, 0.804105281829834, 0.8074395060539246, 0.8068765997886658, 0.8040186762809753, 0.8004247546195984, 0.802329957485199, 0.8022001385688782, 0.8007711172103882, 0.8057074546813965, 0.798086404800415, 0.7986493706703186, 0.7951419949531555, 0.7972637414932251, 0.7882137298583984, 0.7927170395851135], "validation_accuracy": [0.8080414533615112, 0.8922770619392395, 0.9290605187416077, 0.9655254483222961, 0.978184700012207, 0.9886146783828735, 0.990286648273468, 0.993391752243042, 0.9934713244438171, 0.9954617023468018, 0.9955413937568665, 0.9958598017692566, 0.996178388595581, 0.996258020401001, 0.9963375926017761, 0.996496856212616, 0.9968949556350708, 0.9968949556350708, 0.9968949556350708, 0.9968152642250061, 0.996735692024231, 0.9969745874404907, 0.9971337914466858, 0.9971337914466858, 0.9972134232521057, 0.9968949556350708], "cfn_matrix_labels": ["Clearing Table", "Drinking Tea", "Eating", "Making Tea", "Prepping Food", "Setting Table", "Watching TV"]}