{"train_shape": [30514, 52], "test_shape": [20951, 52], "test_sparsity": 0.5339926481246948, "cfn_matrix": [[2073, 0, 131, 0, 0, 0, 0], [90, 0, 18, 232, 32, 0, 0], [2888, 0, 2522, 29, 13, 496, 0], [273, 0, 175, 2589, 24, 16, 0], [13, 0, 0, 0, 2703, 1, 5], [69, 0, 120, 6, 5, 550, 1], [273, 7, 1124, 603, 740, 43, 3087]], "train_accuracy": [0.5384741425514221, 0.7459854483604431, 0.8537720441818237, 0.8928033113479614, 0.9191846251487732, 0.9419610500335693, 0.9616897106170654, 0.9754866361618042, 0.9815494418144226, 0.9852854609489441, 0.9868912696838379, 0.987808883190155, 0.9883332252502441, 0.9905945062637329, 0.9908238649368286, 0.9920364618301392, 0.9926918745040894, 0.9930523633956909, 0.9943304657936096, 0.9949203729629517, 0.9959362745285034, 0.9949531555175781, 0.9963295459747314, 0.9962312579154968, 0.997148871421814, 0.9971160888671875, 0.9974437952041626, 0.9975420832633972, 0.9978042840957642, 0.9979681372642517, 0.9979681372642517, 0.9980992078781128, 0.9983614087104797, 0.9983614087104797, 0.9984924793243408, 0.9983941912651062, 0.9983941912651062, 0.9984596967697144, 0.9984596967697144, 0.9986891150474548], "validation_shape": [13201, 52], "kp": 0.4, "l2": 0.001, "test_accuracy": [0.2547372579574585, 0.41826164722442627, 0.5132929086685181, 0.5614051818847656, 0.5960097312927246, 0.6203999519348145, 0.629707396030426, 0.6343849897384644, 0.6342895030975342, 0.6305665373802185, 0.6269868016242981, 0.6282277703285217, 0.6291346549987793, 0.6276072859764099, 0.6277981996536255, 0.6264617443084717, 0.625507116317749, 0.6274640560150146, 0.631425678730011, 0.6332394480705261, 0.6344327330589294, 0.6332394480705261, 0.6374397277832031, 0.6386807560920715, 0.6396353244781494, 0.6418309211730957, 0.6388716697692871, 0.6421650648117065, 0.6410195231437683, 0.6434537768363953, 0.640542209148407, 0.6409717798233032, 0.6406376957893372, 0.6406376957893372, 0.641258180141449, 0.6409240365028381, 0.641258180141449, 0.6433582901954651, 0.644026517868042, 0.6455062031745911], "validation_accuracy": [0.53935307264328, 0.7503219246864319, 0.8569805026054382, 0.893644392490387, 0.9197788238525391, 0.9431103467941284, 0.9624270796775818, 0.9749261140823364, 0.9815165400505066, 0.9856829047203064, 0.9872736930847168, 0.9881827235221863, 0.9889402389526367, 0.9906825423240662, 0.991061270236969, 0.9915158152580261, 0.992879331111908, 0.993182361125946, 0.9943186044692993, 0.9946973919868469, 0.9951518774032593, 0.9947731494903564, 0.9954549074172974, 0.9956064224243164, 0.9959093928337097, 0.9959851503372192, 0.9961366653442383, 0.9968941807746887, 0.9970456957817078, 0.9971214532852173, 0.9971972107887268, 0.9973486661911011, 0.9975001811981201, 0.9975759387016296, 0.9975759387016296, 0.9975001811981201, 0.9974244236946106, 0.9976516962051392, 0.9978032112121582, 0.998030424118042], "cfn_matrix_labels": ["Clearing Table", "Drinking Tea", "Eating", "Making Tea", "Prepping Food", "Setting Table", "Watching TV"]}