{"train_shape": [29276, 52], "test_shape": [23094, 52], "test_sparsity": 0.5644946694374084, "cfn_matrix": [[1986, 110, 437, 1212, 0, 158, 96], [8, 0, 4, 17, 8, 0, 0], [5, 14, 2786, 1068, 7, 50, 6], [31, 0, 246, 3622, 8, 8, 15], [5, 21, 0, 55, 3045, 3, 74], [88, 21, 173, 247, 0, 359, 7], [8, 3, 430, 0, 0, 0, 6653]], "train_accuracy": [0.3738897442817688, 0.6717103719711304, 0.8136354684829712, 0.8846491575241089, 0.9124534726142883, 0.9362272024154663, 0.9548773765563965, 0.9711704850196838, 0.9792658686637878, 0.984082043170929, 0.9868488311767578, 0.9900938272476196, 0.9907087087631226, 0.9920408129692078, 0.9933729767799377, 0.9940219521522522, 0.9949784278869629, 0.9952858090400696, 0.9955590963363647, 0.9954907298088074, 0.9963105320930481, 0.9965155124664307, 0.9969595670700073, 0.9970961213111877, 0.9974035024642944, 0.9975401163101196, 0.9977110028266907, 0.9976768493652344, 0.9979841709136963, 0.9979842901229858, 0.9980183839797974, 0.9981890916824341, 0.9982234239578247, 0.9983941316604614, 0.998428225517273, 0.9984965920448303, 0.9987698793411255, 0.9987016916275024, 0.9988722801208496, 0.9989407062530518], "validation_shape": [12356, 52], "kp": 0.7, "l2": 0.001, "test_accuracy": [0.3664153516292572, 0.590629518032074, 0.6641552448272705, 0.7013944387435913, 0.7015243172645569, 0.6895298361778259, 0.6885339617729187, 0.6893567442893982, 0.6947260499000549, 0.7021305561065674, 0.7100980281829834, 0.7142982482910156, 0.7208368182182312, 0.7324415445327759, 0.7375510931015015, 0.7452154159545898, 0.7495023012161255, 0.7537457942962646, 0.7532262206077576, 0.7622762322425842, 0.7629257440567017, 0.7663465738296509, 0.7690312266349792, 0.7712395191192627, 0.7742273807525635, 0.7789472341537476, 0.7820649147033691, 0.7831907272338867, 0.7837103605270386, 0.7805494070053101, 0.7880405187606812, 0.7895127534866333, 0.7928036451339722, 0.7950119972229004, 0.7984327673912048, 0.7968739867210388, 0.7990823984146118, 0.7979998588562012, 0.7988226413726807, 0.7989524006843567], "validation_accuracy": [0.377630352973938, 0.6774040460586548, 0.816850483417511, 0.8885565996170044, 0.9154262542724609, 0.9354974627494812, 0.9526550769805908, 0.9677084684371948, 0.9772585034370422, 0.9837331771850586, 0.9858373403549194, 0.9895601868629456, 0.9905313849449158, 0.9915026426315308, 0.9930403232574463, 0.9935259222984314, 0.9950636625289917, 0.9948208332061768, 0.9953064322471619, 0.995630145072937, 0.9963585734367371, 0.995711088180542, 0.9964394569396973, 0.9967631697654724, 0.9975725412368774, 0.9976534247398376, 0.9977344274520874, 0.9975725412368774, 0.9977344870567322, 0.9978963136672974, 0.9981390237808228, 0.9983009099960327, 0.9985437393188477, 0.9986246228218079, 0.9987865686416626, 0.9987865090370178, 0.9991102814674377, 0.999029278755188, 0.9991912245750427, 0.9992721080780029], "cfn_matrix_labels": ["Clearing Table", "Drinking Tea", "Eating", "Making Tea", "Prepping Food", "Setting Table", "Watching TV"]}