{"train_shape": [28999, 52], "test_shape": [23094, 52], "test_sparsity": 0.8267728090286255, "cfn_matrix": [[2064, 0, 679, 1057, 0, 136, 63], [12, 0, 0, 11, 8, 2, 4], [10, 0, 3592, 75, 7, 237, 15], [7, 0, 354, 3502, 8, 18, 41], [5, 0, 0, 0, 3148, 9, 41], [130, 0, 282, 148, 0, 328, 7], [19, 0, 11, 0, 0, 0, 7064]], "train_accuracy": [0.883408784866333, 0.9464797973632812, 0.980273962020874, 0.9904122352600098, 0.9930675029754639, 0.9924467206001282, 0.9941709637641907, 0.9952054619789124, 0.9953089356422424, 0.9953778982162476, 0.9957916736602783, 0.9954469203948975, 0.9954123497009277, 0.9955158233642578, 0.9951364994049072], "validation_shape": [12633, 52], "kp": 0.5, "l2": 0.001, "test_accuracy": [0.7724519968032837, 0.8138048052787781, 0.8215990662574768, 0.823807418346405, 0.8249765634536743, 0.817615270614624, 0.8224650621414185, 0.8297830820083618, 0.8372741341590881, 0.8376204967498779, 0.8407383561134338, 0.8438126444816589, 0.8457612991333008, 0.8516069054603577, 0.852949321269989], "validation_accuracy": [0.886883556842804, 0.9505264163017273, 0.9819520711898804, 0.9902636408805847, 0.9924799799919128, 0.9914509654045105, 0.99350905418396, 0.9950130581855774, 0.9950921535491943, 0.9946963787078857, 0.9953296184539795, 0.9948546886444092, 0.9946963787078857, 0.9951713681221008, 0.994854748249054], "cfn_matrix_labels": ["Clearing Table", "Drinking Tea", "Eating", "Making Tea", "Prepping Food", "Setting Table", "Watching TV"]}