{"train_shape": [29175, 52], "test_shape": [23094, 52], "test_sparsity": 0.3472782373428345, "cfn_matrix": [[2244, 0, 419, 1016, 0, 8, 312], [12, 0, 11, 11, 1, 0, 2], [7, 0, 3175, 359, 7, 386, 2], [42, 1, 131, 3729, 8, 11, 8], [5, 124, 0, 174, 2691, 28, 181], [137, 14, 134, 223, 0, 380, 7], [80, 10, 1018, 0, 0, 0, 5986]], "train_accuracy": [0.1761782467365265, 0.5811141133308411, 0.7020052075386047, 0.7627764940261841, 0.8071295619010925, 0.8530250191688538, 0.8822624087333679, 0.8995373845100403, 0.9157156944274902, 0.9291861057281494, 0.9433077573776245, 0.9560928344726562, 0.9660670757293701, 0.9713797569274902, 0.9772409200668335, 0.9802572727203369, 0.9841646552085876, 0.9851244688034058, 0.9866325855255127, 0.9884834885597229, 0.9894089102745056, 0.9915683269500732, 0.9919795393943787, 0.9926650524139404, 0.9917739033699036, 0.9923909306526184, 0.9937276840209961, 0.9941732883453369, 0.9949272871017456, 0.9951673150062561, 0.9954757690429688, 0.9953386187553406, 0.9955099821090698, 0.9959213137626648, 0.9964697360992432, 0.9966411590576172, 0.9967782497406006, 0.9970524311065674, 0.9971895217895508, 0.997532308101654], "validation_shape": [12457, 52], "kp": 0.5, "l2": 0.001, "test_accuracy": [0.17134317755699158, 0.27699825167655945, 0.37299713492393494, 0.47501495480537415, 0.5550358295440674, 0.588854193687439, 0.6097687482833862, 0.6532433032989502, 0.6871482729911804, 0.710401177406311, 0.7289341688156128, 0.7442195415496826, 0.7543520927429199, 0.759634792804718, 0.7581192255020142, 0.7602843642234802, 0.7575131058692932, 0.7589420080184937, 0.7579460740089417, 0.759634792804718, 0.7629690170288086, 0.7650474905967712, 0.764094889163971, 0.7667794823646545, 0.7703302502632141, 0.775829553604126, 0.7744871973991394, 0.7785142660140991, 0.7807225584983826, 0.7821083068847656, 0.7856156826019287, 0.7871311902999878, 0.7885168194770813, 0.7884301543235779, 0.7884736061096191, 0.7879539728164673, 0.788343608379364, 0.7876942157745361, 0.7885600924491882, 0.7883003950119019], "validation_accuracy": [0.17042627930641174, 0.5775868892669678, 0.6944687962532043, 0.7574052214622498, 0.8018781542778015, 0.8496424555778503, 0.877819299697876, 0.8941153287887573, 0.9092875123023987, 0.9234963655471802, 0.939069926738739, 0.9524760246276855, 0.9645174145698547, 0.9702170491218567, 0.9777629375457764, 0.9805726408958435, 0.9843456149101257, 0.9849075078964233, 0.9869144558906555, 0.989081859588623, 0.9897240996360779, 0.9908480644226074, 0.9914901852607727, 0.9920520782470703, 0.9913296699523926, 0.9918915629386902, 0.9932562708854675, 0.9943801164627075, 0.9954237341880798, 0.9955040216445923, 0.9955040812492371, 0.9951828718185425, 0.9958251118659973, 0.9963870644569397, 0.9967080950737, 0.9967883825302124, 0.9968686699867249, 0.9969490170478821, 0.9970292448997498, 0.9973503947257996], "cfn_matrix_labels": ["Clearing Table", "Drinking Tea", "Eating", "Making Tea", "Prepping Food", "Setting Table", "Watching TV"]}