{"train_shape": [28999, 52], "test_shape": [23094, 52], "test_sparsity": 0.5669525861740112, "cfn_matrix": [[2184, 0, 677, 926, 0, 182, 30], [12, 0, 0, 13, 8, 0, 4], [13, 0, 3649, 74, 7, 171, 22], [11, 0, 324, 3483, 8, 68, 36], [5, 0, 0, 0, 3169, 9, 20], [96, 0, 265, 168, 0, 359, 7], [47, 0, 30, 0, 0, 0, 7017]], "train_accuracy": [0.8824777007102966, 0.9469280242919922, 0.9777910709381104, 0.9868258237838745, 0.9926881790161133, 0.9939640760421753, 0.9925501942634583, 0.9933433532714844, 0.9921364784240723, 0.9919640421867371, 0.9930329918861389, 0.9954813718795776, 0.9940674901008606], "validation_shape": [12633, 52], "kp": 0.5, "l2": 0.001, "test_accuracy": [0.7446525692939758, 0.8017670512199402, 0.8051012754440308, 0.8247167468070984, 0.8283107876777649, 0.8397856950759888, 0.8407382965087891, 0.8462375998497009, 0.8452848792076111, 0.8475366830825806, 0.8537286520004272, 0.8617827892303467, 0.8600074052810669], "validation_accuracy": [0.8866460919380188, 0.9498931169509888, 0.9793397784233093, 0.985434889793396, 0.9915301203727722, 0.9925591945648193, 0.9913718104362488, 0.9920051097869873, 0.9914509654045105, 0.9908177256584167, 0.9920050501823425, 0.995171308517456, 0.9927175641059875], "cfn_matrix_labels": ["Clearing Table", "Drinking Tea", "Eating", "Making Tea", "Prepping Food", "Setting Table", "Watching TV"]}