{"train_shape": [28140, 52], "test_shape": [24059, 52], "test_sparsity": 0.5335770845413208, "cfn_matrix": [[16, 0, 0, 0, 0, 3330, 1519], [0, 0, 0, 0, 8, 583, 219], [0, 0, 0, 0, 7, 4249, 1041], [0, 0, 0, 0, 8, 2747, 100], [0, 0, 0, 0, 1970, 14, 5], [0, 0, 0, 0, 0, 1548, 7], [0, 0, 0, 0, 0, 28, 6660]], "train_accuracy": [0.5187277793884277, 0.7817341685295105, 0.8647832274436951, 0.9050462245941162, 0.9243070483207703, 0.9396588206291199, 0.954868495464325, 0.9652807116508484, 0.9714640974998474, 0.9781094789505005, 0.9824804663658142, 0.985643208026886, 0.9877398610115051, 0.9892679452896118, 0.990547239780426, 0.9923241138458252, 0.9930703639984131, 0.9936389327049255, 0.9939587712287903, 0.9942075610160828, 0.9944918155670166, 0.9952380657196045, 0.9951314926147461, 0.9956645369529724, 0.9961265325546265, 0.995948851108551, 0.9964107871055603, 0.996268630027771, 0.996730625629425, 0.9966595768928528, 0.9964107871055603, 0.9966595768928528, 0.9969083070755005, 0.9968372583389282, 0.9968727827072144, 0.997157096862793, 0.9970859885215759, 0.9972636699676514], "validation_shape": [12291, 52], "kp": 0.6, "l2": 0.001, "test_accuracy": [0.277817040681839, 0.2831372916698456, 0.3089488446712494, 0.3429485857486725, 0.36979925632476807, 0.3858015835285187, 0.3896670639514923, 0.3981877863407135, 0.4039652645587921, 0.409368634223938, 0.4168502390384674, 0.42000913619995117, 0.424747496843338, 0.42616069316864014, 0.42582815885543823, 0.42532938718795776, 0.42487218976020813, 0.4242071509361267, 0.4246228039264679, 0.42466437816619873, 0.42491376399993896, 0.4253709614276886, 0.4250384569168091, 0.4250384569168091, 0.42445653676986694, 0.4247059226036072, 0.4239993393421173, 0.42445653676986694, 0.4239577651023865, 0.4242902994155884, 0.4242071509361267, 0.42416560649871826, 0.4239993393421173, 0.4239577651023865, 0.42437341809272766, 0.42383307218551636, 0.42370837926864624, 0.42370837926864624], "validation_accuracy": [0.5176959037780762, 0.7830119729042053, 0.8651045560836792, 0.9022862315177917, 0.9219754338264465, 0.9388983845710754, 0.9535432457923889, 0.9637132883071899, 0.9694898724555969, 0.9752664566040039, 0.9795785546302795, 0.9831584095954895, 0.9855992197990417, 0.9873891472816467, 0.9881213903427124, 0.9899113178253174, 0.9909690022468567, 0.991619884967804, 0.9917826056480408, 0.9930030107498169, 0.9928402900695801, 0.9930843710899353, 0.9934911727905273, 0.993816614151001, 0.9944674968719482, 0.994223415851593, 0.9946302175521851, 0.9949556589126587, 0.9955251812934875, 0.995606541633606, 0.9952811002731323, 0.9958506226539612, 0.9960947036743164, 0.9960947036743164, 0.9959319829940796, 0.9963387846946716, 0.9965015053749084, 0.99642014503479], "cfn_matrix_labels": ["Clearing Table", "Drinking Tea", "Eating", "Making Tea", "Prepping Food", "Setting Table", "Watching TV"]}