{"train_shape": [28999, 52], "test_shape": [23094, 52], "test_sparsity": 0.8277084231376648, "cfn_matrix": [[2421, 0, 361, 1149, 0, 49, 19], [14, 0, 0, 11, 8, 0, 4], [11, 0, 3427, 399, 7, 70, 22], [24, 0, 240, 3595, 8, 23, 40], [5, 0, 0, 2, 3183, 7, 6], [137, 0, 171, 190, 0, 390, 7], [22, 0, 0, 0, 0, 0, 7072]], "train_accuracy": [0.8764430284500122, 0.9512040615081787, 0.9829637408256531, 0.9868948459625244, 0.9914122223854065, 0.9930675029754639, 0.9947572350502014, 0.994998574256897, 0.9937915802001953, 0.9946191906929016, 0.994998574256897, 0.9949641227722168, 0.9948261380195618, 0.9945847392082214, 0.9949296116828918], "validation_shape": [12633, 52], "kp": 0.4, "l2": 0.001, "test_accuracy": [0.7534860372543335, 0.821252703666687, 0.8344596028327942, 0.8329440355300903, 0.8395692110061646, 0.8458478450775146, 0.8508275151252747, 0.8570629358291626, 0.8636013865470886, 0.8658531308174133, 0.8700100183486938, 0.8704430460929871, 0.8715255856513977, 0.8700534105300903, 0.8698368072509766], "validation_accuracy": [0.8817383050918579, 0.9544843435287476, 0.9821894764900208, 0.9874930381774902, 0.9906594157218933, 0.9926382899284363, 0.9945380687713623, 0.9947755336761475, 0.9928758144378662, 0.9945380687713623, 0.9950922131538391, 0.9946963787078857, 0.9943006634712219, 0.9941422939300537, 0.9943797588348389], "cfn_matrix_labels": ["Clearing Table", "Drinking Tea", "Eating", "Making Tea", "Prepping Food", "Setting Table", "Watching TV"]}