{"train_shape": [28999, 52], "test_shape": [23094, 52], "test_sparsity": 0.8446992635726929, "cfn_matrix": [[2361, 0, 320, 1306, 0, 10, 2], [14, 0, 4, 11, 8, 0, 0], [13, 0, 2622, 1274, 7, 14, 6], [18, 0, 172, 3693, 8, 2, 37], [24, 0, 0, 9, 3152, 0, 18], [148, 0, 147, 307, 0, 286, 7], [24, 0, 91, 0, 0, 0, 6979]], "train_accuracy": [0.8685462474822998, 0.9369967579841614, 0.9743427634239197, 0.9846189022064209, 0.9898949265480042, 0.9932743310928345, 0.9951364398002625, 0.9955503344535828, 0.9949296712875366, 0.9943088889122009, 0.995688259601593, 0.995102047920227, 0.9941709041595459, 0.9937226176261902, 0.994412362575531], "validation_shape": [12633, 52], "kp": 0.4, "l2": 0.001, "test_accuracy": [0.7110939025878906, 0.7916778326034546, 0.8118562698364258, 0.8231146335601807, 0.8253230452537537, 0.8374907374382019, 0.8356720209121704, 0.8425569534301758, 0.842989981174469, 0.8414744138717651, 0.8395691514015198, 0.8380535840988159, 0.839006245136261, 0.8302593231201172, 0.8267520070075989], "validation_accuracy": [0.8737434148788452, 0.9416607618331909, 0.975540280342102, 0.9844850897789001, 0.9885221719741821, 0.9923217296600342, 0.9944589138031006, 0.994617223739624, 0.99350905418396, 0.9927965998649597, 0.995171308517456, 0.9939839839935303, 0.9927966594696045, 0.9925592541694641, 0.9933507442474365], "cfn_matrix_labels": ["Clearing Table", "Drinking Tea", "Eating", "Making Tea", "Prepping Food", "Setting Table", "Watching TV"]}