{"train_shape": [30514, 52], "test_shape": [20951, 52], "test_sparsity": 0.4942653179168701, "cfn_matrix": [[1789, 0, 402, 8, 0, 5, 0], [7, 0, 11, 322, 25, 7, 0], [2151, 0, 2361, 29, 11, 1396, 0], [251, 0, 98, 2699, 12, 17, 0], [8, 0, 0, 0, 2708, 6, 0], [66, 0, 59, 1, 7, 618, 0], [129, 27, 783, 147, 1658, 71, 3062]], "train_accuracy": [0.5858622193336487, 0.8332568407058716, 0.8872976303100586, 0.9208559989929199, 0.9484171271324158, 0.9622796177864075, 0.9727010726928711, 0.977747917175293, 0.9822704195976257, 0.9849904775619507, 0.987218976020813, 0.9881693720817566, 0.9900373816490173, 0.9911516308784485, 0.9924624562263489, 0.9937405586242676, 0.9943632483482361, 0.9956741333007812, 0.9963295459747314, 0.9963295459747314, 0.9963623285293579, 0.9971815943717957, 0.9973782300949097, 0.9973127245903015, 0.9979026317596436, 0.9978042840957642, 0.9982958436012268, 0.9982303380966187, 0.9982303380966187, 0.9986891150474548, 0.9987546801567078, 0.9988201856613159, 0.9989840984344482, 0.9991479516029358], "validation_shape": [13201, 52], "kp": 0.4, "l2": 0.001, "test_accuracy": [0.5007875561714172, 0.6024056077003479, 0.6173929572105408, 0.6179657578468323, 0.6074650287628174, 0.6095651984214783, 0.6100901961326599, 0.6148632764816284, 0.6193021535873413, 0.6190158128738403, 0.6207340955734253, 0.6260321736335754, 0.621306836605072, 0.6193498969078064, 0.6211159229278564, 0.6187294125556946, 0.6183953285217285, 0.616056501865387, 0.6151973605155945, 0.6168679594993591, 0.6156269311904907, 0.6176793575286865, 0.6186816692352295, 0.6224046349525452, 0.6182998418807983, 0.6193498969078064, 0.6232160925865173, 0.6252684593200684, 0.6254116892814636, 0.6299460530281067, 0.6328098773956299, 0.6324280500411987, 0.6305665373802185, 0.6318075656890869], "validation_accuracy": [0.5801833271980286, 0.8365275263786316, 0.8857662081718445, 0.9191727638244629, 0.9468222260475159, 0.9605333209037781, 0.9728050827980042, 0.976971447467804, 0.9819710850715637, 0.9834861159324646, 0.9862889051437378, 0.9875009655952454, 0.98924320936203, 0.9905310273170471, 0.991061270236969, 0.9921218156814575, 0.9934853315353394, 0.9950761198997498, 0.9953033924102783, 0.9950003623962402, 0.9948488473892212, 0.9959093928337097, 0.9961366653442383, 0.9960609078407288, 0.9970456957817078, 0.9963639378547668, 0.9971214532852173, 0.9968184232711792, 0.9972729086875916, 0.9974244236946106, 0.9977274537086487, 0.998181939125061, 0.9984092116355896, 0.9983334541320801], "cfn_matrix_labels": ["Clearing Table", "Drinking Tea", "Eating", "Making Tea", "Prepping Food", "Setting Table", "Watching TV"]}