{"train_shape": [28999, 52], "test_shape": [23094, 52], "test_sparsity": 0.724274754524231, "cfn_matrix": [[2318, 0, 146, 1186, 68, 141, 140], [9, 0, 0, 16, 8, 0, 4], [5, 0, 3010, 336, 7, 556, 22], [7, 0, 172, 3698, 8, 14, 31], [5, 0, 0, 0, 3174, 9, 15], [258, 0, 140, 171, 0, 319, 7], [77, 0, 5, 0, 0, 0, 7012]], "train_accuracy": [0.8608564138412476, 0.9434797167778015, 0.9755841493606567, 0.9884811043739319, 0.9907570481300354, 0.993101954460144, 0.9908260107040405, 0.994964063167572, 0.994377851486206, 0.9951709508895874, 0.9926191568374634, 0.994964063167572, 0.9950675368309021, 0.9935847520828247, 0.994826078414917], "validation_shape": [12633, 52], "kp": 0.6, "l2": 0.001, "test_accuracy": [0.7856589555740356, 0.8207329511642456, 0.8305191993713379, 0.8366246223449707, 0.8423404693603516, 0.8396990895271301, 0.8458911776542664, 0.8438993096351624, 0.8488357067108154, 0.8477097749710083, 0.8480561971664429, 0.8463674783706665, 0.8418641090393066, 0.8481428623199463, 0.8457179069519043], "validation_accuracy": [0.8645610809326172, 0.9451436996459961, 0.9779941439628601, 0.9873347878456116, 0.99002605676651, 0.9926382899284363, 0.9898678660392761, 0.9946963787078857, 0.9937465190887451, 0.9946964383125305, 0.9908968806266785, 0.9947755336761475, 0.9945380687713623, 0.9924008250236511, 0.9944589734077454], "cfn_matrix_labels": ["Clearing Table", "Drinking Tea", "Eating", "Making Tea", "Prepping Food", "Setting Table", "Watching TV"]}