{"train_shape": [29072, 52], "test_shape": [23094, 52], "test_sparsity": 0.6583762168884277, "cfn_matrix": [[1757, 0, 862, 920, 0, 439, 21], [7, 0, 11, 10, 8, 0, 1], [5, 0, 3102, 651, 7, 163, 8], [7, 17, 372, 3430, 8, 66, 30], [5, 0, 0, 43, 3006, 9, 140], [77, 2, 276, 173, 0, 360, 7], [46, 0, 231, 0, 0, 0, 6817]], "train_accuracy": [0.8245400190353394, 0.9018999934196472, 0.9486461281776428, 0.9731714725494385, 0.9887535572052002, 0.9922276735305786, 0.9936379790306091, 0.9953923225402832, 0.9958394765853882, 0.9962522387504578, 0.9968369603157043, 0.996527373790741, 0.9968369603157043, 0.9969056844711304, 0.9972840547561646, 0.9975937008857727, 0.9975249171257019, 0.9975592494010925, 0.9975249171257019, 0.9978345036506653, 0.9976968169212341], "validation_shape": [12560, 52], "kp": 0.7, "l2": 0.001, "test_accuracy": [0.6884473562240601, 0.7774316668510437, 0.7922407388687134, 0.7874342799186707, 0.7771285772323608, 0.76561039686203, 0.7721055746078491, 0.7641381025314331, 0.7781245112419128, 0.7769553661346436, 0.774833619594574, 0.7823247909545898, 0.7875208854675293, 0.7900757789611816, 0.7927170395851135, 0.7946223020553589, 0.7955316305160522, 0.7976101636886597, 0.7954450249671936, 0.79631108045578, 0.7998618483543396], "validation_accuracy": [0.8207802176475525, 0.9005573987960815, 0.9464172124862671, 0.971815288066864, 0.9861465096473694, 0.9906051158905029, 0.9920382499694824, 0.9949045181274414, 0.9955414533615112, 0.9956210851669312, 0.9965764880180359, 0.9963375926017761, 0.9965764284133911, 0.9965764284133911, 0.996735692024231, 0.9968949556350708, 0.9969745874404907, 0.9968949556350708, 0.996974527835846, 0.9973726272583008, 0.9973726272583008], "cfn_matrix_labels": ["Clearing Table", "Drinking Tea", "Eating", "Making Tea", "Prepping Food", "Setting Table", "Watching TV"]}