{"train_shape": [29032, 52], "test_shape": [23094, 52], "test_sparsity": 0.13790762424468994, "cfn_matrix": [[2588, 160, 87, 581, 0, 117, 466], [12, 0, 0, 2, 8, 0, 15], [42, 169, 2538, 25, 7, 1099, 56], [164, 61, 180, 3268, 8, 151, 98], [5, 6, 0, 135, 2894, 12, 151], [215, 55, 98, 169, 0, 310, 48], [58, 0, 0, 0, 0, 0, 7036]], "train_accuracy": [0.04822264984250069, 0.263846755027771, 0.4396871030330658, 0.5358912348747253, 0.6212109327316284, 0.6854502558708191, 0.7213761806488037, 0.7452463507652283, 0.764363169670105, 0.7892323732376099, 0.8350437879562378, 0.8661129474639893, 0.8871586322784424, 0.8991798162460327, 0.908686637878418, 0.9181244373321533, 0.9280101656913757, 0.9370690584182739, 0.9455424547195435, 0.9518114328384399, 0.9594581723213196, 0.962627112865448, 0.9674148559570312, 0.9703771471977234, 0.9745104312896729, 0.9773349761962891, 0.9787472486495972, 0.9806760549545288, 0.9823294878005981, 0.9832249283790588, 0.9844305515289307, 0.98515385389328, 0.9872205257415771, 0.9874616861343384, 0.9903550744056702, 0.989976167678833, 0.9912506341934204, 0.9915606379508972, 0.9920428991317749, 0.9928695559501648], "validation_shape": [12600, 52], "kp": 0.5, "l2": 0.001, "test_accuracy": [0.05945267155766487, 0.31458377838134766, 0.4279464781284332, 0.4514157176017761, 0.4713776111602783, 0.504676342010498, 0.5341212749481201, 0.5582833886146545, 0.5749111771583557, 0.5979474782943726, 0.6270893216133118, 0.6541526317596436, 0.6813026070594788, 0.7081928253173828, 0.7283279299736023, 0.7478135824203491, 0.7602410912513733, 0.7737078070640564, 0.7800731062889099, 0.7894262075424194, 0.7927170991897583, 0.7981297373771667, 0.8009442687034607, 0.804278552532196, 0.8038888573646545, 0.8053178191184998, 0.8091715574264526, 0.8097777962684631, 0.8102108240127563, 0.8121594190597534, 0.8112500905990601, 0.8122026920318604, 0.8096046447753906, 0.8112066984176636, 0.8090850114822388, 0.8108170628547668, 0.8077859282493591, 0.8078292608261108, 0.8078725337982178, 0.8068766593933105], "validation_accuracy": [0.04484126716852188, 0.267380952835083, 0.44063493609428406, 0.534761905670166, 0.6149204969406128, 0.6808728575706482, 0.7186505198478699, 0.7461901903152466, 0.7659521102905273, 0.7900790572166443, 0.8335710167884827, 0.8690471649169922, 0.8893646001815796, 0.8996820449829102, 0.9080948233604431, 0.9159518480300903, 0.926031231880188, 0.934523344039917, 0.9442852735519409, 0.9508724808692932, 0.9580947160720825, 0.9615867733955383, 0.9654756784439087, 0.9681739807128906, 0.9728566408157349, 0.9756343364715576, 0.9773803353309631, 0.9792851209640503, 0.9811106324195862, 0.9822216629981995, 0.9834914803504944, 0.9839677214622498, 0.9867454767227173, 0.9863486289978027, 0.9895233511924744, 0.9896025657653809, 0.9909518361091614, 0.9907137751579285, 0.9910311698913574, 0.9916660785675049], "cfn_matrix_labels": ["Clearing Table", "Drinking Tea", "Eating", "Making Tea", "Prepping Food", "Setting Table", "Watching TV"]}