{"train_shape": [28140, 52], "test_shape": [24059, 52], "test_sparsity": 0.595910906791687, "cfn_matrix": [[161, 0, 0, 0, 0, 4659, 45], [0, 0, 0, 0, 8, 726, 76], [0, 0, 304, 0, 7, 4986, 0], [0, 0, 0, 0, 8, 2847, 0], [0, 0, 0, 0, 1970, 18, 1], [0, 0, 0, 0, 0, 1548, 7], [0, 0, 0, 0, 0, 100, 6588]], "train_accuracy": [0.5302771925926208, 0.8062899708747864, 0.8826936483383179, 0.9092395305633545, 0.9261549115180969, 0.9432835578918457, 0.9604122042655945, 0.9684435129165649, 0.9758350849151611, 0.9799928665161133, 0.9839374423027039, 0.9867092967033386, 0.9886993765830994, 0.9903340339660645, 0.9907249212265015, 0.9921819567680359, 0.9929282069206238, 0.9931058883666992, 0.9933546781539917, 0.9941009283065796, 0.9941009283065796, 0.994669497013092, 0.9948116540908813, 0.9952380657196045, 0.9952736496925354, 0.9955579042434692, 0.9957355856895447, 0.9957711696624756, 0.9960198998451233, 0.9960909485816956, 0.9964107871055603, 0.996339738368988, 0.996339738368988, 0.9965884685516357, 0.9965529441833496, 0.9968372583389282, 0.9969438314437866, 0.9968017339706421, 0.9968372583389282, 0.9968372583389282], "validation_shape": [12291, 52], "kp": 0.6, "l2": 0.001, "test_accuracy": [0.2908267080783844, 0.3722515404224396, 0.547819972038269, 0.5750031471252441, 0.5873477458953857, 0.6196849346160889, 0.6130346059799194, 0.6021862626075745, 0.5671889781951904, 0.562450647354126, 0.5374704003334045, 0.5091649889945984, 0.49939730763435364, 0.4983166456222534, 0.5145267844200134, 0.5080427527427673, 0.4615320563316345, 0.4774928390979767, 0.48148301243782043, 0.47757595777511597, 0.4757055640220642, 0.47317013144493103, 0.4779500365257263, 0.4599941670894623, 0.47138285636901855, 0.4635271728038788, 0.46730953454971313, 0.4598279297351837, 0.4579990804195404, 0.45741719007492065, 0.4551311433315277, 0.459911048412323, 0.47533148527145386, 0.46103328466415405, 0.45592087507247925, 0.4441581070423126, 0.4368011951446533, 0.45334386825561523, 0.4433683753013611, 0.43937820196151733], "validation_accuracy": [0.5272964239120483, 0.805060625076294, 0.8799121379852295, 0.9103409051895142, 0.9297860264778137, 0.9438613653182983, 0.958343505859375, 0.9661540985107422, 0.973883330821991, 0.9783581495285034, 0.9820193648338318, 0.9847856163978577, 0.9869823455810547, 0.9886095523834229, 0.9895045161247253, 0.9907249212265015, 0.9912944436073303, 0.9918639659881592, 0.9922707676887512, 0.9925962090492249, 0.9926775693893433, 0.9932470917701721, 0.9934098124504089, 0.9937352538108826, 0.9938979744911194, 0.9940606951713562, 0.9943861365318298, 0.9947929382324219, 0.9950370192527771, 0.9951997399330139, 0.9954438209533691, 0.9955251812934875, 0.9954438209533691, 0.9953624606132507, 0.995606541633606, 0.9958506226539612, 0.9961760640144348, 0.9959319829940796, 0.9960947036743164, 0.9961760640144348], "cfn_matrix_labels": ["Clearing Table", "Drinking Tea", "Eating", "Making Tea", "Prepping Food", "Setting Table", "Watching TV"]}