{"train_shape": [29175, 52], "test_shape": [23094, 52], "test_sparsity": 0.3314012289047241, "cfn_matrix": [[2261, 0, 559, 176, 11, 786, 206], [14, 0, 0, 19, 0, 0, 4], [5, 0, 2289, 794, 2, 818, 28], [18, 12, 345, 3164, 0, 330, 61], [39, 94, 0, 246, 2381, 22, 421], [209, 0, 53, 74, 9, 543, 7], [622, 0, 538, 0, 0, 0, 5934]], "train_accuracy": [0.3029649257659912, 0.5026564598083496, 0.5964011549949646, 0.7238733172416687, 0.8268724679946899, 0.8640618920326233, 0.8942247033119202, 0.9116711616516113, 0.9203429222106934, 0.930317223072052, 0.9441304206848145, 0.9533849358558655, 0.9616797566413879, 0.9671981334686279, 0.9755614995956421, 0.9784748554229736, 0.9811827540397644, 0.9842332601547241, 0.9862212538719177, 0.9890318512916565, 0.9905400276184082, 0.9920481443405151, 0.9929394125938416, 0.9941046833992004, 0.9947903156280518, 0.9954414963722229, 0.9957499504089355, 0.9960584044456482, 0.9963326454162598, 0.9964697360992432, 0.9968468546867371, 0.9971553087234497, 0.9978065490722656, 0.9978065490722656, 0.997943639755249, 0.997909426689148, 0.9981492757797241, 0.9980807900428772, 0.9982521533966064, 0.9984235167503357], "validation_shape": [12457, 52], "kp": 0.6, "l2": 0.001, "test_accuracy": [0.31497347354888916, 0.4014028012752533, 0.4677836298942566, 0.5210442543029785, 0.5875117778778076, 0.6272624731063843, 0.6465749144554138, 0.6600416302680969, 0.6741578578948975, 0.680696427822113, 0.6835542321205139, 0.6912619471549988, 0.6968910694122314, 0.702433705329895, 0.6998356580734253, 0.7038193941116333, 0.7097949385643005, 0.7102278470993042, 0.7142982482910156, 0.7166365385055542, 0.7184118628501892, 0.7173293828964233, 0.7207068800926208, 0.7208368182182312, 0.7213131189346313, 0.7204470634460449, 0.7194077968597412, 0.7207934856414795, 0.7188448905944824, 0.7188882827758789, 0.7190613746643066, 0.7204470634460449, 0.7193212509155273, 0.7171995043754578, 0.7195810079574585, 0.7194077968597412, 0.7175026535987854, 0.7183253169059753, 0.7174159288406372, 0.7175891995429993], "validation_accuracy": [0.30384525656700134, 0.5057397484779358, 0.5944448709487915, 0.7174277901649475, 0.8219472169876099, 0.8624865412712097, 0.893071711063385, 0.9094480276107788, 0.9164320826530457, 0.9254229664802551, 0.9397121071815491, 0.9515126943588257, 0.9586572647094727, 0.9638752341270447, 0.9740702509880066, 0.9783249497413635, 0.9816162586212158, 0.9841850399971008, 0.9865933656692505, 0.9889214038848877, 0.9905269145965576, 0.9922930002212524, 0.9931759834289551, 0.994059145450592, 0.9948618412017822, 0.9955040216445923, 0.9957448244094849, 0.9962266087532043, 0.9965476393699646, 0.9969490170478821, 0.9972701072692871, 0.9975911378860474, 0.9980728626251221, 0.9981531500816345, 0.998233437538147, 0.998233437538147, 0.9984742403030396, 0.998554527759552, 0.998554527759552, 0.9986348152160645], "cfn_matrix_labels": ["Clearing Table", "Drinking Tea", "Eating", "Making Tea", "Prepping Food", "Setting Table", "Watching TV"]}