{"train_shape": [29072, 52], "test_shape": [23094, 52], "test_sparsity": 0.733954668045044, "cfn_matrix": [[1379, 0, 247, 2032, 0, 73, 268], [11, 0, 0, 14, 8, 0, 4], [13, 0, 3180, 709, 7, 7, 20], [8, 0, 173, 3696, 8, 0, 45], [5, 0, 0, 9, 3177, 0, 12], [54, 0, 216, 284, 0, 334, 7], [67, 0, 709, 0, 0, 0, 6318]], "train_accuracy": [0.7484872341156006, 0.888140857219696, 0.9385676980018616, 0.9704884886741638, 0.9839379191398621, 0.9897511005401611, 0.9910925626754761, 0.9933972358703613, 0.9940163493156433, 0.9951858520507812, 0.9952546954154968, 0.9961146116256714, 0.99642413854599, 0.9966305494308472, 0.9971809983253479, 0.9971122145652771, 0.9973529577255249, 0.9972497224807739, 0.9973528981208801, 0.9974905252456665, 0.9974217414855957, 0.9975936412811279, 0.9975593090057373, 0.9974217414855957, 0.9973185658454895, 0.9972497224807739], "validation_shape": [12560, 52], "kp": 0.7, "l2": 0.001, "test_accuracy": [0.6090759038925171, 0.7321383953094482, 0.7746171355247498, 0.7808525562286377, 0.7839701771736145, 0.7919809818267822, 0.7910283207893372, 0.7986060380935669, 0.7976967692375183, 0.8046681880950928, 0.8087819218635559, 0.810297429561615, 0.808262288570404, 0.8093448281288147, 0.8018103837966919, 0.8060972690582275, 0.8031960129737854, 0.8022866249084473, 0.8011175394058228, 0.7961378693580627, 0.7890364527702332, 0.7879971861839294, 0.7912448644638062, 0.7872611284255981, 0.792933464050293, 0.7830608487129211], "validation_accuracy": [0.7497611045837402, 0.886863112449646, 0.937738835811615, 0.968550980091095, 0.9841560125350952, 0.9890127182006836, 0.9912420511245728, 0.9930732250213623, 0.9931528568267822, 0.9941878318786621, 0.9945063591003418, 0.9954618215560913, 0.9957006573677063, 0.9960191249847412, 0.9964172840118408, 0.9964172840118408, 0.996496856212616, 0.9965764284133911, 0.9968153238296509, 0.996735692024231, 0.9968153834342957, 0.9968153238296509, 0.9968153834342957, 0.9968949556350708, 0.9968949556350708, 0.9968153238296509], "cfn_matrix_labels": ["Clearing Table", "Drinking Tea", "Eating", "Making Tea", "Prepping Food", "Setting Table", "Watching TV"]}