{"train_shape": [28999, 52], "test_shape": [23094, 52], "test_sparsity": 0.8607954382896423, "cfn_matrix": [[2240, 0, 555, 1006, 0, 198, 0], [8, 0, 0, 17, 8, 0, 4], [5, 0, 3222, 258, 7, 422, 22], [7, 0, 263, 3565, 8, 51, 36], [5, 0, 0, 0, 3184, 9, 5], [137, 0, 193, 174, 0, 384, 7], [34, 0, 0, 0, 0, 0, 7060]], "train_accuracy": [0.8913746476173401, 0.9584111571311951, 0.983963668346405, 0.989860475063324, 0.9912742972373962, 0.9933089017868042, 0.9940675497055054, 0.9947226047515869, 0.9944123029708862, 0.9929640293121338, 0.9948261380195618, 0.995102047920227, 0.9948261976242065, 0.9946537017822266, 0.9948605895042419], "validation_shape": [12633, 52], "kp": 0.6, "l2": 0.001, "test_accuracy": [0.802849531173706, 0.8273581266403198, 0.828050971031189, 0.8398722410202026, 0.8497016429901123, 0.8532090783119202, 0.8548113107681274, 0.8543349504470825, 0.857972264289856, 0.8623889684677124, 0.8546380996704102, 0.8561102151870728, 0.8565433025360107, 0.8543782234191895, 0.8510872721672058], "validation_accuracy": [0.89527428150177, 0.9630333185195923, 0.9841684699058533, 0.9893137216567993, 0.990184485912323, 0.9922425746917725, 0.9931924343109131, 0.9943007230758667, 0.9934298992156982, 0.9919259548187256, 0.9946963787078857, 0.9946963787078857, 0.9944589734077454, 0.9937465190887451, 0.9935882091522217], "cfn_matrix_labels": ["Clearing Table", "Drinking Tea", "Eating", "Making Tea", "Prepping Food", "Setting Table", "Watching TV"]}