{"train_shape": [29032, 52], "test_shape": [23094, 52], "test_sparsity": 0.10529893636703491, "cfn_matrix": [[2797, 0, 478, 107, 20, 569, 28], [14, 8, 0, 0, 3, 0, 12], [44, 7, 1505, 87, 2, 2191, 100], [121, 8, 439, 2873, 0, 453, 36], [47, 41, 0, 23, 1938, 9, 1145], [317, 0, 1, 18, 17, 535, 7], [426, 0, 0, 0, 65, 0, 6603]], "train_accuracy": [0.27872684597969055, 0.35553860664367676, 0.41113242506980896, 0.4936964511871338, 0.5823572278022766, 0.6679179072380066, 0.7449707984924316, 0.7952601313591003, 0.8241247534751892, 0.8418638706207275, 0.8559173345565796, 0.8693162798881531, 0.880097508430481, 0.8928076028823853, 0.9057587385177612, 0.915162205696106, 0.9242212176322937, 0.9344167709350586, 0.941856861114502, 0.9476091265678406, 0.9546703100204468, 0.9618347883224487, 0.9693782329559326, 0.972547173500061, 0.9758538603782654, 0.9789883494377136, 0.9823638796806335, 0.9852572679519653, 0.9864627718925476, 0.9871516823768616, 0.9879783391952515, 0.9897351264953613, 0.9903550744056702, 0.991870641708374, 0.9926284551620483, 0.9933172464370728, 0.9936273097991943, 0.9939717650413513, 0.994144082069397, 0.9946262240409851], "validation_shape": [12600, 52], "kp": 0.7, "l2": 0.001, "test_accuracy": [0.2872173488140106, 0.2990819215774536, 0.30289241671562195, 0.31081652641296387, 0.34792572259902954, 0.4342251420021057, 0.5022947788238525, 0.5594958066940308, 0.609335720539093, 0.6486533284187317, 0.679743766784668, 0.6995324492454529, 0.7155539393424988, 0.7289775013923645, 0.7373778820037842, 0.7445225715637207, 0.747900128364563, 0.7539622783660889, 0.758638858795166, 0.7592450976371765, 0.7604575157165527, 0.7543520331382751, 0.7464278936386108, 0.7385038137435913, 0.735169529914856, 0.7280681133270264, 0.724170982837677, 0.7230018377304077, 0.7209666967391968, 0.7213996648788452, 0.7213131189346313, 0.7148179411888123, 0.7155972719192505, 0.7126960754394531, 0.711397111415863, 0.7107042074203491, 0.7058112025260925, 0.7052050232887268, 0.7049451470375061, 0.7040358185768127], "validation_accuracy": [0.272301584482193, 0.3530158996582031, 0.40619051456451416, 0.4907936453819275, 0.5813491344451904, 0.6654760837554932, 0.7388092875480652, 0.7911901473999023, 0.8207933306694031, 0.8390471935272217, 0.8539678454399109, 0.8664280772209167, 0.8773012161254883, 0.889602780342102, 0.9032534956932068, 0.915158212184906, 0.9239677786827087, 0.9340471029281616, 0.941428005695343, 0.9463486671447754, 0.9530947208404541, 0.9605550169944763, 0.9683327674865723, 0.9710311889648438, 0.973809003829956, 0.9776978492736816, 0.9799200296401978, 0.9811899065971375, 0.9832534790039062, 0.984602689743042, 0.9858724474906921, 0.9886502623558044, 0.9892058372497559, 0.9903963208198547, 0.9911105632781982, 0.9915866851806641, 0.9923010468482971, 0.9925391674041748, 0.9927772283554077, 0.9930946826934814], "cfn_matrix_labels": ["Clearing Table", "Drinking Tea", "Eating", "Making Tea", "Prepping Food", "Setting Table", "Watching TV"]}