{"train_shape": [29175, 52], "test_shape": [23094, 52], "test_sparsity": 0.2993951439857483, "cfn_matrix": [[1697, 0, 55, 957, 35, 91, 1164], [7, 1, 0, 18, 0, 7, 4], [29, 17, 2310, 958, 0, 595, 27], [159, 6, 189, 3428, 2, 53, 93], [18, 120, 0, 508, 1542, 77, 938], [280, 0, 65, 158, 0, 367, 25], [29, 0, 0, 0, 0, 0, 7065]], "train_accuracy": [0.3307284116744995, 0.6195716857910156, 0.7368295788764954, 0.7984234690666199, 0.8439419269561768, 0.8830507397651672, 0.9072495102882385, 0.9262041449546814, 0.9407027959823608, 0.9504715204238892, 0.9594175219535828, 0.9674037098884583, 0.9723395109176636, 0.9767954349517822, 0.9810456037521362, 0.9846788644790649, 0.9862897992134094, 0.988449215888977, 0.98978590965271, 0.9907457232475281, 0.9908827543258667, 0.9916712045669556, 0.9928365349769592, 0.9934877753257751, 0.9940361976623535, 0.9942418336868286, 0.9949958920478821, 0.9951329827308655, 0.995407223701477, 0.9954072833061218, 0.9957157373428345, 0.9957842826843262, 0.995818555355072, 0.9959213733673096, 0.9960242509841919, 0.9961955547332764, 0.9965040683746338, 0.9967439770698547, 0.9968810081481934, 0.996915340423584], "validation_shape": [12457, 52], "kp": 0.4, "l2": 0.001, "test_accuracy": [0.3913135826587677, 0.5094828009605408, 0.5459425449371338, 0.5835281014442444, 0.5995063185691833, 0.6069108843803406, 0.6151381731033325, 0.6224993467330933, 0.6157876253128052, 0.6223261952400208, 0.6231055855751038, 0.6254005432128906, 0.6273924112319946, 0.6306400299072266, 0.6310297250747681, 0.6339741945266724, 0.641811728477478, 0.644279956817627, 0.6491296887397766, 0.6548888087272644, 0.6610808968544006, 0.6658440232276917, 0.6685287356376648, 0.6723825335502625, 0.6760631799697876, 0.678704559803009, 0.6800469160079956, 0.6846367716789246, 0.684506893157959, 0.6869750618934631, 0.6898329854011536, 0.6929939985275269, 0.694682776927948, 0.6975407004356384, 0.6960251331329346, 0.7015676498413086, 0.7036028504371643, 0.7068070769309998, 0.7068504691123962, 0.7105743885040283], "validation_accuracy": [0.33306580781936646, 0.6206148862838745, 0.7366137504577637, 0.7958574295043945, 0.8441835641860962, 0.8809500932693481, 0.9074411988258362, 0.9248610734939575, 0.937624990940094, 0.9465356469154358, 0.954322338104248, 0.9622697234153748, 0.9687721133232117, 0.9739097356796265, 0.9800106883049011, 0.9834625720977783, 0.985549807548523, 0.9874764084815979, 0.9886002540588379, 0.9895636439323425, 0.9900453090667725, 0.9911690950393677, 0.9925338625907898, 0.9937378168106079, 0.994781494140625, 0.9942195415496826, 0.9951828718185425, 0.9952631592750549, 0.9957448840141296, 0.9959856271743774, 0.9960659742355347, 0.996306836605072, 0.9963870644569397, 0.996788501739502, 0.996788501739502, 0.996788501739502, 0.996788501739502, 0.9969490766525269, 0.9971095323562622, 0.997109591960907], "cfn_matrix_labels": ["Clearing Table", "Drinking Tea", "Eating", "Making Tea", "Prepping Food", "Setting Table", "Watching TV"]}