{"train_shape": [29032, 52], "test_shape": [23094, 52], "test_sparsity": 0.16576087474822998, "cfn_matrix": [[2507, 0, 407, 482, 0, 13, 590], [12, 0, 0, 0, 3, 0, 22], [13, 0, 3136, 429, 7, 38, 313], [134, 0, 460, 3154, 5, 4, 173], [26, 0, 3, 18, 2492, 2, 662], [136, 0, 291, 178, 8, 209, 73], [33, 0, 7, 0, 0, 0, 7054]], "train_accuracy": [0.10109534859657288, 0.21073295176029205, 0.258370041847229, 0.29656922817230225, 0.3734498620033264, 0.49228423833847046, 0.5712660551071167, 0.6217619776725769, 0.6711902022361755, 0.7254750728607178, 0.7732499241828918, 0.8070057034492493, 0.8383160829544067, 0.865871787071228, 0.8840930461883545, 0.8960798382759094, 0.9094787836074829, 0.9197778701782227, 0.9300079345703125, 0.9386879801750183, 0.9460936188697815, 0.9515702724456787, 0.9555314779281616, 0.958838164806366, 0.9629715085029602, 0.9678626656532288, 0.9706182479858398, 0.974234938621521, 0.977128267288208, 0.9805728197097778, 0.9818127751350403, 0.9838795065879822, 0.9850161075592041, 0.9869450330734253, 0.9869450330734253, 0.9880472421646118, 0.9887017607688904, 0.9894595146179199, 0.9897350668907166, 0.9906995296478271], "validation_shape": [12600, 52], "kp": 0.7, "l2": 0.001, "test_accuracy": [0.13059668242931366, 0.15354634821414948, 0.19169478118419647, 0.21001121401786804, 0.2575992941856384, 0.36451011896133423, 0.4731529653072357, 0.4830256998538971, 0.5009957551956177, 0.5273229479789734, 0.5600154399871826, 0.594353437423706, 0.6315492987632751, 0.6678791642189026, 0.702476978302002, 0.7266390919685364, 0.7476403713226318, 0.7630555629730225, 0.7721921801567078, 0.7767821550369263, 0.7807658910751343, 0.7831041812896729, 0.7859621047973633, 0.7877807021141052, 0.7895994186401367, 0.7901623249053955, 0.7918509840965271, 0.7921974658966064, 0.7937563061714172, 0.7934964895248413, 0.7944490909576416, 0.7937130331993103, 0.7949254512786865, 0.7958347797393799, 0.798865795135498, 0.7998617887496948, 0.8010742664337158, 0.7996019124984741, 0.8026331067085266, 0.803325891494751], "validation_accuracy": [0.10333333164453506, 0.2120634913444519, 0.2592063546180725, 0.29579365253448486, 0.370555579662323, 0.49150794744491577, 0.5692856907844543, 0.619920551776886, 0.6661902666091919, 0.7211108207702637, 0.76960289478302, 0.8080155849456787, 0.8396821022033691, 0.8696821331977844, 0.8829360604286194, 0.896348774433136, 0.9100788831710815, 0.9224597811698914, 0.9299201369285583, 0.9375391006469727, 0.9445233345031738, 0.9494439959526062, 0.9555550217628479, 0.9595232605934143, 0.9636502861976624, 0.96857088804245, 0.9703962802886963, 0.9729360342025757, 0.9761106371879578, 0.9792851805686951, 0.9796820878982544, 0.9830946922302246, 0.9832533597946167, 0.9851582050323486, 0.9851581454277039, 0.9869835376739502, 0.9876184463500977, 0.9890470504760742, 0.9891263842582703, 0.9899994134902954], "cfn_matrix_labels": ["Clearing Table", "Drinking Tea", "Eating", "Making Tea", "Prepping Food", "Setting Table", "Watching TV"]}