{"train_shape": [29072, 52], "test_shape": [23094, 52], "test_sparsity": 0.6805528402328491, "cfn_matrix": [[1841, 0, 269, 1733, 1, 110, 45], [12, 0, 0, 13, 8, 0, 4], [6, 5, 2992, 837, 14, 73, 9], [38, 0, 205, 3645, 11, 15, 16], [5, 0, 0, 9, 3184, 0, 5], [212, 0, 90, 232, 0, 354, 7], [14, 0, 0, 0, 0, 0, 7080]], "train_accuracy": [0.7898329496383667, 0.8913742899894714, 0.9311721324920654, 0.9665671586990356, 0.9824588298797607, 0.9899230599403381, 0.9935691356658936, 0.9941196441650391, 0.9950138926506042, 0.99552983045578, 0.9961146712303162, 0.9963553547859192, 0.9964585900306702, 0.9965617656707764, 0.9966306090354919, 0.9968369603157043, 0.9969401955604553, 0.9969400763511658, 0.9970089197158813, 0.9972496628761292, 0.9971465468406677, 0.9973185062408447, 0.9972841143608093, 0.9970777630805969, 0.9973528385162354, 0.9973185062408447], "validation_shape": [12560, 52], "kp": 0.4, "l2": 0.001, "test_accuracy": [0.6433705687522888, 0.8060972094535828, 0.8350658416748047, 0.84918212890625, 0.838789701461792, 0.8354121446609497, 0.8344596028327942, 0.8398289680480957, 0.8362349271774292, 0.8342864513397217, 0.8329007625579834, 0.8347194790840149, 0.8400887846946716, 0.833247184753418, 0.828787088394165, 0.8291769027709961, 0.8364081978797913, 0.8348492980003357, 0.8328574895858765, 0.8310388326644897, 0.83281409740448, 0.8261457681655884, 0.8316450119018555, 0.8248900175094604, 0.8300428986549377, 0.8268818259239197], "validation_accuracy": [0.7894904613494873, 0.8900477886199951, 0.9292993545532227, 0.9651273488998413, 0.9804140329360962, 0.9873408079147339, 0.9917993545532227, 0.9921178221702576, 0.993789792060852, 0.9945859909057617, 0.9951432943344116, 0.9957005977630615, 0.996178388595581, 0.996417224407196, 0.9964172840118408, 0.9965764284133911, 0.996496856212616, 0.9965764880180359, 0.9962579607963562, 0.996656060218811, 0.9968949556350708, 0.9970542192459106, 0.9968949556350708, 0.9969745874404907, 0.996894896030426, 0.9970542192459106], "cfn_matrix_labels": ["Clearing Table", "Drinking Tea", "Eating", "Making Tea", "Prepping Food", "Setting Table", "Watching TV"]}