{"train_shape": [29175, 52], "test_shape": [23094, 52], "test_sparsity": 0.18296372890472412, "cfn_matrix": [[1712, 1, 79, 1536, 0, 92, 579], [14, 0, 0, 13, 6, 0, 4], [13, 6, 2019, 1803, 7, 66, 22], [106, 1, 111, 3642, 22, 7, 41], [5, 0, 0, 140, 2500, 6, 552], [117, 0, 125, 334, 0, 312, 7], [73, 0, 9, 0, 0, 0, 7012]], "train_accuracy": [0.14495287835597992, 0.5652099847793579, 0.7114654183387756, 0.7862212061882019, 0.8295117616653442, 0.8589547276496887, 0.8866840600967407, 0.9110541939735413, 0.9281578063964844, 0.9424166083335876, 0.9557157158851624, 0.9657242894172668, 0.9708313941955566, 0.9771038889884949, 0.978783369064331, 0.9827593564987183, 0.9852616190910339, 0.9881064295768738, 0.9896831512451172, 0.9911569356918335, 0.9916025400161743, 0.9919111132621765, 0.9922881126403809, 0.9933164119720459, 0.9936248660087585, 0.9937962293624878, 0.9938305020332336, 0.9943103790283203, 0.9943789839744568, 0.995235800743103, 0.9950301051139832, 0.995647132396698, 0.9959898591041565, 0.9961270093917847, 0.9965384006500244, 0.9965726137161255, 0.9970182180404663, 0.9973952770233154, 0.9969840049743652, 0.9975323677062988], "validation_shape": [12457, 52], "kp": 0.5, "l2": 0.001, "test_accuracy": [0.21360521018505096, 0.4319734573364258, 0.5526109337806702, 0.63925701379776, 0.6851997971534729, 0.704425573348999, 0.724604070186615, 0.7358191013336182, 0.7383738160133362, 0.7432236075401306, 0.7465578317642212, 0.7500218749046326, 0.7520137429237366, 0.7568202018737793, 0.7610637545585632, 0.7630556225776672, 0.7648742198944092, 0.764874279499054, 0.7634886503219604, 0.761886477470398, 0.7656104564666748, 0.763098955154419, 0.7609772086143494, 0.7601977586746216, 0.7596781253814697, 0.7558675408363342, 0.756863534450531, 0.7592883110046387, 0.7563872337341309, 0.7556511163711548, 0.7556511163711548, 0.752879798412323, 0.7516241073608398, 0.7503683567047119, 0.7502817511558533, 0.7485063076019287, 0.7457783818244934, 0.7459948658943176, 0.7452587485313416, 0.7446525692939758], "validation_accuracy": [0.13494421541690826, 0.5640202164649963, 0.7106043100357056, 0.7839766144752502, 0.8259609937667847, 0.8531745076179504, 0.8815120458602905, 0.9055948257446289, 0.9238977432250977, 0.9382672309875488, 0.9518337845802307, 0.961466908454895, 0.9659623503684998, 0.9711803793907166, 0.9732675552368164, 0.9780037999153137, 0.9821781516075134, 0.9857906103134155, 0.9876369833946228, 0.9899649620056152, 0.9898846745491028, 0.990767776966095, 0.9911690950393677, 0.9930956959724426, 0.9937379360198975, 0.9942998886108398, 0.99446040391922, 0.9945406913757324, 0.9946209788322449, 0.9955843687057495, 0.9948618412017822, 0.9961462020874023, 0.9965475797653198, 0.9964674115180969, 0.9968687295913696, 0.996627926826477, 0.9971095323562622, 0.9972701072692871, 0.9970292448997498, 0.9973503351211548], "cfn_matrix_labels": ["Clearing Table", "Drinking Tea", "Eating", "Making Tea", "Prepping Food", "Setting Table", "Watching TV"]}