{"train_shape": [28999, 52], "test_shape": [23094, 52], "test_sparsity": 0.7688073515892029, "cfn_matrix": [[1998, 0, 298, 1478, 29, 179, 17], [12, 0, 0, 11, 8, 2, 4], [7, 0, 3011, 306, 7, 584, 21], [7, 0, 185, 3613, 8, 87, 30], [5, 0, 0, 5, 3091, 9, 93], [69, 0, 184, 165, 0, 470, 7], [21, 0, 103, 0, 0, 0, 6970]], "train_accuracy": [0.8838916420936584, 0.9497213363647461, 0.9790324568748474, 0.9879293441772461, 0.9895501136779785, 0.9930674433708191, 0.9920674562454224, 0.9920674562454224, 0.9935503005981445, 0.9947226643562317, 0.992412269115448, 0.9947916269302368, 0.9931709170341492, 0.9923778176307678], "validation_shape": [12633, 52], "kp": 0.5, "l2": 0.001, "test_accuracy": [0.7655670642852783, 0.7861785292625427, 0.7972636818885803, 0.8025897741317749, 0.8091715574264526, 0.814281165599823, 0.8170524835586548, 0.8178750872612, 0.8151038885116577, 0.8154503107070923, 0.8253230452537537, 0.8179184794425964, 0.8318614959716797, 0.8293500542640686], "validation_accuracy": [0.8870419263839722, 0.952505350112915, 0.9794189929962158, 0.9868597984313965, 0.988838791847229, 0.9920842051506042, 0.9912135004997253, 0.9910551905632019, 0.9927175045013428, 0.9947755336761475, 0.9912926554679871, 0.9943006038665771, 0.9922425746917725, 0.9910551905632019], "cfn_matrix_labels": ["Clearing Table", "Drinking Tea", "Eating", "Making Tea", "Prepping Food", "Setting Table", "Watching TV"]}