{"train_shape": [29276, 52], "test_shape": [23094, 52], "test_sparsity": 0.49468082189559937, "cfn_matrix": [[2306, 4, 594, 449, 0, 321, 325], [14, 0, 0, 15, 8, 0, 0], [13, 3, 3400, 71, 7, 435, 7], [107, 2, 256, 3377, 8, 137, 43], [5, 84, 5, 30, 2542, 72, 465], [93, 3, 194, 125, 0, 473, 7], [136, 11, 118, 0, 0, 0, 6829]], "train_accuracy": [0.5264036655426025, 0.7928334474563599, 0.8643936514854431, 0.9000201225280762, 0.9320600032806396, 0.9515640735626221, 0.965397834777832, 0.9759183526039124, 0.9813836216926575, 0.9865413904190063, 0.9884884357452393, 0.9906061887741089, 0.9920408129692078, 0.9933046698570251, 0.9941586256027222, 0.9948076009750366, 0.9961055517196655, 0.9965838193893433, 0.9969937205314636, 0.9973011016845703, 0.9980525970458984, 0.9981551170349121, 0.9982917308807373, 0.9983600378036499, 0.9984282851219177, 0.998462438583374, 0.9986673593521118, 0.9984965324401855, 0.9987356662750244, 0.998735785484314], "validation_shape": [12356, 52], "kp": 0.6, "l2": 0.001, "test_accuracy": [0.42621442675590515, 0.5565513372421265, 0.6809995174407959, 0.7454752922058105, 0.7559108734130859, 0.7477701902389526, 0.740885317325592, 0.7364252805709839, 0.7356457710266113, 0.7336540222167969, 0.7380707263946533, 0.742357611656189, 0.7473805546760559, 0.7494157552719116, 0.7537890672683716, 0.7592883110046387, 0.7659134864807129, 0.7688579559326172, 0.7747902870178223, 0.778384268283844, 0.7817184925079346, 0.7877807021141052, 0.7918077707290649, 0.7958780527114868, 0.7979131937026978, 0.8024165630340576, 0.8063136339187622, 0.808305561542511, 0.8172689080238342, 0.8195639252662659], "validation_accuracy": [0.5304307341575623, 0.7986407279968262, 0.867028534412384, 0.9036909341812134, 0.9316126704216003, 0.9507126808166504, 0.9656042456626892, 0.9749923944473267, 0.9814669489860535, 0.9863229393959045, 0.98891282081604, 0.9904505014419556, 0.9922309517860413, 0.9935259222984314, 0.9940924048423767, 0.9951444864273071, 0.9962776303291321, 0.9964394569396973, 0.9971678853034973, 0.9981390237808228, 0.9984627962112427, 0.9987865090370178, 0.9987865090370178, 0.9988674521446228, 0.9988674521446228, 0.9988674521446228, 0.9990293383598328, 0.9988674521446228, 0.999029278755188, 0.9990293383598328], "cfn_matrix_labels": ["Clearing Table", "Drinking Tea", "Eating", "Making Tea", "Prepping Food", "Setting Table", "Watching TV"]}