{"train_shape": [28140, 52], "test_shape": [24059, 52], "test_sparsity": 0.2622174024581909, "cfn_matrix": [[42, 0, 0, 0, 0, 3196, 1627], [0, 0, 0, 0, 8, 338, 464], [0, 0, 14, 0, 7, 3297, 1979], [0, 0, 0, 0, 8, 2778, 69], [0, 0, 0, 0, 1970, 14, 5], [0, 0, 0, 0, 0, 1548, 7], [0, 0, 0, 0, 0, 19, 6669]], "train_accuracy": [0.5863184332847595, 0.7990760207176208, 0.8706467747688293, 0.90287846326828, 0.9261904954910278, 0.9453091621398926, 0.9600213170051575, 0.9697939157485962, 0.9776830077171326, 0.9825159907341003, 0.9861407279968262, 0.9884150624275208, 0.989765465259552, 0.9909381866455078, 0.9914001226425171, 0.9916133880615234, 0.9921819567680359, 0.993034839630127, 0.9930703639984131, 0.9935678839683533, 0.9940298795700073, 0.9946339726448059, 0.9948116540908813, 0.9948116540908813, 0.9952025413513184, 0.9957000613212585, 0.995877742767334, 0.9960909485816956, 0.9959843754768372, 0.9960554242134094, 0.9964463114738464, 0.9965529441833496, 0.996730625629425, 0.9968727827072144, 0.9969794154167175, 0.9969794154167175], "validation_shape": [12291, 52], "kp": 0.4, "l2": 0.001, "test_accuracy": [0.3195062279701233, 0.3246186375617981, 0.4220873713493347, 0.44652727246284485, 0.4376325011253357, 0.4461531937122345, 0.46593791246414185, 0.45429983735084534, 0.44025105237960815, 0.4397522807121277, 0.4333929121494293, 0.43193814158439636, 0.4320628345012665, 0.4308159053325653, 0.4281142055988312, 0.4314393699169159, 0.4298599362373352, 0.4294027090072632, 0.4296520948410034, 0.42936116456985474, 0.42882081866264343, 0.42786481976509094, 0.4279479682445526, 0.42907020449638367, 0.4276154339313507, 0.4265763461589813, 0.42649319767951965, 0.42582815885543823, 0.4271998107433319, 0.42690885066986084, 0.42603600025177, 0.4259113073348999, 0.4263269603252411, 0.4259113073348999, 0.425578773021698, 0.42574504017829895], "validation_accuracy": [0.5906761288642883, 0.7996094822883606, 0.8687657713890076, 0.8974859714508057, 0.9239280819892883, 0.9436172842979431, 0.9585062265396118, 0.9675372242927551, 0.9754291772842407, 0.9799039959907532, 0.9838906526565552, 0.9864128232002258, 0.988040030002594, 0.9896672368049622, 0.9908062815666199, 0.9906435608863831, 0.9912130832672119, 0.9917826056480408, 0.9921894073486328, 0.9925962090492249, 0.9926775693893433, 0.9932470917701721, 0.9933284521102905, 0.9935725331306458, 0.993816614151001, 0.993816614151001, 0.9940606951713562, 0.9943861365318298, 0.9945488572120667, 0.9944674968719482, 0.9950370192527771, 0.9951183795928955, 0.9948742985725403, 0.9951183795928955, 0.9953624606132507, 0.9953624606132507], "cfn_matrix_labels": ["Clearing Table", "Drinking Tea", "Eating", "Making Tea", "Prepping Food", "Setting Table", "Watching TV"]}