{"train_shape": [29072, 52], "test_shape": [23094, 52], "test_sparsity": 0.5431912541389465, "cfn_matrix": [[1690, 0, 309, 1897, 0, 25, 78], [7, 0, 0, 18, 8, 0, 4], [5, 0, 3105, 762, 7, 46, 11], [7, 0, 225, 3659, 8, 7, 24], [5, 0, 0, 1, 3133, 8, 56], [63, 0, 197, 250, 0, 378, 7], [39, 0, 7, 0, 0, 0, 7048]], "train_accuracy": [0.7903144955635071, 0.8944700956344604, 0.9354374408721924, 0.9744786024093628, 0.9871369004249573, 0.9906798601150513, 0.9923653602600098, 0.9938787817955017, 0.9939475059509277, 0.995701789855957, 0.995976984500885, 0.9963553547859192, 0.9945322871208191, 0.9959425926208496, 0.9970089197158813, 0.9970777034759521, 0.9971121549606323, 0.996802568435669, 0.9972497820854187, 0.9973872900009155, 0.9974217414855957, 0.9974560737609863, 0.9972840547561646], "validation_shape": [12560, 52], "kp": 0.4, "l2": 0.001, "test_accuracy": [0.6556681990623474, 0.7584223747253418, 0.788386881351471, 0.7981297969818115, 0.8045383095741272, 0.8105572462081909, 0.8136749863624573, 0.8165761232376099, 0.8195639252662659, 0.812289297580719, 0.8152337670326233, 0.8158400058746338, 0.8196505308151245, 0.8178318738937378, 0.8206464648246765, 0.8139347434043884, 0.8183081150054932, 0.8239806890487671, 0.8161431550979614, 0.8186979293823242, 0.8291335105895996, 0.8270983695983887, 0.823287844657898], "validation_accuracy": [0.7933120727539062, 0.8924363255500793, 0.9338375926017761, 0.9752388596534729, 0.987181544303894, 0.9895700216293335, 0.9915605187416077, 0.9935510158538818, 0.993789792060852, 0.9953821301460266, 0.9955414533615112, 0.9959394931793213, 0.9935508966445923, 0.9951433539390564, 0.9967356324195862, 0.9968153238296509, 0.9968949556350708, 0.9959394931793213, 0.9969744682312012, 0.9970542192459106, 0.996735692024231, 0.996735692024231, 0.9968949556350708], "cfn_matrix_labels": ["Clearing Table", "Drinking Tea", "Eating", "Making Tea", "Prepping Food", "Setting Table", "Watching TV"]}