{"train_shape": [29175, 52], "test_shape": [23094, 52], "test_sparsity": 0.34450602531433105, "cfn_matrix": [[1438, 0, 652, 980, 1, 801, 127], [9, 0, 0, 16, 8, 0, 4], [10, 0, 3006, 16, 7, 875, 22], [38, 0, 289, 3076, 8, 464, 55], [12, 0, 0, 32, 3011, 9, 139], [191, 0, 193, 60, 0, 444, 7], [351, 18, 227, 1, 0, 0, 6497]], "train_accuracy": [0.5236333012580872, 0.6431877613067627, 0.7183206677436829, 0.8061698079109192, 0.8529564142227173, 0.8849016427993774, 0.9079693555831909, 0.9218510389328003, 0.9316883087158203, 0.9394346475601196, 0.9485863447189331, 0.9586634635925293, 0.9634278416633606, 0.9692203998565674, 0.9771381616592407, 0.9803257584571838, 0.9844732284545898, 0.9876608848571777, 0.9881750345230103, 0.9899231195449829, 0.990574300289154, 0.9915339946746826, 0.9923908710479736, 0.9925623536109924, 0.9932135939598083, 0.9938647747039795, 0.9943103790283203, 0.9945845603942871, 0.9950644373893738, 0.9953386187553406, 0.9958527684211731, 0.9957499504089355, 0.9962298274040222, 0.9964011311531067, 0.9966411590576172, 0.9968467950820923, 0.9969495534896851, 0.9969495534896851, 0.9970524311065674, 0.9971209764480591], "validation_shape": [12457, 52], "kp": 0.6, "l2": 0.001, "test_accuracy": [0.24712039530277252, 0.45171883702278137, 0.5395772457122803, 0.6245777606964111, 0.6900928020477295, 0.727938175201416, 0.7615833282470703, 0.7771285772323608, 0.7842299938201904, 0.7871311902999878, 0.7892528772354126, 0.7896426916122437, 0.7899457812309265, 0.7891663312911987, 0.7851393222808838, 0.7826278209686279, 0.7778213620185852, 0.7740974426269531, 0.7716293334960938, 0.7688146829605103, 0.7682085037231445, 0.7647443413734436, 0.7619297504425049, 0.7629257440567017, 0.7604575753211975, 0.7603276371955872, 0.7593749761581421, 0.7562139630317688, 0.7561273574829102, 0.7560408115386963, 0.7554779052734375, 0.7556077241897583, 0.7533560991287231, 0.7520137429237366, 0.7511476278305054, 0.7511910200119019, 0.7530097365379333, 0.7530097365379333, 0.7552180886268616, 0.7565604448318481], "validation_accuracy": [0.5222766399383545, 0.6412457823753357, 0.7175883054733276, 0.8057314157485962, 0.8509268164634705, 0.8831977248191833, 0.9053539633750916, 0.9205261468887329, 0.9297579526901245, 0.9363405108451843, 0.9454118013381958, 0.955125093460083, 0.9599417448043823, 0.9664440155029297, 0.975756049156189, 0.9794488549232483, 0.9829809069633484, 0.9871553182601929, 0.9872355461120605, 0.9890819191932678, 0.9902860522270203, 0.9914902448654175, 0.9925338625907898, 0.9927746057510376, 0.993657648563385, 0.9935773611068726, 0.9942196011543274, 0.9954237341880798, 0.9955843091011047, 0.9956645965576172, 0.9959856271743774, 0.9957448244094849, 0.9965475797653198, 0.9967081546783447, 0.9970292448997498, 0.997109591960907, 0.9971898198127747, 0.9971898198127747, 0.9972700476646423, 0.9973503351211548], "cfn_matrix_labels": ["Clearing Table", "Drinking Tea", "Eating", "Making Tea", "Prepping Food", "Setting Table", "Watching TV"]}