,mean,standard_deviation
location_in_kitchen,0.19671367335528359,0.39752020390189435
location_in_living_room,0.3177300118034416,0.4656011008276078
location_in_dining_room,0.48555631484127476,0.4997990987808944
