,mean,standard_deviation
pressuremat_pressuremat_sum_mean,207625.1533290195,402215.14511244587
pressuremat_pressuremat_sum_std,11625.125933552185,57405.528993257896
