{"kp": 0.7, "l2": 0.1, "validation_shape": [12895, 52], "train_accuracy": [0.40552377700805664, 0.4880124032497406, 0.6315534710884094, 0.7578834891319275, 0.8043802976608276, 0.8382014036178589, 0.8512065410614014, 0.8575055599212646, 0.8651226162910461, 0.8717511296272278, 0.8783990740776062, 0.885434627532959, 0.8945634365081787, 0.9032270312309265, 0.9087702035903931, 0.9113286137580872, 0.913014829158783, 0.9151468276977539, 0.9167942404747009, 0.9183060526847839, 0.9189068675041199, 0.9201085567474365, 0.9205737113952637, 0.9213877320289612, 0.9221630096435547, 0.923054575920105, 0.9236747622489929, 0.9246826171875, 0.9253028631210327, 0.9260005950927734, 0.9265044927597046, 0.9275898933410645, 0.928442656993866, 0.9282488822937012, 0.9289659857749939, 0.9295086860656738, 0.9304002523422241, 0.9304583668708801, 0.9306328296661377, 0.9313693046569824], "test_accuracy": [0.23435993492603302, 0.28495264053344727, 0.4039475917816162, 0.4994044601917267, 0.6134082078933716, 0.7119278311729431, 0.7194713950157166, 0.7369406223297119, 0.7428960204124451, 0.7413079142570496, 0.7403436899185181, 0.7395496368408203, 0.7389824986457825, 0.7350121736526489, 0.728262722492218, 0.7271283268928528, 0.7280358672142029, 0.7249730825424194, 0.7228177785873413, 0.7217968106269836, 0.7207191586494446, 0.7198116779327393, 0.7096590995788574, 0.6870285272598267, 0.6692190170288086, 0.6560603380203247, 0.653791606426239, 0.6548692584037781, 0.6522602438926697, 0.6502751111984253, 0.6497645974159241, 0.6486302614212036, 0.6470988392829895, 0.6432987451553345, 0.6421643495559692, 0.638307511806488, 0.6351880431175232, 0.6336566209793091, 0.629856526851654, 0.6284952759742737], "validation_accuracy": [0.4008530378341675, 0.48297789692878723, 0.627530038356781, 0.7554866075515747, 0.8012408018112183, 0.8351299166679382, 0.8482357263565063, 0.8544396758079529, 0.8633579015731812, 0.8701046705245972, 0.8766188621520996, 0.8835207223892212, 0.8949205279350281, 0.9046142101287842, 0.9096549153327942, 0.9126017689704895, 0.913765013217926, 0.9151608943939209, 0.9175649285316467, 0.9193485975265503, 0.919813871383667, 0.9213648438453674, 0.9212872982025146, 0.9222954511642456, 0.9232260584831238, 0.9245443940162659, 0.9245443940162659, 0.9256300926208496, 0.9261729121208191, 0.9268708825111389, 0.9274137020111084, 0.9284994006156921, 0.9290422797203064, 0.9291198253631592, 0.9302830696105957, 0.9304381608963013, 0.9317564964294434, 0.9316789507865906, 0.9320666790008545, 0.9326871037483215], "cfn_matrix_labels": ["Clearing Table", "Drinking Tea", "Eating", "Making Tea", "Prepping Food", "Setting Table", "Watching TV"], "train_shape": [51595, 52], "test_shape": [17631, 52], "cfn_matrix": [[5119, 6, 40, 152, 163, 134, 0], [0, 0, 0, 0, 24, 0, 0], [638, 0, 635, 505, 510, 231, 43], [23, 0, 84, 2528, 111, 42, 0], [418, 0, 1132, 1300, 487, 0, 545], [338, 0, 39, 21, 0, 100, 51], [0, 0, 0, 0, 0, 0, 2212]]}