{"kp": 0.7, "l2": 0.1, "validation_shape": [13018, 52], "train_accuracy": [0.3457413613796234, 0.48812946677207947, 0.6329072117805481, 0.6677222847938538, 0.7078800201416016, 0.7816871404647827, 0.8399712443351746, 0.8512977957725525, 0.8536874651908875, 0.863401472568512, 0.8734846115112305, 0.8791576027870178, 0.8881916403770447, 0.8968371152877808, 0.9039477705955505, 0.9080082178115845, 0.9128069877624512, 0.9156045913696289, 0.9179748296737671, 0.9192764759063721, 0.9202090501785278, 0.9223266839981079, 0.9240752458572388, 0.9250854849815369, 0.9259791970252991, 0.9265620112419128, 0.9267368912696838, 0.9275722503662109, 0.9274945855140686, 0.9278054237365723, 0.9278054237365723, 0.9284853935241699, 0.9282910823822021, 0.9288933873176575, 0.9295927882194519, 0.9295344948768616, 0.9301367998123169, 0.9303116202354431, 0.9307584762573242, 0.9315356016159058], "test_accuracy": [0.20605751872062683, 0.36878225207328796, 0.4489251971244812, 0.4483579993247986, 0.4296976923942566, 0.421303391456604, 0.42272135615348816, 0.553683876991272, 0.6748340725898743, 0.7492485046386719, 0.7713686227798462, 0.7645056843757629, 0.7536724805831909, 0.7491350173950195, 0.7430661916732788, 0.7334808111190796, 0.7363734245300293, 0.7286030054092407, 0.7297940850257874, 0.7276955246925354, 0.7254267930984497, 0.7202654480934143, 0.7184504270553589, 0.7232148051261902, 0.7146503329277039, 0.7200952768325806, 0.7227043509483337, 0.7149339318275452, 0.712324857711792, 0.7104531526565552, 0.7155578136444092, 0.7120980024337769, 0.7115308046340942, 0.715330958366394, 0.7182235717773438, 0.7151041030883789, 0.7147637605667114, 0.7162384390830994, 0.716181755065918, 0.7147637605667114], "validation_accuracy": [0.34498387575149536, 0.4844830334186554, 0.625211238861084, 0.661161482334137, 0.701874315738678, 0.7764633297920227, 0.8356890678405762, 0.8482101559638977, 0.8508987426757812, 0.8613458275794983, 0.8710247278213501, 0.8765555620193481, 0.8841603994369507, 0.8928406834602356, 0.9007527828216553, 0.9050545692443848, 0.9104316830635071, 0.9132739305496216, 0.9173452258110046, 0.9188815355300903, 0.9201874136924744, 0.9224151372909546, 0.92464280128479, 0.9257182478904724, 0.9263327717781067, 0.926947295665741, 0.9274850487709045, 0.9277154803276062, 0.9283300042152405, 0.9279459118843079, 0.9281763434410095, 0.9289445281028748, 0.9293286204338074, 0.9294054508209229, 0.9306344985961914, 0.9303272366523743, 0.931172251701355, 0.93186354637146, 0.9317867755889893, 0.9327853918075562], "cfn_matrix_labels": ["Clearing Table", "Drinking Tea", "Eating", "Making Tea", "Prepping Food", "Setting Table", "Watching TV"], "train_shape": [51472, 52], "test_shape": [17631, 52], "cfn_matrix": [[4037, 0, 0, 0, 1577, 0, 0], [0, 0, 0, 0, 24, 0, 0], [536, 0, 411, 729, 540, 345, 1], [0, 0, 0, 2469, 319, 0, 0], [153, 0, 164, 0, 3268, 0, 297], [188, 0, 17, 20, 0, 249, 75], [0, 0, 0, 0, 44, 0, 2168]]}