{"kp": 0.6, "l2": 0.001, "validation_shape": [13054, 52], "train_accuracy": [0.40799909830093384, 0.6565158367156982, 0.8145391941070557, 0.8513196706771851, 0.8606306314468384, 0.8671252727508545, 0.8739511966705322, 0.8829308152198792, 0.8924739360809326, 0.9035744071006775, 0.9126865863800049, 0.9213681221008301, 0.9283266067504883, 0.9317063689231873, 0.9388636350631714, 0.9418126940727234, 0.9434694647789001, 0.9445961713790894, 0.9462196826934814, 0.948373556137085, 0.9482741355895996, 0.9486386179924011, 0.9509249925613403, 0.9536752104759216, 0.9559284448623657, 0.957021951675415, 0.9587780833244324, 0.9604349136352539, 0.9642786383628845, 0.96318519115448, 0.9653058052062988, 0.9700442552566528, 0.971535325050354, 0.9727612733840942, 0.9764062166213989, 0.977599024772644, 0.9777317047119141, 0.978294849395752, 0.9789907336235046, 0.9792227149009705], "test_accuracy": [0.3475089967250824, 0.440372496843338, 0.6838691830635071, 0.7237149477005005, 0.7337822318077087, 0.7422029972076416, 0.7445081472396851, 0.7479422688484192, 0.7455431222915649, 0.746201753616333, 0.7432380318641663, 0.7396156191825867, 0.7435202598571777, 0.7451196908950806, 0.7418737411499023, 0.74295574426651, 0.7433320879936218, 0.7453079223632812, 0.7415914535522461, 0.7405095100402832, 0.7394275069236755, 0.7386747598648071, 0.7382984757423401, 0.7366988658905029, 0.7325591444969177, 0.7357109785079956, 0.7350524067878723, 0.7366518974304199, 0.7355228662490845, 0.7329354882240295, 0.7318534255027771, 0.7269609570503235, 0.7271020412445068, 0.7275254726409912, 0.7204219102859497, 0.7155764102935791, 0.7172229290008545, 0.7156705856323242, 0.7099782824516296, 0.7098841667175293], "validation_accuracy": [0.40646547079086304, 0.6545119285583496, 0.8174502849578857, 0.8566718697547913, 0.8650984168052673, 0.870537281036377, 0.8765891790390015, 0.8845560550689697, 0.8953573107719421, 0.9057755470275879, 0.9162704348564148, 0.9243139028549194, 0.9299061894416809, 0.9341193437576294, 0.9403243064880371, 0.9440779089927673, 0.9462995529174805, 0.9478315114974976, 0.9489806294441223, 0.9507426023483276, 0.9514319896697998, 0.9517384767532349, 0.9537301659584045, 0.9565645456314087, 0.9596287608146667, 0.9608544111251831, 0.9620034694671631, 0.9636121988296509, 0.9665997624397278, 0.9660635590553284, 0.9679020047187805, 0.9715791344642639, 0.9728813767433167, 0.9735708236694336, 0.9777840375900269, 0.979009747505188, 0.9791629314422607, 0.9795459508895874, 0.9801587462425232, 0.9800055623054504], "cfn_matrix_labels": ["Clearing Table", "Eating", "Making Tea", "Prepping Food", "Setting Table", "Watching TV"], "train_shape": [30179, 52], "test_shape": [21257, 52], "cfn_matrix": [[1486, 11, 0, 262, 1951, 0], [0, 1526, 0, 8, 2071, 0], [0, 13, 2902, 92, 573, 29], [0, 0, 776, 2136, 0, 0], [325, 0, 0, 56, 223, 0], [0, 0, 0, 0, 0, 6817]]}