{"kp": 0.7, "l2": 0.1, "validation_shape": [11950, 52], "train_accuracy": [0.5282819867134094, 0.6314384937286377, 0.8420350551605225, 0.9017941951751709, 0.917769730091095, 0.9298128485679626, 0.9382044076919556, 0.9428390860557556, 0.9475790858268738, 0.9534075260162354, 0.9547417759895325, 0.9613426327705383, 0.9660475254058838, 0.9698746800422668, 0.9724026322364807, 0.9740880131721497, 0.9763000011444092, 0.9776692986488342, 0.9791088700294495, 0.9796004295349121, 0.9812506437301636, 0.9810048937797546, 0.9811804294586182, 0.9829711318016052, 0.9842702150344849, 0.9846915602684021, 0.9857097864151001, 0.9860608577728271, 0.9871492981910706, 0.9877111315727234, 0.9873951077461243, 0.9885888695716858, 0.9883431196212769, 0.9897124171257019, 0.9901337623596191, 0.9902390837669373], "test_accuracy": [0.4781578481197357, 0.5390914082527161, 0.6830292344093323, 0.7974562644958496, 0.8304584622383118, 0.8286296129226685, 0.8193191885948181, 0.8033168315887451, 0.7835321426391602, 0.7762583494186401, 0.781287670135498, 0.7711459398269653, 0.7778378129005432, 0.7910968661308289, 0.7958352565765381, 0.808346152305603, 0.8233093619346619, 0.8324120044708252, 0.8242237567901611, 0.8325366973876953, 0.8411405086517334, 0.8392701148986816, 0.8474999070167542, 0.845795750617981, 0.8498275279998779, 0.8522382378578186, 0.8553140163421631, 0.8524045348167419, 0.8525707721710205, 0.8558127880096436, 0.8585976362228394, 0.8634191155433655, 0.8675755262374878, 0.8682821393013, 0.8694043755531311, 0.8703187704086304], "validation_accuracy": [0.53313809633255, 0.6281171441078186, 0.84150630235672, 0.9021757245063782, 0.918159008026123, 0.9279497861862183, 0.9357322454452515, 0.9412552118301392, 0.946694552898407, 0.9520502090454102, 0.9534727931022644, 0.9605857729911804, 0.965355634689331, 0.9697908163070679, 0.972970724105835, 0.9744769930839539, 0.9766527414321899, 0.9784100651741028, 0.9803346991539001, 0.9806694388389587, 0.9830125570297241, 0.9830125570297241, 0.9828451871871948, 0.9837656617164612, 0.9851046204566956, 0.985774040222168, 0.9861924648284912, 0.986945629119873, 0.9876987338066101, 0.9886192679405212, 0.9885355830192566, 0.9893723726272583, 0.9888702630996704, 0.9901255369186401, 0.9899581670761108, 0.9899581670761108], "cfn_matrix_labels": ["Clearing Table", "Drinking Tea", "Eating", "Making Tea", "Prepping Food", "Setting Table", "Watching TV"], "train_shape": [28481, 52], "test_shape": [24059, 52], "cfn_matrix": [[4631, 0, 234, 0, 0, 0, 0], [112, 0, 16, 0, 682, 0, 0], [28, 0, 5257, 0, 12, 0, 0], [606, 0, 30, 2084, 53, 0, 82], [10, 0, 9, 0, 1970, 0, 0], [644, 0, 525, 0, 0, 386, 0], [77, 0, 0, 0, 0, 0, 6611]]}