{"kp": 0.7, "l2": 0.1, "validation_shape": [12382, 52], "train_accuracy": [0.4411327838897705, 0.5627861618995667, 0.7381914854049683, 0.8193762898445129, 0.8441689610481262, 0.8572253584861755, 0.8650839328765869, 0.8710243105888367, 0.8757476806640625, 0.8840188384056091, 0.8898147940635681, 0.8961470127105713, 0.9007466435432434, 0.9053050875663757, 0.911575436592102, 0.9175363779067993, 0.9225898385047913, 0.9263644218444824, 0.9310052990913391, 0.9343674182891846, 0.9377913475036621, 0.9396064281463623, 0.9419165849685669, 0.943958580493927, 0.9463306069374084, 0.9490945339202881, 0.9524153470993042, 0.9534053802490234, 0.9544985890388489, 0.9564787149429321, 0.958417534828186, 0.959551990032196, 0.9611814618110657, 0.9624396562576294, 0.9642341732978821, 0.9656367301940918, 0.9666680693626404, 0.9669155478477478, 0.9675756096839905, 0.9681531190872192], "test_accuracy": [0.5636731386184692, 0.6435997486114502, 0.7500588297843933, 0.8251869678497314, 0.8606576919555664, 0.863997757434845, 0.8670555353164673, 0.8659735321998596, 0.8676671385765076, 0.8663028478622437, 0.8633391261100769, 0.8577409982681274, 0.8538363575935364, 0.8455097079277039, 0.8347838521003723, 0.8283389210700989, 0.8271628022193909, 0.8284329771995544, 0.8264101147651672, 0.8261278867721558, 0.8244813680648804, 0.8194476962089539, 0.8102742433547974, 0.8018064498901367, 0.7888225317001343, 0.7848708629608154, 0.7751328945159912, 0.7681704759597778, 0.7609728574752808, 0.7585736513137817, 0.7524580359458923, 0.7538222670555115, 0.7451192736625671, 0.7421555519104004, 0.7377334237098694, 0.7381568551063538, 0.7309121489524841, 0.7361810207366943, 0.731288492679596, 0.7306299209594727], "validation_accuracy": [0.44451624155044556, 0.5659021139144897, 0.7418026328086853, 0.8194960355758667, 0.8429979085922241, 0.8593926429748535, 0.8689226508140564, 0.8746567368507385, 0.8795024752616882, 0.8871749043464661, 0.892424464225769, 0.8991277813911438, 0.9030851125717163, 0.9089000225067139, 0.9154417514801025, 0.921741247177124, 0.9269100427627563, 0.9292521476745605, 0.9344209432601929, 0.9369245767593384, 0.9402358531951904, 0.9417703151702881, 0.9433047771453857, 0.9445970058441162, 0.9467775821685791, 0.9486351013183594, 0.9510579705238342, 0.9530770182609558, 0.9541269540786743, 0.9562267661094666, 0.9574382305145264, 0.9581650495529175, 0.9596188068389893, 0.9612340331077576, 0.9630916118621826, 0.9643837809562683, 0.965918242931366, 0.9658374786376953, 0.9668874144554138, 0.9671297073364258], "cfn_matrix_labels": [0, 1, 2, 3, 4, 5, 6], "train_shape": [48482, 52], "test_shape": [21257, 52], "cfn_matrix": [[1152, 917, 346, 154, 33, 1108, 0], [0, 0, 0, 0, 0, 0, 0], [0, 2027, 1485, 83, 0, 10, 0], [0, 203, 247, 3096, 0, 18, 45], [0, 0, 0, 0, 2912, 0, 0], [325, 0, 0, 210, 0, 69, 0], [0, 0, 0, 0, 0, 0, 6817]]}