{"kp": 0.7, "l2": 0.1, "validation_shape": [12494, 52], "train_accuracy": [0.6324103474617004, 0.8429429531097412, 0.8653598427772522, 0.8818107843399048, 0.8984004855155945, 0.9128099679946899, 0.9219868183135986, 0.9285077452659607, 0.9349295496940613, 0.9382792115211487, 0.9428576827049255, 0.9457316994667053, 0.9495570063591003, 0.9516777992248535, 0.9564347267150879, 0.9579014182090759, 0.9615087509155273, 0.9642835855484009, 0.967038631439209, 0.9689413905143738, 0.9702297449111938, 0.9716964364051819, 0.9726676344871521, 0.973301887512207, 0.9744911193847656, 0.9745902419090271, 0.9757992625236511, 0.976294755935669, 0.977067768573761, 0.9774443507194519, 0.9786533713340759, 0.9788317680358887, 0.9805561900138855, 0.980714738368988, 0.9829345941543579, 0.9822409152984619, 0.9827958941459656, 0.9837274551391602, 0.9839057922363281, 0.9846986532211304], "test_accuracy": [0.6259518265724182, 0.8165223598480225, 0.8347241282463074, 0.8393657803535461, 0.8220506906509399, 0.7779284715652466, 0.761552095413208, 0.7577448487281799, 0.7506518959999084, 0.7412642240524292, 0.7396474480628967, 0.733649730682373, 0.7347449660301208, 0.731407105922699, 0.7331281900405884, 0.7249921560287476, 0.723583996295929, 0.7176384925842285, 0.715239405632019, 0.7146135568618774, 0.7119536995887756, 0.7062167525291443, 0.7061645984649658, 0.7018879652023315, 0.7031918168067932, 0.697246253490448, 0.6982893347740173, 0.6994367241859436, 0.6918222308158875, 0.6918743848800659, 0.6898404359817505, 0.6897361278533936, 0.6874935030937195, 0.6841034889221191, 0.6862418055534363, 0.6751851439476013, 0.6739334464073181, 0.6728382110595703, 0.6676228046417236, 0.6684051156044006], "validation_accuracy": [0.6343044638633728, 0.8442452549934387, 0.8656955361366272, 0.8829038143157959, 0.8979510068893433, 0.913078248500824, 0.922762930393219, 0.9295662045478821, 0.9341284036636353, 0.938370406627655, 0.9431726932525635, 0.9475748538970947, 0.9494957327842712, 0.9522970914840698, 0.956218957901001, 0.9576596617698669, 0.9607811570167542, 0.9633424282073975, 0.9666239619255066, 0.9688650369644165, 0.9699856042861938, 0.9719065427780151, 0.9729470014572144, 0.9734272360801697, 0.9738274216651917, 0.9739875197410583, 0.9755882620811462, 0.9759084582328796, 0.9771890640258789, 0.9773491024971008, 0.9787097573280334, 0.9786297678947449, 0.9805506467819214, 0.9811109304428101, 0.982151448726654, 0.9820713996887207, 0.982951819896698, 0.9838322401046753, 0.98359215259552, 0.9847126603126526], "cfn_matrix_labels": ["Clearing Table", "Drinking Tea", "Eating", "Making Tea", "Prepping Food", "Setting Table", "Watching TV"], "train_shape": [50453, 52], "test_shape": [19174, 52], "cfn_matrix": [[1953, 0, 30, 0, 0, 0, 0], [0, 0, 0, 47, 0, 27, 0], [2970, 0, 1833, 852, 0, 0, 0], [72, 0, 59, 2365, 0, 336, 8], [0, 0, 0, 0, 2481, 0, 0], [173, 0, 118, 234, 0, 0, 0], [23, 665, 392, 0, 352, 0, 4184]]}