{"kp": 0.7, "l2": 0.1, "validation_shape": [12029, 52], "train_accuracy": [0.5352087616920471, 0.7438912987709045, 0.8582494258880615, 0.9143722057342529, 0.9303218126296997, 0.9363425374031067, 0.9437715411186218, 0.9576086401939392, 0.9657418727874756, 0.9709175229072571, 0.9774664044380188, 0.9805295467376709, 0.9838743805885315, 0.9854939579963684, 0.9867966771125793, 0.9884515404701233, 0.989402174949646, 0.9901767373085022, 0.9911978244781494, 0.9922540783882141, 0.9932751059532166, 0.9935920238494873, 0.9945074319839478, 0.9953876733779907, 0.9963030815124512, 0.9964087009429932, 0.9961622357368469, 0.9967607855796814, 0.9966903924942017, 0.9971128702163696, 0.9972537159919739, 0.9972889423370361, 0.9975001811981201, 0.9977466464042664, 0.9979578852653503, 0.9984155893325806, 0.9983804225921631, 0.9984508156776428, 0.9983451962471008, 0.9987325072288513], "test_accuracy": [0.36265015602111816, 0.49461740255355835, 0.6394696235656738, 0.7330312728881836, 0.7856935262680054, 0.7979965806007385, 0.8206076622009277, 0.8334095478057861, 0.8440085053443909, 0.8536514639854431, 0.8632528185844421, 0.8632944226264954, 0.868614673614502, 0.8734776973724365, 0.8759715557098389, 0.8820399641990662, 0.8808761835098267, 0.8807099461555481, 0.8785070180892944, 0.8814164996147156, 0.880793035030365, 0.8806267976760864, 0.8778419494628906, 0.8734776973724365, 0.8697784543037415, 0.8670352101325989, 0.8684068322181702, 0.8682821393013, 0.8683236837387085, 0.8674508333206177, 0.865705132484436, 0.8659961223602295, 0.8665779829025269, 0.8653310537338257, 0.8669936656951904, 0.8664532899856567, 0.8669936656951904, 0.8669936656951904, 0.8664532899856567, 0.8662455081939697], "validation_accuracy": [0.5293042063713074, 0.7437027096748352, 0.862498939037323, 0.9153711795806885, 0.9292542934417725, 0.9367362260818481, 0.9447169303894043, 0.9581012725830078, 0.9661651253700256, 0.9719012379646301, 0.9764735102653503, 0.9802976250648499, 0.9822927713394165, 0.9842879772186279, 0.9856181144714355, 0.9875301122665405, 0.9881951808929443, 0.9896915555000305, 0.9897747039794922, 0.9910216927528381, 0.9923518300056458, 0.9926843643188477, 0.9929337501525879, 0.9941807389259338, 0.9953445792198181, 0.99567711353302, 0.994762659072876, 0.9961758852005005, 0.9960927963256836, 0.9966747164726257, 0.9965915679931641, 0.9970072507858276, 0.996924102306366, 0.9975891709327698, 0.99783855676651, 0.9980879426002502, 0.9982542395591736, 0.9983373284339905, 0.9981710910797119, 0.9985036253929138], "cfn_matrix_labels": ["Clearing Table", "Drinking Tea", "Eating", "Making Tea", "Prepping Food", "Setting Table", "Watching TV"], "train_shape": [28402, 52], "test_shape": [24059, 52], "cfn_matrix": [[3698, 0, 264, 514, 0, 158, 231], [0, 0, 11, 5, 471, 7, 316], [0, 0, 5257, 7, 27, 5, 1], [123, 0, 11, 2394, 282, 7, 38], [0, 0, 9, 0, 1975, 5, 0], [106, 0, 576, 0, 7, 866, 0], [0, 0, 0, 0, 37, 0, 6651]]}