{"kp": 0.7, "l2": 0.1, "validation_shape": [13625, 52], "train_accuracy": [0.34139031171798706, 0.48840364813804626, 0.5824050903320312, 0.6175254583358765, 0.6691173911094666, 0.7541888952255249, 0.8145530223846436, 0.8450033068656921, 0.8628948330879211, 0.8685431480407715, 0.8756429553031921, 0.8790823817253113, 0.8819223046302795, 0.883815586566925, 0.8868764042854309, 0.8919251561164856, 0.8943232893943787, 0.8973525762557983, 0.9000031352043152, 0.9071029424667358, 0.9090909361839294, 0.9119308590888977, 0.9157489538192749, 0.9183995723724365, 0.9230696558952332, 0.923984706401825, 0.9256886839866638, 0.9286548495292664, 0.9279921650886536, 0.9318418502807617, 0.9331040382385254, 0.9330725073814392, 0.9332302808761597, 0.9356915354728699, 0.9352813363075256, 0.9368906021118164, 0.9371430277824402, 0.9392572045326233, 0.9390363097190857, 0.9393834471702576], "test_accuracy": [0.318034827709198, 0.42380306124687195, 0.5471471548080444, 0.5875664949417114, 0.5886095762252808, 0.6347658038139343, 0.6870241165161133, 0.6662667989730835, 0.6354959607124329, 0.6149994730949402, 0.5964326858520508, 0.5876708030700684, 0.5771356821060181, 0.5670178532600403, 0.5623761415481567, 0.5594033598899841, 0.554813802242279, 0.5511630177497864, 0.5482423901557922, 0.5458433032035828, 0.5416710376739502, 0.5392719507217407, 0.5383331775665283, 0.5385417938232422, 0.541201651096344, 0.5401585698127747, 0.5416188836097717, 0.5451131463050842, 0.5471993088722229, 0.5509544014930725, 0.554135799407959, 0.5563784241676331, 0.554813802242279, 0.5628976821899414, 0.5618546009063721, 0.5668613910675049, 0.5684781670570374, 0.57212895154953, 0.5735370516777039, 0.5766662955284119], "validation_accuracy": [0.3506055176258087, 0.4959266185760498, 0.5929540991783142, 0.6275229454040527, 0.6766972541809082, 0.7613945007324219, 0.8235596418380737, 0.8559266328811646, 0.8736146688461304, 0.878018319606781, 0.884256899356842, 0.88785320520401, 0.8909357786178589, 0.892697274684906, 0.8951926827430725, 0.8997431397438049, 0.9020917415618896, 0.9049541354179382, 0.907302737236023, 0.9123669862747192, 0.9151559472084045, 0.9169174432754517, 0.9195596575737, 0.9217614531517029, 0.9263853430747986, 0.9268257021903992, 0.9290274977684021, 0.9318165183067322, 0.9311559796333313, 0.9343119263648987, 0.9359999895095825, 0.9365871548652649, 0.9368807077407837, 0.9385688304901123, 0.938495397567749, 0.9404770731925964, 0.9403302669525146, 0.9418715834617615, 0.9424586892127991, 0.9426789283752441], "cfn_matrix_labels": ["Clearing Table", "Drinking Tea", "Eating", "Making Tea", "Prepping Food", "Setting Table", "Watching TV"], "train_shape": [31691, 52], "test_shape": [19174, 52], "cfn_matrix": [[1384, 0, 599, 0, 0, 0, 0], [1, 0, 0, 26, 0, 47, 0], [4393, 0, 874, 0, 0, 0, 388], [87, 0, 70, 2231, 0, 408, 44], [0, 0, 69, 0, 2412, 0, 0], [77, 0, 278, 63, 0, 107, 0], [236, 0, 1331, 0, 0, 0, 4049]]}