{"kp": 0.7, "l2": 0.1, "validation_shape": [11466, 52], "train_accuracy": [0.5594900846481323, 0.8148553371429443, 0.8903983235359192, 0.9085329174995422, 0.9240278005599976, 0.9374409914016724, 0.9473345279693604, 0.9533650875091553, 0.9608979225158691, 0.965748131275177, 0.9700188636779785, 0.9737745523452759, 0.9774658679962158, 0.9808352589607239, 0.9838183522224426, 0.9861146807670593, 0.9877027869224548, 0.9888616800308228, 0.9895913600921631, 0.9903210401535034, 0.9913297295570374, 0.9910507202148438, 0.9920379519462585, 0.9925744533538818, 0.9928534626960754, 0.9934758543968201, 0.9936475157737732, 0.9938406944274902, 0.9943342804908752, 0.9944201111793518, 0.9942699074745178, 0.9948493242263794, 0.9945918321609497, 0.9949136972427368, 0.9948493242263794, 0.9950854182243347, 0.99532151222229, 0.9953429698944092, 0.9955360889434814, 0.9953858852386475], "test_accuracy": [0.5143189430236816, 0.7512365579605103, 0.7932997941970825, 0.7854025363922119, 0.7894758582115173, 0.7945467233657837, 0.7930088639259338, 0.796832799911499, 0.7898499369621277, 0.7710212469100952, 0.7840724587440491, 0.7828671336174011, 0.7928841710090637, 0.7931751012802124, 0.8073901534080505, 0.8135417103767395, 0.8413068056106567, 0.8568934798240662, 0.8550646305084229, 0.8609668016433716, 0.8615902662277222, 0.8665364384651184, 0.8642919659614563, 0.8626709580421448, 0.865705132484436, 0.862463116645813, 0.8644997477531433, 0.8638762831687927, 0.8627540469169617, 0.8618811964988708, 0.8615902662277222, 0.8612577319145203, 0.8616318106651306, 0.8601770401000977, 0.8606758117675781, 0.8603017330169678, 0.8595535755157471, 0.8601354956626892, 0.8589301109313965, 0.8596782684326172], "validation_accuracy": [0.5613989233970642, 0.8189429640769958, 0.8902842998504639, 0.9085121154785156, 0.9242979288101196, 0.9349380731582642, 0.9449677467346191, 0.9515088200569153, 0.9589220285415649, 0.964678168296814, 0.970695972442627, 0.9731379747390747, 0.976452112197876, 0.9799407124519348, 0.9825571179389954, 0.9845630526542664, 0.9863073229789734, 0.9881388545036316, 0.9892726540565491, 0.9897959232330322, 0.9907552599906921, 0.9905808568000793, 0.9918018579483032, 0.9921507239341736, 0.9925867915153503, 0.9930228590965271, 0.9931100606918335, 0.9931972622871399, 0.9935461282730103, 0.9936333298683167, 0.9938949942588806, 0.9941566586494446, 0.993982195854187, 0.9944182634353638, 0.9943310618400574, 0.9945927262306213, 0.9948543310165405, 0.9951159954071045, 0.9948543310165405, 0.9948543310165405], "cfn_matrix_labels": ["Clearing Table", "Drinking Tea", "Eating", "Making Tea", "Prepping Food", "Setting Table", "Watching TV"], "train_shape": [46596, 52], "test_shape": [24059, 52], "cfn_matrix": [[4513, 0, 124, 0, 0, 228, 0], [7, 0, 11, 0, 458, 7, 327], [18, 0, 5255, 0, 12, 7, 5], [220, 0, 11, 2295, 160, 7, 162], [0, 0, 9, 0, 1975, 5, 0], [0, 0, 489, 0, 4, 1059, 3], [0, 0, 0, 0, 1102, 0, 5586]]}