{"kp": 0.7, "l2": 0.1, "validation_shape": [12938, 52], "train_accuracy": [0.6527777910232544, 0.8638074398040771, 0.8969972133636475, 0.9154834151268005, 0.9317388534545898, 0.9399053454399109, 0.9476450681686401, 0.9600597620010376, 0.969525933265686, 0.9782743453979492, 0.9826388955116272, 0.9841713309288025, 0.9851800203323364, 0.9862468838691711, 0.9873138070106506, 0.9883612394332886, 0.9892341494560242, 0.9898743033409119, 0.990029513835907, 0.9903786182403564, 0.9906696081161499, 0.9910769462585449, 0.9917364716529846, 0.9918916821479797, 0.992260217666626, 0.9927451610565186, 0.9927451610565186, 0.9933465123176575, 0.9935598969459534, 0.9937926530838013, 0.9939090609550476, 0.9943552017211914, 0.994413435459137, 0.9943940043449402, 0.9943940043449402, 0.9945104122161865, 0.9949565529823303, 0.9946073889732361, 0.9947819709777832, 0.9947237968444824], "test_accuracy": [0.4859054982662201, 0.7946231365203857, 0.7905393838882446, 0.7746015787124634, 0.7435199618339539, 0.7018319964408875, 0.6605411171913147, 0.5595258474349976, 0.45612841844558716, 0.41307923197746277, 0.3593102991580963, 0.34853383898735046, 0.31745222210884094, 0.2973739504814148, 0.2863706052303314, 0.27440303564071655, 0.2700924575328827, 0.2687879204750061, 0.26861777901649475, 0.2662356197834015, 0.2654982805252075, 0.2654982805252075, 0.2654982805252075, 0.26345640420913696, 0.26254892349243164, 0.2632295489311218, 0.26249220967292786, 0.2626623511314392, 0.2626623511314392, 0.26220861077308655, 0.262095183134079, 0.26215189695358276, 0.262095183134079, 0.262095183134079, 0.262095183134079, 0.262095183134079, 0.262095183134079, 0.262095183134079, 0.262095183134079, 0.262095183134079], "validation_accuracy": [0.6580615043640137, 0.8656670451164246, 0.8999845385551453, 0.9166795611381531, 0.9315968751907349, 0.9406399726867676, 0.9472097754478455, 0.9599629044532776, 0.9698562622070312, 0.9770443439483643, 0.9809089303016663, 0.9826866388320923, 0.9843097925186157, 0.9854691624641418, 0.9858556389808655, 0.9872468709945679, 0.9880197644233704, 0.9889472723007202, 0.9894883036613464, 0.9899520874023438, 0.9902612566947937, 0.9908795952796936, 0.9912660121917725, 0.9914979338645935, 0.9916524887084961, 0.9921935200691223, 0.9921935200691223, 0.9930437207221985, 0.9928891658782959, 0.9932756423950195, 0.9933528900146484, 0.994048535823822, 0.9942803978919983, 0.994048535823822, 0.9944350123405457, 0.9945122599601746, 0.9948214292526245, 0.9946668744087219, 0.9947441816329956, 0.9945122599601746], "cfn_matrix_labels": ["Clearing Table", "Drinking Tea", "Eating", "Making Tea", "Prepping Food", "Setting Table", "Watching TV"], "train_shape": [51552, 52], "test_shape": [17631, 52], "cfn_matrix": [[0, 0, 0, 0, 311, 0, 5303], [0, 0, 0, 0, 0, 0, 24], [0, 165, 0, 870, 540, 0, 987], [0, 0, 0, 2409, 201, 0, 178], [0, 0, 0, 0, 0, 0, 3882], [29, 0, 0, 221, 0, 0, 299], [0, 0, 0, 0, 0, 0, 2212]]}