{"kp": 0.7, "l2": 0.1, "validation_shape": [13664, 52], "train_accuracy": [0.3572286069393158, 0.40765196084976196, 0.4561481177806854, 0.5273284316062927, 0.6210982203483582, 0.6625173687934875, 0.6733223795890808, 0.686433732509613, 0.6943005323410034, 0.7015038728713989, 0.7219449281692505, 0.7476620674133301, 0.7729685306549072, 0.8005181550979614, 0.8174839019775391, 0.8327435851097107, 0.8443700075149536, 0.8513522148132324, 0.858523964881897, 0.8631049990653992, 0.8668330311775208, 0.8704031109809875, 0.8731833696365356, 0.8760268092155457, 0.8790913820266724, 0.8811133503913879, 0.882819414138794, 0.8856944441795349, 0.8875900506973267, 0.8900543451309204, 0.8927713632583618, 0.8958991765975952, 0.8990269303321838, 0.9016175866127014, 0.904176652431488, 0.9062302708625793, 0.9092316627502441, 0.9118539094924927, 0.9132124185562134, 0.9151080250740051], "test_accuracy": [0.2417335957288742, 0.3263794779777527, 0.37206634879112244, 0.4183790683746338, 0.49332427978515625, 0.5451653003692627, 0.6037863492965698, 0.6395639777183533, 0.652498185634613, 0.6605299115180969, 0.6813914775848389, 0.7261395454406738, 0.7448628544807434, 0.769375205039978, 0.7886199951171875, 0.7896630764007568, 0.7817878127098083, 0.7707833647727966, 0.7625951766967773, 0.7571189999580383, 0.7468447089195251, 0.7434025406837463, 0.738447904586792, 0.7316678762435913, 0.7275998592376709, 0.7265046238899231, 0.7221236824989319, 0.7218629121780396, 0.7221758365631104, 0.7172734141349792, 0.7152915596961975, 0.7146657109260559, 0.7177949547767639, 0.7196725010871887, 0.719150960445404, 0.7162303328514099, 0.7157609462738037, 0.7160738706588745, 0.7180557250976562, 0.7134661674499512], "validation_accuracy": [0.3522394597530365, 0.40244439244270325, 0.4491364061832428, 0.5174912214279175, 0.6094115972518921, 0.6526639461517334, 0.665398120880127, 0.6771808862686157, 0.6861094832420349, 0.6917447447776794, 0.7144320607185364, 0.7388758659362793, 0.7655152082443237, 0.7933255434036255, 0.8117681741714478, 0.8260392546653748, 0.837309718132019, 0.8438231945037842, 0.8512880802154541, 0.8553864359855652, 0.8591188788414001, 0.8627049326896667, 0.8654127717018127, 0.8689988255500793, 0.8719994425773621, 0.8744145035743713, 0.8751463890075684, 0.8790251612663269, 0.8815134763717651, 0.8840749263763428, 0.8873682618141174, 0.8899297714233398, 0.8938085436820984, 0.8960772752761841, 0.898126482963562, 0.9004684090614319, 0.903834879398346, 0.9074941277503967, 0.908665120601654, 0.9107142686843872], "cfn_matrix_labels": ["Clearing Table", "Drinking Tea", "Eating", "Making Tea", "Prepping Food", "Setting Table", "Watching TV"], "train_shape": [31652, 52], "test_shape": [19174, 52], "cfn_matrix": [[1983, 0, 0, 0, 0, 0, 0], [57, 0, 17, 0, 0, 0, 0], [2593, 0, 2854, 0, 0, 0, 208], [231, 0, 126, 2243, 0, 193, 47], [0, 0, 0, 0, 2481, 0, 0], [176, 0, 283, 12, 0, 54, 0], [258, 0, 1293, 0, 0, 0, 4065]]}