{"kp": 0.7, "l2": 0.1, "validation_shape": [12062, 52], "train_accuracy": [0.38848742842674255, 0.4601149260997772, 0.732207715511322, 0.8392964005470276, 0.8570270538330078, 0.8744404315948486, 0.894673764705658, 0.9162818789482117, 0.9248475432395935, 0.9313687682151794, 0.9397581815719604, 0.9457858800888062, 0.9474426507949829, 0.9502273797988892, 0.9545983076095581, 0.9547393321990967, 0.9569953083992004, 0.9594628214836121, 0.9596742987632751, 0.9614015221595764, 0.9625647664070129, 0.9635869860649109, 0.9634460210800171, 0.9674645066261292, 0.9684162139892578, 0.9701434373855591, 0.9728577136993408, 0.9730691909790039, 0.9741972088813782, 0.9759244322776794, 0.9771229028701782, 0.9787091612815857, 0.9795199036598206, 0.980436384677887, 0.9808946251869202, 0.9832916259765625, 0.9837146401405334, 0.9850541353225708, 0.9847368597984314, 0.986111581325531], "test_accuracy": [0.36115384101867676, 0.4365518093109131, 0.5789933204650879, 0.7050168514251709, 0.7191072106361389, 0.7290826439857483, 0.7440459132194519, 0.7940895557403564, 0.8083046078681946, 0.8110062479972839, 0.8106321692466736, 0.8163681030273438, 0.8155367970466614, 0.8136664032936096, 0.8131260871887207, 0.8146639466285706, 0.8118791580200195, 0.8134170174598694, 0.8137910962104797, 0.8130844831466675, 0.8147886395454407, 0.8204829692840576, 0.8210233449935913, 0.8275489211082458, 0.8282139897346497, 0.8322873115539551, 0.8421796560287476, 0.8528201580047607, 0.8554387092590332, 0.8558127880096436, 0.8569766283035278, 0.8591379523277283, 0.8606758117675781, 0.863917887210846, 0.8644997477531433, 0.8674508333206177, 0.8690718412399292, 0.8724801540374756, 0.8743090033531189, 0.876096248626709], "validation_accuracy": [0.39321836829185486, 0.4722268283367157, 0.7390980124473572, 0.8396617770195007, 0.8571547269821167, 0.8737357258796692, 0.8949593901634216, 0.9152711033821106, 0.9244735240936279, 0.9315204620361328, 0.9385673999786377, 0.9444536566734314, 0.9461946487426758, 0.9494279623031616, 0.9536561369895935, 0.9542364478111267, 0.9565578103065491, 0.958630383014679, 0.9588791131973267, 0.960205614566803, 0.9607030153274536, 0.9615320563316345, 0.9616149663925171, 0.9645166397094727, 0.9653457403182983, 0.9665063619613647, 0.9700713157653809, 0.9703199863433838, 0.9719781279563904, 0.974050760269165, 0.9753772020339966, 0.9772840142250061, 0.9781959652900696, 0.978693425655365, 0.9790250658988953, 0.9802685976028442, 0.9808489680290222, 0.9824241399765015, 0.9819267392158508, 0.9833360910415649], "cfn_matrix_labels": ["Clearing Table", "Drinking Tea", "Eating", "Making Tea", "Prepping Food", "Setting Table", "Watching TV"], "train_shape": [28369, 52], "test_shape": [24059, 52], "cfn_matrix": [[4578, 0, 282, 0, 0, 5, 0], [14, 0, 95, 0, 8, 0, 693], [21, 0, 5266, 0, 7, 0, 3], [448, 0, 106, 2095, 9, 0, 197], [5, 0, 9, 0, 1970, 0, 5], [401, 0, 616, 0, 0, 531, 7], [50, 0, 0, 0, 0, 0, 6638]]}