{"kp": 0.7, "l2": 0.1, "validation_shape": [12955, 52], "train_accuracy": [0.3792192339897156, 0.447288453578949, 0.4801175892353058, 0.5894379019737244, 0.7320166230201721, 0.7677851915359497, 0.7827465534210205, 0.7917630076408386, 0.7987317442893982, 0.8090362548828125, 0.8264086246490479, 0.8431203961372375, 0.858610212802887, 0.8719202280044556, 0.8839751482009888, 0.8953035473823547, 0.9053768515586853, 0.9117841124534607, 0.9180592894554138, 0.9250941276550293, 0.9308078289031982, 0.9363894462585449, 0.9408481121063232, 0.9432591199874878, 0.9478829503059387, 0.9526058435440063, 0.9557764530181885, 0.9576590061187744, 0.9577251076698303, 0.9600039720535278, 0.9620516300201416, 0.9644296169281006, 0.9667084813117981, 0.9669396877288818, 0.9681947231292725, 0.9682937860488892, 0.9700442552566528, 0.9706387519836426, 0.9724222421646118, 0.9729506373405457], "test_accuracy": [0.4303053021430969, 0.4521804451942444, 0.4966834485530853, 0.5456085205078125, 0.6099637746810913, 0.6577127575874329, 0.6986404657363892, 0.7308180928230286, 0.7520816922187805, 0.7645952105522156, 0.778096616268158, 0.786470353603363, 0.7989368438720703, 0.8155431151390076, 0.8351131677627563, 0.8518605828285217, 0.8591522574424744, 0.8587288856506348, 0.8591522574424744, 0.8556240200996399, 0.8541656732559204, 0.8529425859451294, 0.8513430953025818, 0.8503081202507019, 0.8503081202507019, 0.8500258922576904, 0.8498377203941345, 0.8452274799346924, 0.8490850329399109, 0.8513901233673096, 0.848896861076355, 0.848379373550415, 0.8446629643440247, 0.8467798829078674, 0.8450393080711365, 0.8480030298233032, 0.844804048538208, 0.8459330797195435, 0.8482852578163147, 0.8483322858810425], "validation_accuracy": [0.3856426179409027, 0.4537244439125061, 0.49100732803344727, 0.5920494198799133, 0.7285218238830566, 0.7652643918991089, 0.7830181121826172, 0.7944422960281372, 0.8003087639808655, 0.8111153841018677, 0.8260131478309631, 0.844075620174408, 0.8592821359634399, 0.8722500801086426, 0.8841373920440674, 0.8960247039794922, 0.905287504196167, 0.9110767841339111, 0.9162485599517822, 0.9233500361442566, 0.9296796321868896, 0.9351601600646973, 0.9393284320831299, 0.9411810040473938, 0.9449633359909058, 0.9496719241142273, 0.9534542560577393, 0.955769956111908, 0.9556927680969238, 0.9577769041061401, 0.9600154161453247, 0.9624083638191223, 0.9653415679931641, 0.965881884098053, 0.9672713279724121, 0.9672713279724121, 0.9701273441314697, 0.9705133438110352, 0.9731377959251404, 0.9742184281349182], "cfn_matrix_labels": [0, 1, 2, 3, 4, 5, 6], "train_shape": [30278, 52], "test_shape": [21257, 52], "cfn_matrix": [[2351, 55, 201, 47, 0, 1056, 0], [0, 0, 0, 0, 0, 0, 0], [0, 0, 2661, 0, 0, 944, 0], [2, 0, 298, 2760, 0, 520, 29], [0, 0, 0, 0, 2912, 0, 0], [72, 0, 0, 0, 0, 532, 0], [0, 0, 0, 0, 0, 0, 6817]]}