{"kp": 0.7, "l2": 0.1, "validation_shape": [12813, 52], "train_accuracy": [0.42049655318260193, 0.5877856612205505, 0.6985506415367126, 0.8235772252082825, 0.8493527173995972, 0.8569383025169373, 0.8617179989814758, 0.8689552545547485, 0.8754765391349792, 0.8833910822868347, 0.8907057046890259, 0.903206467628479, 0.9116241335868835, 0.9207577705383301, 0.9260019063949585, 0.930259108543396, 0.9328908324241638, 0.9367029666900635, 0.9386574029922485, 0.94295334815979, 0.9448884129524231, 0.9472105503082275, 0.95100337266922, 0.9511387944221497, 0.9540801644325256, 0.9542736411094666, 0.955860435962677, 0.9561120271682739, 0.9574859142303467, 0.9584147930145264, 0.9590533375740051, 0.9589759707450867, 0.9611238837242126, 0.9611238837242126, 0.9616657495498657, 0.9610077738761902, 0.9619947075843811, 0.9625945687294006, 0.9627106785774231, 0.9634073376655579], "test_accuracy": [0.33072429895401, 0.4162554442882538, 0.46707504987716675, 0.6152231693267822, 0.7151607871055603, 0.7301911115646362, 0.7374510765075684, 0.7391526103019714, 0.7325165867805481, 0.7275253534317017, 0.7118711471557617, 0.687765896320343, 0.6642845273017883, 0.6316147446632385, 0.6138619184494019, 0.5994554758071899, 0.591004490852356, 0.5788667798042297, 0.5726844668388367, 0.5675231218338013, 0.5645170211791992, 0.5633259415626526, 0.5586750507354736, 0.5539674162864685, 0.5524927973747253, 0.551755428314209, 0.5507912039756775, 0.5493165254592896, 0.5486926436424255, 0.5476717352867126, 0.5459134578704834, 0.5453462600708008, 0.5416595935821533, 0.5408087968826294, 0.5380863547325134, 0.5353638529777527, 0.5313935875892639, 0.5322443246841431, 0.5271397233009338, 0.5281606316566467], "validation_accuracy": [0.4202762842178345, 0.5906501412391663, 0.6999921798706055, 0.823538601398468, 0.8486692905426025, 0.8549910187721252, 0.8601420521736145, 0.8671661615371704, 0.8753609657287598, 0.8834777474403381, 0.8899555206298828, 0.901350200176239, 0.9098571538925171, 0.917661726474762, 0.9218761920928955, 0.9261687397956848, 0.9298368692398071, 0.9335050582885742, 0.9360024929046631, 0.9399048089981079, 0.9424022436141968, 0.9454460144042969, 0.949114203453064, 0.9495044350624084, 0.9515336155891418, 0.9520798921585083, 0.9541871547698975, 0.953796923160553, 0.9555919766426086, 0.9568406939506531, 0.9576992392539978, 0.9577772617340088, 0.9594942927360535, 0.9598844647407532, 0.9601966738700867, 0.9601186513900757, 0.9604308009147644, 0.9611332416534424, 0.9612112641334534, 0.9618356227874756], "cfn_matrix_labels": ["Clearing Table", "Drinking Tea", "Eating", "Making Tea", "Prepping Food", "Setting Table", "Watching TV"], "train_shape": [51677, 52], "test_shape": [17631, 52], "cfn_matrix": [[4631, 0, 0, 144, 175, 0, 664], [0, 0, 0, 0, 0, 0, 24], [423, 0, 0, 1167, 540, 0, 432], [0, 0, 0, 2469, 117, 0, 202], [91, 0, 0, 0, 0, 0, 3791], [189, 0, 0, 113, 0, 0, 247], [0, 0, 0, 0, 0, 0, 2212]]}