{"kp": 0.7, "l2": 0.1, "validation_shape": [11617, 52], "train_accuracy": [0.47686511278152466, 0.8592098355293274, 0.9015394449234009, 0.9127355217933655, 0.9208095669746399, 0.9277855753898621, 0.9321563243865967, 0.9355797171592712, 0.9383141398429871, 0.942943274974823, 0.9471848607063293, 0.9468403458595276, 0.9486920237541199, 0.9496824145317078, 0.952502965927124, 0.9533426761627197, 0.9543330669403076, 0.9543761610984802, 0.9557325839996338, 0.9573043584823608, 0.9573473930358887, 0.9592205882072449, 0.961588978767395, 0.9655291438102722, 0.967789888381958, 0.9685865044593811, 0.9710410237312317, 0.9735170602798462, 0.9746151566505432, 0.977694034576416, 0.9769619703292847, 0.9776510000228882, 0.9774572253227234, 0.9777155518531799, 0.9806007146835327, 0.9818710088729858, 0.9828829765319824, 0.9834643006324768, 0.9822155237197876, 0.982947587966919], "test_accuracy": [0.4612826704978943, 0.6900120377540588, 0.7285423278808594, 0.781287670135498, 0.7882289290428162, 0.8017789721488953, 0.8049794435501099, 0.8009892106056213, 0.8018205165863037, 0.801072359085083, 0.8075564503669739, 0.8016958236694336, 0.8028596639633179, 0.7977056503295898, 0.8047300577163696, 0.8049378395080566, 0.802984356880188, 0.8035246729850769, 0.8100918531417847, 0.810465931892395, 0.8108815550804138, 0.8171162605285645, 0.8289621472358704, 0.8469595313072205, 0.840558648109436, 0.8361112475395203, 0.8396026492118835, 0.855189323425293, 0.8594704866409302, 0.8572675585746765, 0.8695706129074097, 0.8721892237663269, 0.8689887523651123, 0.8747246265411377, 0.8716904520988464, 0.868822455406189, 0.8753480911254883, 0.8784654140472412, 0.8709006905555725, 0.8622552752494812], "validation_accuracy": [0.47594043612480164, 0.8564172983169556, 0.8969613313674927, 0.9095291495323181, 0.9191702008247375, 0.9252819418907166, 0.9296720027923584, 0.9328570365905762, 0.9358698725700378, 0.9405182003974915, 0.9452526569366455, 0.9447361826896667, 0.9470603466033936, 0.947662889957428, 0.9509339928627014, 0.9519669413566589, 0.9524834156036377, 0.9526556134223938, 0.9542911052703857, 0.9556683897972107, 0.9560127258300781, 0.9579926133155823, 0.9602307081222534, 0.9639321565628052, 0.9665145874023438, 0.9673753976821899, 0.9713351130485535, 0.9733149409294128, 0.9746061563491821, 0.9766721129417419, 0.9759835004806519, 0.9769303798675537, 0.9764999747276306, 0.9763277769088745, 0.9794266819953918, 0.9807178974151611, 0.9820951819419861, 0.9825255870819092, 0.9809761643409729, 0.9828699231147766], "cfn_matrix_labels": ["Clearing Table", "Drinking Tea", "Eating", "Making Tea", "Prepping Food", "Setting Table", "Watching TV"], "train_shape": [46445, 52], "test_shape": [24059, 52], "cfn_matrix": [[4407, 0, 439, 0, 0, 19, 0], [7, 0, 11, 0, 8, 7, 777], [8, 0, 5257, 0, 7, 5, 20], [287, 0, 13, 2276, 8, 7, 264], [0, 0, 9, 0, 1970, 5, 5], [0, 0, 537, 0, 0, 1011, 7], [0, 0, 0, 0, 864, 0, 5824]]}