{"kp": 0.7, "l2": 0.1, "validation_shape": [12019, 52], "train_accuracy": [0.5571706295013428, 0.8466168642044067, 0.9030606746673584, 0.9281400442123413, 0.9455010890960693, 0.9589722752571106, 0.964725136756897, 0.9692906141281128, 0.9747568964958191, 0.9773160219192505, 0.9791995286941528, 0.9807759523391724, 0.9819223880767822, 0.9824342131614685, 0.9841334819793701, 0.9853823184967041, 0.9862421751022339, 0.9870815873146057, 0.9885556101799011, 0.9890060424804688, 0.9892107844352722, 0.9896202087402344, 0.9897430539131165, 0.9898045063018799, 0.9898454546928406, 0.9902958273887634, 0.9905824661254883, 0.9903982281684875, 0.9913399815559387, 0.9908691048622131, 0.9910942912101746, 0.9916061162948608, 0.9919745922088623, 0.9922817349433899, 0.9924454689025879, 0.9926502108573914, 0.993100643157959, 0.9931620359420776, 0.9939604997634888, 0.9936329126358032], "test_accuracy": [0.47264429926872253, 0.8710072040557861, 0.8805570006370544, 0.8770757913589478, 0.8690783977508545, 0.8600460886955261, 0.8533189296722412, 0.8447099924087524, 0.8373242020606995, 0.8364773988723755, 0.8249987959861755, 0.8236345648765564, 0.8157312870025635, 0.8108387589454651, 0.8110740184783936, 0.8083454966545105, 0.809474527835846, 0.8120619058609009, 0.8091452121734619, 0.8093333840370178, 0.8035941123962402, 0.8074516654014587, 0.803641140460968, 0.8018534779548645, 0.8043938279151917, 0.8073575496673584, 0.8063226342201233, 0.8045819997787476, 0.8002540469169617, 0.8016182780265808, 0.8034999966621399, 0.8023709654808044, 0.7990309000015259, 0.8008655905723572, 0.8023709654808044, 0.8040174841880798, 0.8044409155845642, 0.8016182780265808, 0.8022298812866211, 0.8016182780265808], "validation_accuracy": [0.5490473508834839, 0.8477410674095154, 0.9019052982330322, 0.9255345463752747, 0.9420084953308105, 0.9551543593406677, 0.9618104696273804, 0.9668857455253601, 0.9727098941802979, 0.9752891063690186, 0.9771195650100708, 0.9790331721305847, 0.9803644418716431, 0.980863630771637, 0.9826108813285828, 0.9835261106491089, 0.9844412803649902, 0.9853565096855164, 0.9871037602424622, 0.987270176410675, 0.9874365329742432, 0.9882685542106628, 0.9884349703788757, 0.9886845946311951, 0.9887678027153015, 0.9887678027153015, 0.9892669916152954, 0.9890173673629761, 0.9897661805152893, 0.9895166158676147, 0.9894334077835083, 0.9898493885993958, 0.9898493885993958, 0.9900158047676086, 0.990265429019928, 0.9906814098358154, 0.9909310340881348, 0.9911806583404541, 0.991679847240448, 0.9918462634086609], "cfn_matrix_labels": ["Clearing Table", "Eating", "Making Tea", "Prepping Food", "Setting Table", "Watching TV"], "train_shape": [48845, 52], "test_shape": [21257, 52], "cfn_matrix": [[1123, 1324, 4, 0, 1259, 0], [0, 3599, 0, 0, 6, 0], [0, 618, 2760, 0, 225, 6], [0, 0, 0, 2592, 0, 320], [311, 66, 0, 0, 227, 0], [61, 17, 0, 0, 0, 6739]]}