{"kp": 0.7, "l2": 0.1, "validation_shape": [12847, 52], "train_accuracy": [0.6170632839202881, 0.823906421661377, 0.8702050447463989, 0.9059117436408997, 0.9219835996627808, 0.9376875758171082, 0.9483763575553894, 0.9595298767089844, 0.9670623540878296, 0.9730069637298584, 0.9780028462409973, 0.9811010360717773, 0.982630729675293, 0.9837344884872437, 0.9844703078269958, 0.9851287007331848, 0.9866777658462524, 0.9868907928466797, 0.9873167872428894, 0.9883624315261841, 0.9886335134506226, 0.9893499612808228, 0.9896016716957092, 0.989446759223938, 0.9899889826774597, 0.9903956055641174, 0.9903181195259094, 0.9906279444694519, 0.9907828569412231, 0.9908603429794312, 0.9911120533943176, 0.9911701679229736, 0.9912088513374329, 0.9912475943565369, 0.9912475943565369, 0.9913831353187561], "test_accuracy": [0.5372355580329895, 0.7792524695396423, 0.7928081154823303, 0.7035335302352905, 0.6346208453178406, 0.48511144518852234, 0.43173953890800476, 0.35851624608039856, 0.3298167884349823, 0.31132665276527405, 0.301230788230896, 0.2880721390247345, 0.2844989001750946, 0.2787136435508728, 0.27604785561561584, 0.27474334836006165, 0.27480006217956543, 0.27048948407173157, 0.2696954309940338, 0.2695252597332001, 0.26924169063568115, 0.27020588517189026, 0.2685043513774872, 0.26793715357780457, 0.26799386739730835, 0.26799386739730835, 0.26793715357780457, 0.26793715357780457, 0.26793715357780457, 0.26793715357780457, 0.26793715357780457, 0.26793715357780457, 0.26765355467796326, 0.2675968408584595, 0.26736998558044434, 0.26765355467796326], "validation_accuracy": [0.6231805086135864, 0.8276640176773071, 0.8774032592773438, 0.91180819272995, 0.9265198111534119, 0.9405308365821838, 0.9494823813438416, 0.961158275604248, 0.9693313837051392, 0.973456859588623, 0.9789055585861206, 0.9813185930252075, 0.9831867218017578, 0.9838873147964478, 0.9845100045204163, 0.9852883815765381, 0.9871565103530884, 0.9870008826255798, 0.9876235723495483, 0.9889468550682068, 0.989180326461792, 0.9899587631225586, 0.9904257655143738, 0.9901144504547119, 0.9906592965126038, 0.9910485148429871, 0.9906592965126038, 0.9912819862365723, 0.9913598299026489, 0.9917490482330322, 0.9917490482330322, 0.9915933609008789, 0.9919047355651855, 0.9919825792312622, 0.9922161102294922, 0.9922161102294922], "cfn_matrix_labels": ["Clearing Table", "Drinking Tea", "Eating", "Making Tea", "Prepping Food", "Setting Table", "Watching TV"], "train_shape": [51643, 52], "test_shape": [17631, 52], "cfn_matrix": [[0, 1, 0, 6, 89, 0, 5518], [0, 0, 0, 0, 0, 0, 24], [0, 0, 0, 2498, 0, 0, 64], [0, 0, 0, 2507, 82, 0, 199], [0, 0, 0, 0, 0, 0, 3882], [0, 0, 0, 498, 0, 0, 51], [0, 0, 0, 0, 0, 0, 2212]]}