{"kp": 0.7, "l2": 0.1, "validation_shape": [13809, 52], "train_accuracy": [0.35354071855545044, 0.39042139053344727, 0.43466559052467346, 0.5026504993438721, 0.5821250081062317, 0.6466821432113647, 0.7051771283149719, 0.7644656300544739, 0.7991880774497986, 0.8195010423660278, 0.8309905529022217, 0.8412104845046997, 0.8483201265335083, 0.8555882573127747, 0.858762264251709, 0.8606665134429932, 0.8624756336212158, 0.8637452721595764, 0.8652687072753906, 0.8670778274536133, 0.8676491379737854, 0.8685060739517212, 0.8689186573028564, 0.8708865642547607, 0.8712039589881897, 0.8713943958282471, 0.8721560835838318, 0.8732986450195312, 0.8735525608062744, 0.8746951818466187, 0.875298261642456, 0.8759012818336487, 0.8760282397270203, 0.8757425546646118, 0.8760917782783508, 0.8770756125450134, 0.8772978186607361, 0.8782181739807129, 0.877615213394165, 0.8792338371276855], "test_accuracy": [0.10472513735294342, 0.18394698202610016, 0.32142481207847595, 0.34280794858932495, 0.36862415075302124, 0.45102739334106445, 0.5120997428894043, 0.6026913523674011, 0.6372173428535461, 0.6567229628562927, 0.6626163721084595, 0.6564621925354004, 0.6494735479354858, 0.6337751746177673, 0.6200586557388306, 0.6088976860046387, 0.5927820801734924, 0.5797957181930542, 0.5715553760528564, 0.5640451908111572, 0.5563785433769226, 0.550276517868042, 0.5476166605949402, 0.5469386577606201, 0.5445917248725891, 0.5434443354606628, 0.5417754054069519, 0.5397413969039917, 0.5387504696846008, 0.5387504696846008, 0.5395327806472778, 0.5388026237487793, 0.5359341502189636, 0.5358298420906067, 0.5352039933204651, 0.5351518392562866, 0.5362470746040344, 0.5342652201652527, 0.5347346067428589, 0.5333786010742188], "validation_accuracy": [0.35404443740844727, 0.39148375391960144, 0.43305084109306335, 0.502715528011322, 0.5831703543663025, 0.6458107233047485, 0.7031646966934204, 0.7639222145080566, 0.7946993112564087, 0.8160622119903564, 0.8272868394851685, 0.8370630145072937, 0.8445942997932434, 0.8521257042884827, 0.8563257455825806, 0.8590052127838135, 0.8608881235122681, 0.8623363375663757, 0.863784670829773, 0.8652330636978149, 0.865305483341217, 0.8661020994186401, 0.8671159744262695, 0.8688539266586304, 0.8688538670539856, 0.8690711855888367, 0.8699401021003723, 0.8707367181777954, 0.8705195784568787, 0.8721126317977905, 0.8721849918365479, 0.8725471496582031, 0.8726195693016052, 0.8726919889450073, 0.8732712268829346, 0.8739954829216003, 0.8733437061309814, 0.8744299411773682, 0.873778223991394, 0.8757334351539612], "cfn_matrix_labels": ["Clearing Table", "Drinking Tea", "Eating", "Making Tea", "Prepping Food", "Setting Table", "Watching TV"], "train_shape": [31507, 52], "test_shape": [19174, 52], "cfn_matrix": [[523, 0, 1387, 0, 0, 0, 73], [30, 0, 2, 42, 0, 0, 0], [4678, 0, 886, 4, 0, 0, 87], [140, 0, 147, 2516, 0, 0, 37], [0, 0, 82, 0, 2399, 0, 0], [48, 0, 326, 151, 0, 0, 0], [308, 0, 1405, 0, 0, 0, 3903]]}