{"kp": 0.7, "l2": 0.1, "validation_shape": [12221, 52], "train_accuracy": [0.4520028233528137, 0.5910670161247253, 0.7740871906280518, 0.8405529856681824, 0.875895082950592, 0.9020914435386658, 0.9183622598648071, 0.9331088066101074, 0.942396342754364, 0.9493087530136108, 0.9560084939002991, 0.9617866277694702, 0.9659695029258728, 0.9687345027923584, 0.9712867736816406, 0.9727047085762024, 0.9742289781570435, 0.9757887125015259, 0.976816713809967, 0.9782701134681702, 0.9797943830490112, 0.9805033802986145, 0.9819921851158142, 0.983339250087738, 0.9840127825737, 0.9852534532546997, 0.9857142567634583, 0.9863169193267822, 0.9869904518127441, 0.9873449206352234, 0.9878057241439819, 0.9883374571800232, 0.9887983202934265, 0.9898617267608643, 0.9895427227020264, 0.9901807904243469, 0.9905352592468262, 0.9909606575965881, 0.9911733269691467, 0.9913860559463501], "test_accuracy": [0.4505590498447418, 0.5372210144996643, 0.6654890179634094, 0.702107310295105, 0.7149922847747803, 0.7540213465690613, 0.785527229309082, 0.8063926100730896, 0.8133338689804077, 0.8148717880249023, 0.821979284286499, 0.8220624327659607, 0.8254707455635071, 0.8330354690551758, 0.8372334837913513, 0.8401429653167725, 0.8454216718673706, 0.8498275279998779, 0.8522798418998718, 0.8541086316108704, 0.8575584888458252, 0.8599276542663574, 0.8605927228927612, 0.8621721863746643, 0.8648738265037537, 0.8649985194206238, 0.8657466769218445, 0.8668273687362671, 0.8677418231964111, 0.8680742979049683, 0.8698199987411499, 0.8699862957000732, 0.871856689453125, 0.8712332248687744, 0.8724386096000671, 0.8735608458518982, 0.8736023902893066, 0.8745583891868591, 0.8739349246025085, 0.8743505477905273], "validation_accuracy": [0.4538908302783966, 0.5911136865615845, 0.7733410000801086, 0.8374109864234924, 0.8716962337493896, 0.8975533843040466, 0.9149823784828186, 0.9297930002212524, 0.9399394392967224, 0.9470583200454712, 0.9542590379714966, 0.9606415033340454, 0.9639145731925964, 0.9671058058738708, 0.970133364200592, 0.972015380859375, 0.9739792346954346, 0.9746338129043579, 0.9762703776359558, 0.9776614308357239, 0.978152334690094, 0.9794616103172302, 0.9807708263397217, 0.9828982949256897, 0.9833892583847046, 0.9842075109481812, 0.9846166372299194, 0.985434889793396, 0.9857622385025024, 0.9862531423568726, 0.9872350692749023, 0.9878897070884705, 0.988707959651947, 0.9902626872062683, 0.9897717237472534, 0.9906718134880066, 0.990835428237915, 0.9909172654151917, 0.9909991025924683, 0.9911627769470215], "cfn_matrix_labels": ["Clearing Table", "Drinking Tea", "Eating", "Making Tea", "Prepping Food", "Setting Table", "Watching TV"], "train_shape": [28210, 52], "test_shape": [24059, 52], "cfn_matrix": [[4035, 0, 445, 0, 0, 265, 120], [16, 0, 739, 0, 50, 5, 0], [24, 0, 5259, 0, 12, 1, 1], [281, 0, 292, 2260, 15, 7, 0], [0, 0, 10, 0, 1974, 5, 0], [171, 0, 468, 0, 0, 916, 0], [61, 0, 26, 0, 9, 0, 6592]]}