{"kp": 0.7, "l2": 0.1, "validation_shape": [13534, 52], "train_accuracy": [0.4014536440372467, 0.718016505241394, 0.8421748280525208, 0.8700836896896362, 0.8977723121643066, 0.9167453050613403, 0.9259329438209534, 0.9362217783927917, 0.9428921937942505, 0.9474859833717346, 0.9503178000450134, 0.9545654654502869, 0.957774817943573, 0.9592851400375366, 0.9622427821159363, 0.9640676975250244, 0.967465877532959, 0.9723113775253296, 0.9796740412712097, 0.9811213612556458, 0.9828833937644958, 0.9844565987586975, 0.9859039783477783, 0.9865646958351135, 0.9874457120895386, 0.9885784387588501, 0.9887672066688538, 0.9892392158508301, 0.9905292391777039, 0.9899943470954895, 0.9910326600074768, 0.9920395016670227, 0.992511510848999, 0.9924800395965576, 0.9931407570838928, 0.9933924674987793, 0.99373859167099, 0.9936127662658691, 0.9939273595809937, 0.9945881366729736], "test_accuracy": [0.3329508602619171, 0.5790132284164429, 0.739230215549469, 0.7507040500640869, 0.725044310092926, 0.7132053971290588, 0.7091895341873169, 0.7101804614067078, 0.7077292203903198, 0.695681631565094, 0.6886930465698242, 0.6851987242698669, 0.6796703934669495, 0.6801919341087341, 0.6795660853385925, 0.679618239402771, 0.6784708499908447, 0.6790966987609863, 0.6786273121833801, 0.6810263991355896, 0.678835928440094, 0.6806091666221619, 0.6801397800445557, 0.6827996373176575, 0.6801919341087341, 0.6776885390281677, 0.6814957857131958, 0.6795660853385925, 0.6820173263549805, 0.6810785531997681, 0.6801919341087341, 0.6830082535743713, 0.6769062280654907, 0.6769062280654907, 0.6774799227714539, 0.6763325333595276, 0.6802962422370911, 0.6768540740013123, 0.6778450012207031, 0.6769583821296692], "validation_accuracy": [0.39367517828941345, 0.720186173915863, 0.8455740809440613, 0.8712132573127747, 0.8980345726013184, 0.9175410270690918, 0.9261119961738586, 0.9362346529960632, 0.9445840120315552, 0.9490172863006592, 0.950421154499054, 0.9550760984420776, 0.9586227536201477, 0.9609871506690979, 0.9636471271514893, 0.965050995349884, 0.9689670205116272, 0.9737697839736938, 0.9797546863555908, 0.9811585545539856, 0.9840402007102966, 0.9859612584114075, 0.9872912764549255, 0.9879562854766846, 0.9890645742416382, 0.9896556735038757, 0.9902467727661133, 0.9903945326805115, 0.9909117817878723, 0.9907640218734741, 0.9916506409645081, 0.9923156499862671, 0.9923895597457886, 0.9923895597457886, 0.9932023286819458, 0.9934239983558655, 0.9935717582702637, 0.9935717582702637, 0.9939411878585815, 0.9939411878585815], "cfn_matrix_labels": ["Clearing Table", "Drinking Tea", "Eating", "Making Tea", "Prepping Food", "Setting Table", "Watching TV"], "train_shape": [31782, 52], "test_shape": [19174, 52], "cfn_matrix": [[1983, 0, 0, 0, 0, 0, 0], [0, 0, 0, 74, 0, 0, 0], [4079, 0, 1042, 0, 0, 510, 24], [101, 0, 11, 2677, 0, 0, 51], [0, 0, 0, 0, 2481, 0, 0], [1, 0, 207, 0, 0, 317, 0], [0, 4, 1132, 0, 0, 0, 4480]]}