{"kp": 0.7, "l2": 0.1, "validation_shape": [13674, 52], "train_accuracy": [0.3805387020111084, 0.5177298784255981, 0.8147079944610596, 0.8547496795654297, 0.8702669739723206, 0.8720999956130981, 0.8741226196289062, 0.8788947463035583, 0.881106972694397, 0.8910620808601379, 0.8957393169403076, 0.8998794555664062, 0.9031978249549866, 0.9062317609786987, 0.9114147424697876, 0.9190311431884766, 0.9189995527267456, 0.9220967292785645, 0.9257943034172058, 0.9256362915039062, 0.9289230108261108, 0.9338847994804382, 0.9316093921661377, 0.93742436170578, 0.9416276812553406, 0.9400159120559692, 0.9411852359771729, 0.9433342218399048, 0.9431130886077881], "test_accuracy": [0.3200687766075134, 0.4330863952636719, 0.7209767699241638, 0.7480447292327881, 0.7199336886405945, 0.70647794008255, 0.6684054732322693, 0.6588091254234314, 0.6464486122131348, 0.6465529203414917, 0.6372694969177246, 0.6343488693237305, 0.6329407095909119, 0.6359134912490845, 0.6370087265968323, 0.6349747180938721, 0.6373738050460815, 0.6380518078804016, 0.6355484127998352, 0.6329407095909119, 0.6305937767028809, 0.6305937767028809, 0.6275688409805298, 0.628820538520813, 0.6274123787879944, 0.6255348324775696, 0.6267865300178528, 0.6302286982536316, 0.6286640763282776], "validation_accuracy": [0.3735557496547699, 0.5151382684707642, 0.8102235794067383, 0.8524935245513916, 0.8666079044342041, 0.8688017725944519, 0.8701182007789612, 0.8750911951065063, 0.8770656585693359, 0.8878160119056702, 0.893373966217041, 0.89600670337677, 0.8982738256454468, 0.9022960066795349, 0.9051481485366821, 0.9124612808227539, 0.9118030667304993, 0.9157522320747375, 0.9199937582015991, 0.918750524520874, 0.9215295314788818, 0.9263562560081482, 0.9240891933441162, 0.9304515719413757, 0.9338156580924988, 0.9318410158157349, 0.9332305788993835, 0.9351320266723633, 0.934400737285614], "cfn_matrix_labels": ["Clearing Table", "Drinking Tea", "Eating", "Making Tea", "Prepping Food", "Setting Table", "Watching TV"], "train_shape": [31642, 52], "test_shape": [19174, 52], "cfn_matrix": [[1980, 0, 3, 0, 0, 0, 0], [19, 0, 6, 24, 0, 25, 0], [4023, 0, 1126, 22, 0, 106, 378], [76, 0, 156, 2243, 0, 322, 43], [0, 0, 0, 0, 2481, 0, 0], [44, 0, 366, 71, 0, 44, 0], [118, 0, 1318, 0, 0, 0, 4180]]}