{"kp": 0.7, "l2": 0.001, "validation_shape": [12291, 52], "train_accuracy": [0.48827284574508667, 0.6959137916564941, 0.8607329726219177, 0.8967316150665283, 0.9144289493560791, 0.9258362054824829, 0.9342939257621765, 0.9423964023590088, 0.9463053941726685, 0.9495037198066711, 0.9552251696586609, 0.9594539999961853, 0.9688356518745422, 0.9744859933853149, 0.9787504076957703, 0.981948733329773, 0.9840453863143921, 0.9875990748405457, 0.9875990152359009, 0.989020586013794, 0.9898734092712402, 0.9911171793937683, 0.9921832084655762, 0.9922187924385071, 0.9925386905670166, 0.9932493567466736, 0.9936047196388245, 0.9939601421356201, 0.9938890933990479, 0.9942089319229126, 0.9944576025009155, 0.9945287108421326, 0.9949550628662109, 0.9950617551803589, 0.9952394366264343, 0.9955947995185852, 0.9958435297012329, 0.99591463804245, 0.9957724213600159, 0.9960567951202393], "test_accuracy": [0.27806633710861206, 0.29327893257141113, 0.4446982145309448, 0.5080009698867798, 0.5341865420341492, 0.5358907580375671, 0.5278688073158264, 0.5328564643859863, 0.5245436429977417, 0.5274531245231628, 0.5292403697967529, 0.5266634821891785, 0.541668176651001, 0.5100376009941101, 0.4814412593841553, 0.4894631803035736, 0.4699694812297821, 0.4484390616416931, 0.4492703378200531, 0.4407496750354767, 0.43177172541618347, 0.4277399778366089, 0.427407443523407, 0.42512139678001404, 0.4203830361366272, 0.4198427200317383, 0.41884517669677734, 0.4175981879234314, 0.4145224690437317, 0.4114466905593872, 0.41522902250289917, 0.40521201491355896, 0.40978413820266724, 0.4058770537376404, 0.40371567010879517, 0.40267661213874817, 0.396940678358078, 0.3914957344532013, 0.3877549469470978, 0.38792121410369873], "validation_accuracy": [0.4891383945941925, 0.6897730231285095, 0.8595720529556274, 0.897160530090332, 0.9144089221954346, 0.9254739284515381, 0.934016764163971, 0.9415019154548645, 0.945000410079956, 0.9488243460655212, 0.9537873268127441, 0.9594825506210327, 0.9669677019119263, 0.9722561240196228, 0.9766495823860168, 0.979659914970398, 0.9813684821128845, 0.9845415353775024, 0.9850296974182129, 0.9872264266014099, 0.9879586696624756, 0.9890163540840149, 0.9899113178253174, 0.9901553988456726, 0.9904808402061462, 0.9912130832672119, 0.9910503625869751, 0.991619884967804, 0.9917012453079224, 0.992026686668396, 0.9922707676887512, 0.9927589297294617, 0.9929216504096985, 0.9930843710899353, 0.9933284521102905, 0.9935725331306458, 0.9934911727905273, 0.9937352538108826, 0.9937352538108826, 0.9943861365318298], "cfn_matrix_labels": ["Clearing Table", "Drinking Tea", "Eating", "Making Tea", "Prepping Food", "Setting Table", "Watching TV"], "train_shape": [28140, 52], "test_shape": [24059, 52], "cfn_matrix": [[0, 0, 90, 0, 0, 4775, 0], [0, 0, 0, 0, 8, 802, 0], [0, 0, 0, 0, 7, 5290, 0], [0, 0, 0, 0, 8, 2649, 198], [0, 0, 97, 0, 1873, 19, 0], [0, 0, 0, 0, 0, 1555, 0], [0, 0, 0, 0, 0, 783, 5905]]}