{"kp": 0.7, "l2": 0.1, "validation_shape": [12549, 52], "train_accuracy": [0.29048770666122437, 0.37312987446784973, 0.4446009695529938, 0.52644944190979, 0.6272669434547424, 0.6837176084518433, 0.7194730043411255, 0.7596134543418884, 0.7930076718330383, 0.8146156668663025, 0.8279892206192017, 0.8394976258277893, 0.8499940633773804, 0.8570776581764221, 0.860788106918335, 0.8627326488494873, 0.8663042187690735, 0.868506669998169, 0.8712846040725708, 0.8746973872184753, 0.8771975040435791, 0.8789039254188538, 0.8805309534072876, 0.8826937675476074, 0.8850350975990295, 0.8869597911834717, 0.889519453048706, 0.8907297849655151, 0.8916822075843811, 0.8926544785499573, 0.8931505084037781, 0.8939045071601868, 0.8944799304008484, 0.8952934741973877, 0.8961466550827026, 0.897753894329071, 0.8991428017616272, 0.8994999527931213, 0.9005714654922485, 0.9019405245780945], "test_accuracy": [0.1105663925409317, 0.22374048829078674, 0.3260143995285034, 0.40998226404190063, 0.5013560056686401, 0.6033169627189636, 0.6998539566993713, 0.7315635681152344, 0.7573276162147522, 0.773286759853363, 0.7802753448486328, 0.7904453873634338, 0.8015020489692688, 0.8128194212913513, 0.8179305195808411, 0.8178262114524841, 0.8148534297943115, 0.8053092956542969, 0.8003546595573425, 0.7951392531394958, 0.7769896984100342, 0.7667153477668762, 0.7603525519371033, 0.7544069886207581, 0.7435068488121033, 0.7407426834106445, 0.7363095879554749, 0.7334932684898376, 0.7280170917510986, 0.7257223129272461, 0.7231146097183228, 0.7207155227661133, 0.719933271408081, 0.716021716594696, 0.7156044840812683, 0.7119015455245972, 0.7085636854171753, 0.7086158394813538, 0.707416296005249, 0.7053822875022888], "validation_accuracy": [0.2914176285266876, 0.373336523771286, 0.4435413181781769, 0.5249820947647095, 0.6236353516578674, 0.6811698079109192, 0.7230058312416077, 0.7581480741500854, 0.792812168598175, 0.8153637647628784, 0.8282731771469116, 0.8402262926101685, 0.8506653904914856, 0.8580763339996338, 0.8619810342788696, 0.8637341856956482, 0.8665232062339783, 0.867718517780304, 0.87018883228302, 0.8736154437065125, 0.8759263753890991, 0.8777591586112976, 0.8801498413085938, 0.8817435503005981, 0.8830982446670532, 0.885648250579834, 0.887879490852356, 0.8889951109886169, 0.8898717164993286, 0.8905888795852661, 0.8913061022758484, 0.89226233959198, 0.8930591940879822, 0.8954498171806335, 0.8956888914108276, 0.8971232771873474, 0.8981592059135437, 0.898876428604126, 0.8996732831001282, 0.9011873602867126], "cfn_matrix_labels": ["Clearing Table", "Drinking Tea", "Eating", "Making Tea", "Prepping Food", "Setting Table", "Watching TV"], "train_shape": [50398, 52], "test_shape": [19174, 52], "cfn_matrix": [[1974, 0, 9, 0, 0, 0, 0], [20, 0, 54, 0, 0, 0, 0], [2550, 0, 2803, 22, 0, 0, 280], [118, 0, 499, 2203, 0, 0, 20], [0, 0, 0, 0, 2481, 0, 0], [160, 0, 362, 3, 0, 0, 0], [161, 0, 1384, 0, 7, 0, 4064]]}