{"kp": 0.7, "l2": 0.1, "validation_shape": [12928, 52], "train_accuracy": [0.4151790142059326, 0.4984655976295471, 0.5715888738632202, 0.6085794568061829, 0.6326018571853638, 0.6496947407722473, 0.6774459481239319, 0.7213001251220703, 0.7567728161811829, 0.7750866413116455, 0.7905955910682678, 0.8017488718032837, 0.8108233213424683, 0.8178518414497375, 0.8213165998458862, 0.8247814178466797, 0.8263983130455017, 0.8284441232681274, 0.8312819600105286, 0.8360666632652283, 0.8390694856643677, 0.8405873775482178, 0.8443161249160767, 0.8470879197120667, 0.8502227067947388, 0.8541824817657471, 0.8572182655334473, 0.86114501953125, 0.8645437955856323, 0.8665896654129028, 0.8690645098686218, 0.8701534271240234, 0.873816192150116, 0.8769180178642273, 0.8805807828903198, 0.8832206130027771, 0.8868503570556641, 0.8884672522544861, 0.8930209279060364, 0.894373893737793], "test_accuracy": [0.35837605595588684, 0.3908359706401825, 0.43882015347480774, 0.5102789402008057, 0.5632027387619019, 0.6258173584938049, 0.6929011344909668, 0.7377805113792419, 0.7643599510192871, 0.7820482850074768, 0.8003010749816895, 0.810133159160614, 0.8220350742340088, 0.8282448053359985, 0.835019052028656, 0.8364303708076477, 0.8373712301254272, 0.8386884331703186, 0.8407583236694336, 0.8379827737808228, 0.8372771143913269, 0.83948814868927, 0.8392059206962585, 0.8389236330986023, 0.838265061378479, 0.8336548209190369, 0.8345015645027161, 0.8312556147575378, 0.8281036615371704, 0.8245283961296082, 0.8229289054870605, 0.8217998743057251, 0.821988046169281, 0.8206238150596619, 0.8180364370346069, 0.8182716369628906, 0.8188831806182861, 0.8181775212287903, 0.8188831806182861, 0.8178952932357788], "validation_accuracy": [0.4091893434524536, 0.49396657943725586, 0.5707765817642212, 0.6098390817642212, 0.6358292102813721, 0.6557085514068604, 0.6854888796806335, 0.7277227640151978, 0.7612159848213196, 0.7776144742965698, 0.7916924357414246, 0.8036819100379944, 0.8105661869049072, 0.8171411156654358, 0.8201578259468079, 0.8241800665855408, 0.8261911869049072, 0.8276609182357788, 0.830522894859314, 0.8346998691558838, 0.8369430899620056, 0.8382580280303955, 0.8422803282737732, 0.8450649976730347, 0.8481590151786804, 0.8524133563041687, 0.8556621074676514, 0.8599164485931396, 0.8614634871482849, 0.8634746074676514, 0.8651763796806335, 0.8664140105247498, 0.8695080280303955, 0.8727567791938782, 0.8760055899620056, 0.8791769742965698, 0.8828898668289185, 0.8844369053840637, 0.8884591460227966, 0.8910117745399475], "cfn_matrix_labels": ["Clearing Table", "Eating", "Making Tea", "Prepping Food", "Setting Table", "Watching TV"], "train_shape": [30305, 52], "test_shape": [21257, 52], "cfn_matrix": [[2972, 99, 0, 0, 320, 319], [930, 1837, 22, 0, 674, 142], [244, 162, 2764, 0, 277, 162], [8, 0, 0, 2884, 20, 0], [311, 79, 43, 0, 148, 23], [36, 0, 0, 0, 0, 6781]]}