{"kp": 0.6, "l2": 0.001, "validation_shape": [13054, 52], "train_accuracy": [0.528314471244812, 0.7702369689941406, 0.8681192994117737, 0.9121895432472229, 0.9414151310920715, 0.9619591236114502, 0.9710714221000671, 0.9773671627044678, 0.9802831411361694, 0.9821718335151672, 0.9847232103347778, 0.9851540327072144, 0.9862475395202637, 0.9867113828659058, 0.9866451025009155, 0.9882024526596069, 0.9866451025009155, 0.9874403476715088, 0.9886994361877441, 0.9886995553970337, 0.9899255037307739, 0.9900580644607544, 0.9913835525512695, 0.9912841320037842, 0.991449773311615, 0.9908201694488525, 0.9913172125816345], "test_accuracy": [0.3142964243888855, 0.5398221611976624, 0.6979351043701172, 0.7347231507301331, 0.752082109451294, 0.766618549823761, 0.7713699340820312, 0.778426468372345, 0.7828015089035034, 0.7831307649612427, 0.7895756959915161, 0.789763867855072, 0.7926336526870728, 0.7947975993156433, 0.797949492931366, 0.7950328588485718, 0.8024186491966248, 0.802747905254364, 0.7976202964782715, 0.7987492084503174, 0.7955973148345947, 0.7979024648666382, 0.7979966402053833, 0.797949492931366, 0.7993137836456299, 0.8043944835662842, 0.8007721304893494], "validation_accuracy": [0.5186150074005127, 0.7797607183456421, 0.8743675947189331, 0.9165002107620239, 0.9426990151405334, 0.9610841870307922, 0.9694341421127319, 0.9759455323219299, 0.9786267280578613, 0.9803120493888855, 0.9819207191467285, 0.9840656518936157, 0.9846018552780151, 0.9852147102355957, 0.9850614666938782, 0.9868999719619751, 0.9845252633094788, 0.9860574007034302, 0.9872064590454102, 0.9871298670768738, 0.9878959059715271, 0.9879724979400635, 0.9898110032081604, 0.9898875951766968, 0.9901174306869507, 0.9896578192710876, 0.9901174306869507], "cfn_matrix_labels": [0, 1, 2, 3, 4, 5, 6], "train_shape": [30179, 52], "test_shape": [21257, 52], "cfn_matrix": [[1923, 15, 43, 966, 0, 752, 11], [0, 0, 0, 0, 0, 0, 0], [0, 0, 2477, 26, 0, 1102, 0], [0, 0, 81, 3317, 0, 182, 29], [0, 229, 1, 92, 2411, 0, 179], [74, 0, 0, 115, 0, 415, 0], [304, 0, 5, 29, 0, 0, 6479]]}