{"kp": 0.7, "l2": 0.1, "validation_shape": [12656, 52], "train_accuracy": [0.38857847452163696, 0.46626633405685425, 0.6138672828674316, 0.7809150815010071, 0.8414428234100342, 0.8580660820007324, 0.8676900267601013, 0.8736950755119324, 0.8793820142745972, 0.8845518827438354, 0.8879520893096924, 0.8909745216369629, 0.8938179612159729, 0.897596001625061, 0.9000616669654846, 0.9033624529838562, 0.9068024158477783, 0.9101628661155701, 0.9137420058250427, 0.9165059328079224, 0.9194289445877075, 0.9212185144424438, 0.9237040281295776, 0.9261497855186462, 0.9281581044197083, 0.9305442571640015, 0.9325923323631287, 0.9353761076927185, 0.9379809498786926, 0.94008868932724, 0.9427929520606995, 0.9450199604034424, 0.9474259614944458, 0.9502097964286804, 0.9519397020339966, 0.9556978344917297, 0.9580044150352478, 0.959734320640564, 0.9621403217315674, 0.9634328484535217], "test_accuracy": [0.32189422845840454, 0.41248565912246704, 0.5430791974067688, 0.7692708969116211, 0.8323250412940979, 0.8350892066955566, 0.8273182511329651, 0.8233545422554016, 0.8114112615585327, 0.7901846170425415, 0.7706790566444397, 0.7547720670700073, 0.7397517561912537, 0.7289037108421326, 0.7187858819961548, 0.7087201476097107, 0.7053301334381104, 0.7024616599082947, 0.6948471665382385, 0.6916136145591736, 0.6855116486549377, 0.6840513348579407, 0.6816000938415527, 0.6822259426116943, 0.6800876259803772, 0.6799833178520203, 0.6787837743759155, 0.6787316203117371, 0.6775842308998108, 0.6762803792953491, 0.67727130651474, 0.6775842308998108, 0.6772191524505615, 0.6771669983863831, 0.6759153008460999, 0.676384687423706, 0.6744028329849243, 0.6751851439476013, 0.6753416061401367, 0.6746114492416382], "validation_accuracy": [0.38859039545059204, 0.46578696370124817, 0.609197199344635, 0.7748894095420837, 0.8373103737831116, 0.855088472366333, 0.8629899024963379, 0.868678867816925, 0.8750790357589722, 0.8806099891662598, 0.883849561214447, 0.8863779902458191, 0.8896965980529785, 0.8938053250312805, 0.8971238732337952, 0.9015486836433411, 0.9049462676048279, 0.908738911151886, 0.9117414951324463, 0.9145859479904175, 0.9175094962120056, 0.9185366630554199, 0.921065092086792, 0.9230404496192932, 0.9258849620819092, 0.9287294745445251, 0.9299936890602112, 0.9329962134361267, 0.935287594795227, 0.9370259046554565, 0.9393173456192017, 0.9412136673927307, 0.9441371560096741, 0.9473767280578613, 0.9494311213493347, 0.9529077410697937, 0.9556732177734375, 0.9581226110458374, 0.9599399566650391, 0.962784469127655], "cfn_matrix_labels": ["Clearing Table", "Drinking Tea", "Eating", "Making Tea", "Prepping Food", "Setting Table", "Watching TV"], "train_shape": [50291, 52], "test_shape": [19174, 52], "cfn_matrix": [[1976, 0, 7, 0, 0, 0, 0], [15, 0, 0, 34, 0, 25, 0], [3194, 0, 1771, 78, 0, 207, 405], [77, 0, 67, 2221, 34, 403, 38], [0, 0, 0, 0, 2481, 0, 0], [175, 0, 37, 0, 0, 313, 0], [76, 0, 1042, 0, 325, 0, 4173]]}