{"kp": 0.7, "l2": 0.1, "validation_shape": [12784, 52], "train_accuracy": [0.49502620100975037, 0.5866873860359192, 0.6061439514160156, 0.6819169521331787, 0.6976855397224426, 0.7064369916915894, 0.720411479473114, 0.7457090020179749, 0.7764686942100525, 0.8186711072921753, 0.8301337361335754, 0.8365727663040161, 0.8489524126052856, 0.8540557622909546, 0.8578234910964966, 0.8597571849822998, 0.8620696663856506, 0.8635846972465515, 0.8650599122047424, 0.8671132326126099, 0.8684488534927368, 0.8694256544113159, 0.8706218004226685, 0.8711400628089905, 0.8721169233322144, 0.8729541897773743, 0.8735522031784058, 0.8742100596427917, 0.8752068281173706, 0.8759244680404663, 0.8762035965919495, 0.876622200012207, 0.8773598074913025, 0.877937912940979, 0.8784163594245911, 0.8787153959274292, 0.8793532848358154, 0.879732072353363, 0.8803101778030396, 0.8808085918426514], "test_accuracy": [0.3483884334564209, 0.4146239757537842, 0.4620840847492218, 0.5927819013595581, 0.6196933388710022, 0.6320538520812988, 0.6532283425331116, 0.676488995552063, 0.706738293170929, 0.7207155227661133, 0.7322415709495544, 0.7497653365135193, 0.7682799696922302, 0.7766246199607849, 0.7849170565605164, 0.7891936898231506, 0.7921664714813232, 0.7947741746902466, 0.7960780262947083, 0.7961823344230652, 0.7993115782737732, 0.7991029620170593, 0.7982684969902039, 0.7974340319633484, 0.7986857295036316, 0.7967038750648499, 0.7963387966156006, 0.7960780262947083, 0.7934181690216064, 0.7936789393424988, 0.7913320064544678, 0.7911755442619324, 0.7888286113739014, 0.7885156869888306, 0.7865859866142273, 0.7861687541007996, 0.7841347455978394, 0.7827787399291992, 0.7832481265068054, 0.7826744318008423], "validation_accuracy": [0.4952284097671509, 0.5903472900390625, 0.6079474091529846, 0.6811639666557312, 0.6935231685638428, 0.701736569404602, 0.7151908874511719, 0.7408479452133179, 0.7720588445663452, 0.8139862418174744, 0.8277534246444702, 0.8362014889717102, 0.8491082787513733, 0.8549749851226807, 0.8581821322441101, 0.8599029779434204, 0.8630319237709045, 0.8645181655883789, 0.8669430613517761, 0.8691332936286926, 0.8708541989326477, 0.8714799880981445, 0.8724186420440674, 0.8727315664291382, 0.873670220375061, 0.8738266825675964, 0.8742177486419678, 0.874687135219574, 0.8752346634864807, 0.8757039904594421, 0.8762515783309937, 0.8764079809188843, 0.8773466944694519, 0.8778160214424133, 0.8785200119018555, 0.8791458010673523, 0.8797715902328491, 0.8803191781044006, 0.8807885050773621, 0.8809449076652527], "cfn_matrix_labels": ["Clearing Table", "Drinking Tea", "Eating", "Making Tea", "Prepping Food", "Setting Table", "Watching TV"], "train_shape": [50163, 52], "test_shape": [19174, 52], "cfn_matrix": [[1974, 0, 9, 0, 0, 0, 0], [21, 0, 53, 0, 0, 0, 0], [1189, 0, 4331, 0, 53, 0, 82], [100, 0, 523, 2203, 0, 0, 14], [0, 0, 0, 0, 2481, 0, 0], [141, 0, 372, 0, 0, 0, 12], [334, 0, 1144, 0, 120, 0, 4018]]}