{"kp": 0.7, "l2": 0.1, "validation_shape": [13028, 52], "train_accuracy": [0.30905479192733765, 0.4911438524723053, 0.7221652269363403, 0.8004634976387024, 0.8559510111808777, 0.8899520039558411, 0.9039894342422485, 0.910743236541748, 0.9144181609153748, 0.9168349504470825, 0.9194835424423218, 0.9231584072113037, 0.9271974563598633, 0.9310048222541809, 0.9335871338844299, 0.9373944997787476, 0.9445124864578247, 0.951663613319397, 0.9590134024620056, 0.9634828567504883, 0.9716934561729431, 0.9738785028457642, 0.9762622117996216, 0.9796391129493713, 0.9778844714164734, 0.9788776636123657, 0.9787452220916748, 0.9784803986549377, 0.9792749285697937, 0.9791425466537476], "test_accuracy": [0.41478100419044495, 0.49376675486564636, 0.6989697217941284, 0.7931034564971924, 0.8029354810714722, 0.8113092184066772, 0.814602255821228, 0.805711030960083, 0.8121089339256287, 0.8165310025215149, 0.8203885555267334, 0.8208119869232178, 0.8265042304992676, 0.8280096054077148, 0.8299854397773743, 0.8377946019172668, 0.841887354850769, 0.8458390235900879, 0.8475325703620911, 0.8522839546203613, 0.8523780107498169, 0.855435848236084, 0.856282651424408, 0.8532248139381409, 0.8634332418441772, 0.8627746105194092, 0.8667733073234558, 0.8715717196464539, 0.8662087917327881, 0.8715246915817261], "validation_accuracy": [0.3031163513660431, 0.48610684275627136, 0.7192201614379883, 0.7972827553749084, 0.8503991365432739, 0.8853239417076111, 0.8984494805335999, 0.9051274061203003, 0.9093490839004517, 0.9134172797203064, 0.9155664443969727, 0.9204789400100708, 0.9247773885726929, 0.9289222955703735, 0.9313018321990967, 0.9346791505813599, 0.941740870475769, 0.9499539732933044, 0.9582437872886658, 0.9623119235038757, 0.9703714847564697, 0.9730580449104309, 0.9754375219345093, 0.9793521761894226, 0.9771261811256409, 0.9784310460090637, 0.9782775640487671, 0.9783543348312378, 0.9792754054069519, 0.9789683818817139], "cfn_matrix_labels": [0, 1, 2, 3, 4, 5, 6], "train_shape": [30205, 52], "test_shape": [21257, 52], "cfn_matrix": [[2334, 79, 227, 114, 11, 945, 0], [0, 0, 0, 0, 0, 0, 0], [0, 0, 3414, 0, 0, 191, 0], [0, 0, 219, 2843, 0, 518, 29], [0, 68, 0, 0, 2801, 0, 43], [252, 0, 0, 0, 0, 352, 0], [35, 0, 0, 0, 0, 0, 6782]]}