{"kp": 0.7, "l2": 0.1, "validation_shape": [13690, 52], "train_accuracy": [0.41054826974868774, 0.545974850654602, 0.6956301927566528, 0.7909631133079529, 0.8338708877563477, 0.8594827055931091, 0.8828811645507812, 0.9062796235084534, 0.9147853255271912, 0.9189590811729431, 0.9245241284370422, 0.9269272089004517, 0.932239294052124, 0.9350218176841736, 0.9381205439567566, 0.9442863464355469, 0.9458357095718384, 0.9482071995735168, 0.9516537189483643, 0.9543730020523071, 0.9576613903045654, 0.9620249271392822, 0.9636375308036804, 0.9685701727867126, 0.9705305695533752, 0.9739454984664917, 0.9755581021308899, 0.9769493341445923, 0.9781509041786194, 0.9795105457305908, 0.9803958535194397, 0.98134446144104, 0.9821033477783203, 0.9829886555671692, 0.9838107824325562, 0.984253466129303, 0.9844115376472473, 0.9849807024002075, 0.9849491119384766, 0.9849174618721008], "test_accuracy": [0.3161573112010956, 0.366433709859848, 0.511056661605835, 0.5554918050765991, 0.6016480922698975, 0.6323146224021912, 0.651715874671936, 0.6603734493255615, 0.671795129776001, 0.6780014634132385, 0.6771669983863831, 0.6837384104728699, 0.6800876259803772, 0.6847814917564392, 0.6839470267295837, 0.680400550365448, 0.6803483963012695, 0.6766454577445984, 0.6773234605789185, 0.6782100796699524, 0.6788880825042725, 0.6781579256057739, 0.6814957857131958, 0.6821216344833374, 0.6813393235206604, 0.6810263991355896, 0.6821737885475159, 0.6824867129325867, 0.683529794216156, 0.6810785531997681, 0.6795139312744141, 0.6825910210609436, 0.683529794216156, 0.6784708499908447, 0.6773234605789185, 0.6765933036804199, 0.6751851439476013, 0.6757588386535645, 0.6739856004714966, 0.6724209785461426], "validation_accuracy": [0.41227173805236816, 0.5495252013206482, 0.7059897780418396, 0.8008765578269958, 0.8433163166046143, 0.8685171604156494, 0.8933528065681458, 0.9140979051589966, 0.9211833477020264, 0.9239590764045715, 0.9288531541824341, 0.9320672154426575, 0.9368882179260254, 0.9390065670013428, 0.9433162808418274, 0.947918176651001, 0.9495982527732849, 0.9511322379112244, 0.9545654058456421, 0.9587290287017822, 0.9614316821098328, 0.9647918343544006, 0.9667640328407288, 0.9718042612075806, 0.9740686416625977, 0.9758948087692261, 0.9776479005813599, 0.9787436127662659, 0.9796201586723328, 0.9807888865470886, 0.9813732504844666, 0.9823228716850281, 0.9829802513122559, 0.9839298725128174, 0.9842220544815063, 0.9846603274345398, 0.9848064184188843, 0.9850255846977234, 0.9851716756820679, 0.9850255846977234], "cfn_matrix_labels": ["Clearing Table", "Drinking Tea", "Eating", "Making Tea", "Prepping Food", "Setting Table", "Watching TV"], "train_shape": [31626, 52], "test_shape": [19174, 52], "cfn_matrix": [[1978, 0, 5, 0, 0, 0, 0], [13, 0, 0, 61, 0, 0, 0], [3999, 3, 1204, 11, 0, 395, 43], [113, 16, 22, 2628, 0, 17, 44], [0, 97, 0, 0, 2384, 0, 0], [20, 0, 104, 0, 0, 401, 0], [23, 34, 1223, 19, 19, 0, 4298]]}