{"kp": 0.7, "l2": 0.1, "validation_shape": [12927, 52], "train_accuracy": [0.5980663895606995, 0.7234210968017578, 0.8352471590042114, 0.872962474822998, 0.9072790741920471, 0.9264832139015198, 0.952781617641449, 0.9665742516517639, 0.9718537330627441, 0.9777601957321167, 0.9798389673233032, 0.9812908172607422, 0.9841945767402649, 0.9846565127372742, 0.9847884774208069, 0.98544842004776, 0.9866693019866943, 0.9876261949539185, 0.9884511232376099, 0.9888470768928528, 0.9886820912361145, 0.9893420338630676, 0.989408016204834, 0.9897050261497498, 0.9901009798049927, 0.9903319478034973, 0.9911238551139832, 0.9906949400901794, 0.9906288981437683, 0.9911568760871887, 0.9913548231124878, 0.9920147657394409, 0.9911898374557495, 0.992674708366394, 0.9927406907081604, 0.9932686686515808, 0.9933016300201416, 0.994126558303833, 0.9943245649337769, 0.9942585825920105], "test_accuracy": [0.4997883141040802, 0.707061231136322, 0.8058051466941833, 0.8075457215309143, 0.79884272813797, 0.8006774187088013, 0.8115444183349609, 0.8140847682952881, 0.8159664869308472, 0.818742036819458, 0.8268334865570068, 0.828856348991394, 0.8320553302764893, 0.8430164456367493, 0.843251645565033, 0.8461683392524719, 0.848896861076355, 0.8522369265556335, 0.8580702543258667, 0.859011173248291, 0.8568471670150757, 0.8596227169036865, 0.8580232262611389, 0.8608458638191223, 0.8620219230651855, 0.8583995699882507, 0.8612222075462341, 0.8603754043579102, 0.8621159791946411, 0.8617867231369019, 0.8604224324226379, 0.863480269908905, 0.8604224324226379, 0.8639506697654724, 0.8631039261817932, 0.867949366569519, 0.868137538433075, 0.8694077134132385, 0.8694077134132385, 0.8700193166732788], "validation_accuracy": [0.598824143409729, 0.7319563627243042, 0.8407209515571594, 0.8768469095230103, 0.9083313941955566, 0.9283669590950012, 0.9525798559188843, 0.9656533002853394, 0.9733890295028687, 0.9787266850471497, 0.9812021255493164, 0.9828266501426697, 0.9856888651847839, 0.9860756397247314, 0.9861530065536499, 0.9867718815803528, 0.9883190393447876, 0.9891699552536011, 0.989788830280304, 0.9904850125312805, 0.9906397461891174, 0.9908718466758728, 0.9913359880447388, 0.9914132952690125, 0.9918774366378784, 0.9920321702957153, 0.9924963116645813, 0.9923416376113892, 0.9923416376113892, 0.9925736784934998, 0.9924963116645813, 0.9928057789802551, 0.9925736784934998, 0.9932699203491211, 0.9935019612312317, 0.9938887357711792, 0.9938887357711792, 0.9947397112846375, 0.9948943853378296, 0.9948170781135559], "cfn_matrix_labels": [0, 1, 2, 3, 4, 5, 6], "train_shape": [30306, 52], "test_shape": [21257, 52], "cfn_matrix": [[1902, 48, 14, 44, 0, 1702, 0], [0, 0, 0, 0, 0, 0, 0], [0, 2, 3472, 0, 0, 131, 0], [0, 0, 27, 3383, 0, 170, 29], [0, 40, 0, 0, 2657, 0, 215], [229, 7, 45, 0, 0, 323, 0], [60, 0, 0, 0, 0, 0, 6757]]}