{"kp": 0.7, "l2": 0.1, "validation_shape": [13664, 52], "train_accuracy": [0.3454127609729767, 0.45093539357185364, 0.4890056550502777, 0.5275813341140747, 0.5604386329650879, 0.5971502661705017, 0.6217615604400635, 0.6296599507331848, 0.642265796661377, 0.675375759601593, 0.6861175298690796, 0.6998923420906067, 0.7142357230186462, 0.7187851667404175, 0.7233662605285645, 0.7281052470207214, 0.728800356388092, 0.7335077524185181, 0.7337605357170105, 0.7366670370101929, 0.7384363412857056, 0.7411218285560608, 0.7451341152191162, 0.75028395652771, 0.755591630935669, 0.7609624862670898, 0.7651328444480896, 0.7673759460449219, 0.7721465826034546, 0.7738526463508606, 0.7760641574859619, 0.7774543166160583, 0.7778018712997437, 0.7797921895980835, 0.7795394659042358, 0.7803292274475098, 0.7806452512741089, 0.7799817323684692, 0.7815614938735962, 0.783614993095398], "test_accuracy": [0.1994367092847824, 0.3191300332546234, 0.3564201295375824, 0.3761342763900757, 0.4018462002277374, 0.44471675157546997, 0.4831542372703552, 0.5022426247596741, 0.5081881880760193, 0.5280067324638367, 0.5619068741798401, 0.6122355461120605, 0.6282989978790283, 0.6338794827461243, 0.6331493258476257, 0.6339316368103027, 0.6344010233879089, 0.6330971717834473, 0.6348704099655151, 0.6326277852058411, 0.6344531774520874, 0.6323670148849487, 0.6501515507698059, 0.6586005091667175, 0.6641809940338135, 0.6979246735572815, 0.7120062708854675, 0.7306774258613586, 0.75138258934021, 0.7595186233520508, 0.7652034163475037, 0.7691149711608887, 0.7684891223907471, 0.7715662121772766, 0.7695322036743164, 0.7681761980056763, 0.7666637301445007, 0.7649426460266113, 0.7648904919624329, 0.7670809626579285], "validation_accuracy": [0.3406761586666107, 0.4473066031932831, 0.48624107241630554, 0.5226139426231384, 0.5524734258651733, 0.5881145000457764, 0.6129242181777954, 0.6212672591209412, 0.6346601247787476, 0.6669347286224365, 0.6778392195701599, 0.6910125613212585, 0.7086501121520996, 0.7137730717658997, 0.7164077162742615, 0.7199937701225281, 0.719627857208252, 0.7243117094039917, 0.7252631783485413, 0.7279710173606873, 0.7282636761665344, 0.7300933599472046, 0.7341917157173157, 0.7407051920890808, 0.7461207509040833, 0.7513169646263123, 0.7556347846984863, 0.7600991725921631, 0.7655148506164551, 0.7675639986991882, 0.770491361618042, 0.771223247051239, 0.7720282673835754, 0.7731260657310486, 0.773199200630188, 0.7744433879852295, 0.7740774750709534, 0.772906482219696, 0.7750288844108582, 0.7775903940200806], "cfn_matrix_labels": ["Clearing Table", "Drinking Tea", "Eating", "Making Tea", "Prepping Food", "Setting Table", "Watching TV"], "train_shape": [31652, 52], "test_shape": [19174, 52], "cfn_matrix": [[1058, 0, 867, 58, 0, 0, 0], [0, 0, 40, 34, 0, 0, 0], [238, 0, 5036, 323, 0, 0, 58], [0, 0, 555, 2244, 0, 0, 41], [0, 0, 0, 0, 2481, 0, 0], [11, 0, 497, 0, 0, 0, 17], [12, 0, 1696, 19, 0, 0, 3889]]}