{"kp": 0.7, "l2": 0.1, "validation_shape": [11555, 52], "train_accuracy": [0.4593932032585144, 0.6334100365638733, 0.78611820936203, 0.8503236174583435, 0.877781867980957, 0.889909029006958, 0.9022297859191895, 0.9102285504341125, 0.9164856672286987, 0.9213666915893555, 0.9280538558959961, 0.9323327541351318, 0.9358806014060974, 0.9403315782546997, 0.944180428981781, 0.9477928280830383, 0.9510181546211243, 0.9543509483337402, 0.9551680684089661, 0.956006646156311, 0.9573397636413574, 0.9583288431167603, 0.9596834778785706, 0.9605005979537964, 0.9618982076644897, 0.9634248614311218, 0.9652310609817505, 0.9660266041755676, 0.9670157432556152, 0.9679188132286072, 0.9689939022064209, 0.9700475335121155, 0.9712516665458679, 0.9715096354484558, 0.9715526700019836, 0.9720472097396851, 0.9734448790550232, 0.9740039110183716, 0.9749069809913635, 0.9754015803337097], "test_accuracy": [0.43052494525909424, 0.5634481906890869, 0.6373913884162903, 0.6929631233215332, 0.6967455148696899, 0.7038114666938782, 0.7078016400337219, 0.7273785471916199, 0.7395985126495361, 0.7622511386871338, 0.7803316712379456, 0.7890186905860901, 0.7960014939308167, 0.8130844831466675, 0.8306246995925903, 0.8509081602096558, 0.8603017330169678, 0.863128125667572, 0.8651232123374939, 0.8653725981712341, 0.8649985194206238, 0.8660792112350464, 0.864582896232605, 0.8636685013771057, 0.8637931942939758, 0.8623799681663513, 0.861465573310852, 0.8601354956626892, 0.8603017330169678, 0.8578910231590271, 0.8624215722084045, 0.8612992763519287, 0.8615071177482605, 0.8619228005409241, 0.8609251976013184, 0.8590964078903198, 0.860551118850708, 0.8585976362228394, 0.8582651019096375, 0.8595535755157471], "validation_accuracy": [0.45512765645980835, 0.6326265931129456, 0.7854608297348022, 0.8454349040985107, 0.8751189708709717, 0.8851579427719116, 0.8970142602920532, 0.9041107892990112, 0.9111207127571106, 0.9165729284286499, 0.9240155816078186, 0.928775429725647, 0.9313716888427734, 0.9359584450721741, 0.9395067095756531, 0.9436607360839844, 0.9456512331962585, 0.9485936760902405, 0.9493725895881653, 0.950324535369873, 0.9524015784263611, 0.953872799873352, 0.9543920159339905, 0.9549978375434875, 0.9574210047721863, 0.9587191939353943, 0.960363507270813, 0.961142361164093, 0.961834728717804, 0.963219404220581, 0.9639117121696472, 0.9655560255050659, 0.9673734307289124, 0.967633068561554, 0.9679792523384094, 0.9689311981201172, 0.9699696898460388, 0.9705755114555359, 0.971181333065033, 0.9720467329025269], "cfn_matrix_labels": ["Clearing Table", "Drinking Tea", "Eating", "Making Tea", "Prepping Food", "Setting Table", "Watching TV"], "train_shape": [46507, 52], "test_shape": [24059, 52], "cfn_matrix": [[3803, 0, 477, 44, 0, 313, 228], [0, 0, 207, 10, 432, 7, 154], [2, 0, 5277, 0, 13, 5, 0], [118, 0, 162, 2337, 145, 7, 86], [0, 0, 9, 0, 1975, 5, 0], [53, 0, 487, 0, 6, 1008, 1], [0, 0, 0, 0, 408, 0, 6280]]}