{"kp": 0.7, "l2": 0.1, "validation_shape": [11612, 52], "train_accuracy": [0.5368353128433228, 0.6585791110992432, 0.7796555161476135, 0.8495801687240601, 0.8755005598068237, 0.8934983611106873, 0.9057050347328186, 0.9124004244804382, 0.9162755608558655, 0.9203875064849854, 0.9242841601371765, 0.9259634017944336, 0.9270398020744324, 0.9303551912307739, 0.9357588887214661, 0.9383423328399658, 0.9442626237869263, 0.9469967484474182, 0.9520990252494812, 0.9540150761604309, 0.9578040838241577, 0.9614424109458923, 0.9649946093559265, 0.9674704074859619, 0.9669752717018127, 0.9700107574462891, 0.9712378978729248, 0.9735199213027954, 0.9738858938217163, 0.9753928780555725, 0.9749192595481873, 0.9769859910011292, 0.9782346487045288, 0.9776749014854431, 0.9781054854393005, 0.9789666533470154, 0.9789881706237793, 0.9787728786468506, 0.979741632938385, 0.9800000190734863], "test_accuracy": [0.40504592657089233, 0.5524336099624634, 0.6537262797355652, 0.7655346989631653, 0.8001995086669922, 0.8040234446525574, 0.8048131465911865, 0.8081383109092712, 0.8097593188285828, 0.8094268441200256, 0.8120869398117065, 0.8198179602622986, 0.8275489211082458, 0.8205245733261108, 0.8363606333732605, 0.8500353097915649, 0.851614773273468, 0.8579741716384888, 0.8669105172157288, 0.8716488480567932, 0.8719398379325867, 0.8689471483230591, 0.8753065466880798, 0.8800864815711975, 0.8717319965362549, 0.8750156164169312, 0.8675755262374878, 0.8687809109687805, 0.872521698474884, 0.8646660447120667, 0.8593041896820068, 0.8575584888458252, 0.858431339263916, 0.8490793704986572, 0.8498690724372864, 0.8524876236915588, 0.8490793704986572, 0.8482480645179749, 0.847375214099884, 0.8460035920143127], "validation_accuracy": [0.5414226651191711, 0.6567344069480896, 0.7816052436828613, 0.8486909866333008, 0.8734068274497986, 0.8918360471725464, 0.9041509032249451, 0.9113847613334656, 0.9147433638572693, 0.9203410148620605, 0.9238718748092651, 0.9257664680480957, 0.9267998337745667, 0.9306751489639282, 0.9354116320610046, 0.9380813241004944, 0.9454013109207153, 0.9477264881134033, 0.9522046446800232, 0.9547020196914673, 0.9578022956848145, 0.9606441855430603, 0.965036153793335, 0.9677919149398804, 0.9674474596977234, 0.9703754782676697, 0.9715811014175415, 0.9744229912757874, 0.9748535752296448, 0.9762314558029175, 0.9755425453186035, 0.9775232672691345, 0.9774371385574341, 0.9777815937995911, 0.9779538512229919, 0.9780399799346924, 0.9787288904190063, 0.9785566926002502, 0.9797623157501221, 0.9797623157501221], "cfn_matrix_labels": ["Clearing Table", "Drinking Tea", "Eating", "Making Tea", "Prepping Food", "Setting Table", "Watching TV"], "train_shape": [46450, 52], "test_shape": [24059, 52], "cfn_matrix": [[4353, 0, 385, 0, 0, 127, 0], [283, 0, 23, 0, 497, 7, 0], [28, 0, 5257, 0, 7, 5, 0], [469, 0, 49, 2322, 8, 7, 0], [5, 0, 9, 0, 1970, 5, 0], [107, 0, 669, 0, 0, 779, 0], [77, 0, 0, 0, 938, 0, 5673]]}