{"kp": 0.7, "l2": 0.1, "validation_shape": [12290, 52], "train_accuracy": [0.3603985607624054, 0.4626137316226959, 0.5336599946022034, 0.7016099095344543, 0.7679417133331299, 0.8035780191421509, 0.8318853974342346, 0.8564870357513428, 0.8641248345375061, 0.8760241866111755, 0.8906410932540894, 0.9064931869506836, 0.9132663607597351, 0.9202247858047485, 0.9243422150611877, 0.9284390807151794, 0.9322476983070374, 0.9333388209342957, 0.9357269406318665, 0.9371886253356934, 0.9392884969711304, 0.9398031830787659, 0.9405854940414429, 0.9420471787452698, 0.9425413012504578, 0.9428501129150391, 0.9433441758155823, 0.9436529874801636, 0.9445794224739075, 0.9457322955131531, 0.9477086663246155, 0.9489232897758484, 0.9493144750595093, 0.9514555335044861, 0.9534730315208435, 0.9554494023323059, 0.9558817744255066, 0.9582492709159851, 0.9600403308868408, 0.9619549512863159], "test_accuracy": [0.3051230311393738, 0.4830879271030426, 0.538834273815155, 0.7566448450088501, 0.7875052690505981, 0.8033589124679565, 0.8100390434265137, 0.8215646743774414, 0.843580961227417, 0.872042179107666, 0.8861551284790039, 0.886813759803772, 0.8825798630714417, 0.8757585883140564, 0.8700663447380066, 0.8658324480056763, 0.8623982667922974, 0.8591522574424744, 0.8589170575141907, 0.8561885356903076, 0.8557181358337402, 0.8540245294570923, 0.8527544140815735, 0.8516253232955933, 0.8493202328681946, 0.848379373550415, 0.8479089140892029, 0.8464975953102112, 0.845650851726532, 0.8438631892204285, 0.8437691330909729, 0.8408054113388062, 0.8409935832023621, 0.8418403267860413, 0.8408054113388062, 0.8402408361434937, 0.8404290080070496, 0.8396763205528259, 0.8388766050338745, 0.8387824892997742], "validation_accuracy": [0.3539462983608246, 0.4659886062145233, 0.5409275889396667, 0.7020341753959656, 0.7680227756500244, 0.8039869666099548, 0.8301057815551758, 0.8569568991661072, 0.8656631112098694, 0.8777868151664734, 0.8912123441696167, 0.9071602821350098, 0.9122864007949829, 0.9196907877922058, 0.9243287444114685, 0.9304312467575073, 0.9345809817314148, 0.9357200860977173, 0.9383238554000854, 0.9397884607315063, 0.9414971470832825, 0.9423921704292297, 0.9427990317344666, 0.943938136100769, 0.9441009163856506, 0.9447518587112427, 0.9449959397315979, 0.9454841613769531, 0.9464605450630188, 0.9475996494293213, 0.9511798024177551, 0.9527257680892944, 0.9530512690544128, 0.9546785950660706, 0.9579333066940308, 0.9602929353713989, 0.9603742957115173, 0.9622457027435303, 0.9637917280197144, 0.9643612504005432], "cfn_matrix_labels": ["Clearing Table", "Eating", "Making Tea", "Prepping Food", "Setting Table", "Watching TV"], "train_shape": [48574, 52], "test_shape": [21257, 52], "cfn_matrix": [[1566, 848, 0, 0, 1296, 0], [0, 3512, 0, 0, 93, 0], [0, 481, 2744, 0, 355, 29], [0, 0, 0, 2912, 0, 0], [325, 0, 0, 0, 279, 0], [0, 0, 0, 0, 0, 6817]]}