{"kp": 0.6, "l2": 0.001, "validation_shape": [12291, 52], "train_accuracy": [0.5991117358207703, 0.8247343301773071, 0.8905127048492432, 0.9166677594184875, 0.9341873526573181, 0.9495747685432434, 0.9578903317451477, 0.9679471850395203, 0.9736686944961548, 0.9771512746810913, 0.9814867973327637, 0.9835478663444519, 0.9866040945053101, 0.9886296987533569, 0.9898734092712402, 0.9908328652381897, 0.991863489151001, 0.9928940534591675, 0.9934981465339661, 0.9938890337944031, 0.9942443370819092, 0.9947419166564941, 0.9949550628662109, 0.9952394366264343, 0.9957014322280884, 0.995879054069519, 0.995985746383667, 0.9961633682250977, 0.9962344765663147, 0.9964120984077454, 0.9964476823806763, 0.9962344169616699], "test_accuracy": [0.2740345895290375, 0.3253251314163208, 0.4221287965774536, 0.43476438522338867, 0.4333927035331726, 0.42449793219566345, 0.43472278118133545, 0.42158839106559753, 0.4220871925354004, 0.4264514446258545, 0.42300161719322205, 0.42462262511253357, 0.4263683259487152, 0.4271164834499359, 0.4258280098438263, 0.42653459310531616, 0.4257032871246338, 0.4253707528114319, 0.4261605143547058, 0.4245395064353943, 0.42429012060165405, 0.4242485463619232, 0.42524605989456177, 0.4254123568534851, 0.42362508177757263, 0.42408227920532227, 0.4239160120487213, 0.42429009079933167, 0.42416539788246155, 0.42424851655960083, 0.4241238534450531, 0.4247472882270813], "validation_accuracy": [0.5992189645767212, 0.8313400149345398, 0.8904076218605042, 0.9168497323989868, 0.9338540434837341, 0.9496379494667053, 0.9564722180366516, 0.966316819190979, 0.9714425206184387, 0.9751037359237671, 0.9799853563308716, 0.9824261665344238, 0.9860060214996338, 0.9872264266014099, 0.9882841110229492, 0.9896672368049622, 0.9908062815666199, 0.9922707676887512, 0.9934098124504089, 0.9934098124504089, 0.9936538934707642, 0.994223415851593, 0.9941420555114746, 0.9943047761917114, 0.9943861365318298, 0.9947115778923035, 0.9944674968719482, 0.9947115778923035, 0.9948742985725403, 0.9951183795928955, 0.9950370192527771, 0.9951183795928955], "cfn_matrix_labels": ["Clearing Table", "Drinking Tea", "Eating", "Making Tea", "Prepping Food", "Setting Table", "Watching TV"], "train_shape": [28140, 52], "test_shape": [24059, 52], "cfn_matrix": [[29, 0, 0, 0, 0, 2525, 2311], [0, 0, 0, 0, 8, 42, 760], [0, 0, 19, 0, 7, 3498, 1773], [0, 0, 0, 0, 8, 1152, 1695], [0, 0, 0, 0, 1970, 14, 5], [35, 0, 0, 0, 0, 1513, 7], [0, 0, 0, 0, 0, 0, 6688]]}