{"kp": 0.7, "l2": 0.1, "validation_shape": [12920, 52], "train_accuracy": [0.39415431022644043, 0.612212598323822, 0.752845287322998, 0.8330749273300171, 0.8501963019371033, 0.8734206557273865, 0.8863853812217712, 0.8957213163375854, 0.9041335582733154, 0.9105004668235779, 0.9132055640220642, 0.9175931215286255, 0.9206610918045044, 0.9230363368988037, 0.9250486493110657, 0.9284135699272156, 0.9314485788345337, 0.9353082776069641, 0.9415762424468994, 0.94520503282547, 0.9493616819381714, 0.9512090682983398, 0.9527265429496765, 0.9537822008132935, 0.9541121125221252, 0.9557615518569946, 0.9554976224899292, 0.9566852450370789, 0.958466649055481, 0.9579388499259949, 0.9624913334846497, 0.9633160829544067, 0.9653943777084351, 0.9675716757774353, 0.9687922596931458, 0.9682644605636597, 0.9710355401039124, 0.9725200533866882, 0.9742025136947632, 0.9751921892166138], "test_accuracy": [0.4466764032840729, 0.5623559355735779, 0.6930893063545227, 0.7873641848564148, 0.7964905500411987, 0.7996424436569214, 0.7985605001449585, 0.8037822842597961, 0.8034059405326843, 0.809474527835846, 0.8052406311035156, 0.8142259120941162, 0.8069341778755188, 0.808957040309906, 0.8096626996994019, 0.8142259120941162, 0.8186950087547302, 0.8192124962806702, 0.8182716369628906, 0.817001461982727, 0.8170484900474548, 0.8206708431243896, 0.8184127807617188, 0.8164839744567871, 0.822317361831665, 0.8219410181045532, 0.8280566334724426, 0.8261278867721558, 0.8291386365890503, 0.8336548209190369, 0.822505533695221, 0.8325257301330566, 0.8354895114898682, 0.8344075083732605, 0.834172248840332, 0.8392059206962585, 0.8359128832817078, 0.8401938080787659, 0.8403819799423218, 0.8428753018379211], "validation_accuracy": [0.38560372591018677, 0.6097522974014282, 0.7542569637298584, 0.8352167010307312, 0.8543343544006348, 0.8776316046714783, 0.8901702761650085, 0.8993808031082153, 0.9061145782470703, 0.9113003015518188, 0.9136996865272522, 0.9174148440361023, 0.918962836265564, 0.9216718077659607, 0.9243807792663574, 0.9286377429962158, 0.9321207404136658, 0.9363777041435242, 0.9439628720283508, 0.9470587968826294, 0.9506192207336426, 0.9536377787590027, 0.9550309777259827, 0.9566563367843628, 0.9575851559638977, 0.9599071145057678, 0.959984540939331, 0.9611455202102661, 0.9623064994812012, 0.9623839259147644, 0.966873049736023, 0.9663312435150146, 0.9679566621780396, 0.9711300134658813, 0.9707430601119995, 0.9714395999908447, 0.9738389849662781, 0.9742259979248047, 0.9760062098503113, 0.9764705896377563], "cfn_matrix_labels": ["Clearing Table", "Eating", "Making Tea", "Prepping Food", "Setting Table", "Watching TV"], "train_shape": [30313, 52], "test_shape": [21257, 52], "cfn_matrix": [[2499, 39, 58, 0, 1114, 0], [0, 2526, 0, 0, 1079, 0], [0, 84, 3054, 0, 442, 29], [59, 0, 0, 2741, 0, 112], [241, 0, 0, 0, 363, 0], [83, 0, 0, 0, 0, 6734]]}