{"kp": 0.6, "l2": 0.001, "validation_shape": [13664, 52], "train_accuracy": [0.5718438625335693, 0.7822248935699463, 0.845159113407135, 0.880607008934021, 0.9037650227546692, 0.9271126985549927, 0.9462267160415649, 0.9587062001228333, 0.9626868367195129, 0.9696059226989746, 0.9719437956809998, 0.975166380405426, 0.9781045317649841, 0.9785469174385071, 0.9803792834281921, 0.9814534187316895, 0.9822748899459839, 0.983349084854126, 0.9838228821754456, 0.9849603176116943, 0.9855290055274963, 0.9866032004356384, 0.9869507551193237, 0.9877721667289734, 0.9883092641830444, 0.9885303974151611, 0.9893518090248108, 0.9894150495529175, 0.9898257255554199, 0.9895730018615723, 0.9904892444610596, 0.9900153875350952], "test_accuracy": [0.3701366186141968, 0.41947421431541443, 0.4593198895454407, 0.4773651361465454, 0.490612268447876, 0.5058412551879883, 0.5143423676490784, 0.5221133232116699, 0.531396746635437, 0.5367164611816406, 0.545478343963623, 0.5477731227874756, 0.5546053051948547, 0.5611767172813416, 0.5615939497947693, 0.5681653618812561, 0.5678002834320068, 0.5711902976036072, 0.5722333788871765, 0.5771358609199524, 0.5790134072303772, 0.5814646482467651, 0.5818297266960144, 0.5866279006004333, 0.5873580574989319, 0.5891834497451782, 0.5865235924720764, 0.5905394554138184, 0.5896528363227844, 0.5943988561630249, 0.5947639346122742, 0.5936686992645264], "validation_accuracy": [0.5692327618598938, 0.7771512866020203, 0.8408222198486328, 0.8756582140922546, 0.8995897173881531, 0.9268144965171814, 0.9467208385467529, 0.9590890407562256, 0.9635533690452576, 0.969042181968689, 0.9710913896560669, 0.9736528396606445, 0.9759215116500854, 0.977604866027832, 0.9788489937782288, 0.9803126454353333, 0.981264054775238, 0.9823618531227112, 0.9831669330596924, 0.9844110012054443, 0.9841915369033813, 0.9857283234596252, 0.9856551885604858, 0.9870457649230957, 0.9879239201545715, 0.9877775311470032, 0.9885094165802002, 0.9882898330688477, 0.9888021349906921, 0.9886558055877686, 0.9893144369125366, 0.9890948534011841], "cfn_matrix_labels": ["Clearing Table", "Drinking Tea", "Eating", "Making Tea", "Prepping Food", "Setting Table", "Watching TV"], "train_shape": [31652, 52], "test_shape": [19174, 52], "cfn_matrix": [[1865, 0, 116, 2, 0, 0, 0], [0, 0, 0, 74, 0, 0, 0], [2372, 0, 1324, 1177, 0, 782, 0], [12, 0, 19, 2796, 2, 11, 0], [0, 0, 0, 0, 2481, 0, 0], [0, 0, 57, 0, 0, 468, 0], [77, 58, 682, 608, 1730, 12, 2449]]}