{"kp": 0.7, "l2": 0.1, "validation_shape": [12061, 52], "train_accuracy": [0.3397955596446991, 0.5031723380088806, 0.6686640977859497, 0.743144154548645, 0.7725766897201538, 0.7912583947181702, 0.8040536046028137, 0.8176242709159851, 0.8311596512794495, 0.8402185440063477, 0.8583362698554993, 0.8769122362136841, 0.8870638012886047, 0.8938314914703369, 0.8967924118041992, 0.9005992412567139, 0.9052520394325256, 0.907966136932373, 0.9121254682540894, 0.9151921272277832, 0.9188932180404663, 0.9197744131088257, 0.9212900996208191, 0.9232640266418457, 0.9243214726448059, 0.9259428977966309, 0.926788866519928, 0.9278110861778259, 0.929044783115387, 0.9293267726898193, 0.9299964904785156, 0.9329573512077332, 0.9347550272941589, 0.9366584420204163, 0.936623215675354, 0.9372929334640503, 0.9386675953865051, 0.9418399930000305, 0.9416637420654297, 0.9434966444969177], "test_accuracy": [0.29111766815185547, 0.38991644978523254, 0.5271623730659485, 0.5875555872917175, 0.6064258813858032, 0.6274159550666809, 0.6466602683067322, 0.6625794768333435, 0.6788727641105652, 0.6866868734359741, 0.6989484429359436, 0.7134544253349304, 0.7363980412483215, 0.7692755460739136, 0.7842803001403809, 0.7960846424102783, 0.8010308146476746, 0.804106593132019, 0.8065588474273682, 0.8084293007850647, 0.8091774582862854, 0.8125026226043701, 0.8164927959442139, 0.8204829692840576, 0.8221871256828308, 0.8248888254165649, 0.8308740854263306, 0.8352383971214294, 0.8395611047744751, 0.8406417369842529, 0.8414314985275269, 0.8430940508842468, 0.8444656729698181, 0.845463216304779, 0.8460035920143127, 0.8456710577011108, 0.8460866808891296, 0.84646075963974, 0.8472089171409607, 0.8459204435348511], "validation_accuracy": [0.33479809761047363, 0.5041870474815369, 0.6670259237289429, 0.7425586581230164, 0.7706657648086548, 0.7879114747047424, 0.8045767545700073, 0.8199154138565063, 0.8328496813774109, 0.8413895964622498, 0.860625147819519, 0.8782854080200195, 0.8879860639572144, 0.8942873477935791, 0.8987646102905273, 0.9021639823913574, 0.9070557951927185, 0.9097089767456055, 0.9131912589073181, 0.9169223308563232, 0.9202387928962708, 0.9206533432006836, 0.922062873840332, 0.9242185354232788, 0.9257109761238098, 0.9271204471588135, 0.9281154274940491, 0.9284470677375793, 0.9301052689552307, 0.9301882386207581, 0.9312660694122314, 0.9344996213912964, 0.9369040727615356, 0.9395572543144226, 0.9398059844970703, 0.9402205348014832, 0.9410496354103088, 0.9446977972984314, 0.9446977972984314, 0.9461901783943176], "cfn_matrix_labels": ["Clearing Table", "Drinking Tea", "Eating", "Making Tea", "Prepping Food", "Setting Table", "Watching TV"], "train_shape": [28370, 52], "test_shape": [24059, 52], "cfn_matrix": [[4063, 0, 483, 163, 0, 0, 156], [7, 0, 171, 263, 8, 0, 361], [9, 0, 5235, 5, 7, 0, 41], [167, 0, 119, 2449, 8, 0, 112], [5, 0, 9, 5, 1970, 0, 0], [584, 0, 943, 28, 0, 0, 0], [0, 0, 13, 40, 0, 0, 6635]]}