{"kp": 0.7, "l2": 0.1, "validation_shape": [12291, 52], "train_accuracy": [0.4617379903793335, 0.7309204936027527, 0.839252233505249, 0.8618162274360657, 0.8834743499755859, 0.8958063125610352, 0.914005696773529, 0.9248142242431641, 0.9320815801620483, 0.9399872422218323, 0.9488399028778076, 0.9528750777244568, 0.9591542482376099, 0.9617894887924194, 0.9642599821090698, 0.9681922197341919, 0.9700450897216797, 0.9714862108230591, 0.972124457359314, 0.9728861451148987, 0.9744920134544373, 0.9748008251190186, 0.9757890105247498, 0.9765301942825317, 0.9765713214874268, 0.977024257183075, 0.9771478176116943, 0.9771683812141418, 0.9780330657958984, 0.9783006906509399, 0.9785271883010864, 0.9792271256446838, 0.9796594977378845, 0.9802359342575073, 0.9815741181373596, 0.9820682406425476, 0.9825417399406433, 0.9826034903526306, 0.98272705078125, 0.9836122989654541], "test_accuracy": [0.5191231369972229, 0.7150115370750427, 0.865220844745636, 0.8766053318977356, 0.8828620910644531, 0.8904361128807068, 0.8910006284713745, 0.8896834254264832, 0.8880839347839355, 0.8828150629997253, 0.8784871101379395, 0.872935950756073, 0.8668203353881836, 0.8655031323432922, 0.8589640855789185, 0.8579761981964111, 0.8512019515037537, 0.8489909172058105, 0.8448981642723083, 0.8452274799346924, 0.8407112956047058, 0.8424989581108093, 0.8425930142402649, 0.8408524394035339, 0.843251645565033, 0.837935745716095, 0.8371830582618713, 0.835019052028656, 0.8375594019889832, 0.8376064300537109, 0.8390647768974304, 0.836759626865387, 0.8351131677627563, 0.8367125988006592, 0.8381239175796509, 0.8349249362945557, 0.8345956802368164, 0.8335136771202087, 0.8382179737091064, 0.8387824892997742], "validation_accuracy": [0.4640794098377228, 0.7322431206703186, 0.8415100574493408, 0.8625010251998901, 0.8855260014533997, 0.8972418904304504, 0.9157920479774475, 0.9275892972946167, 0.9345862865447998, 0.9429664015769958, 0.952160120010376, 0.9559026956558228, 0.9610283970832825, 0.9639573693275452, 0.966723620891571, 0.9713611602783203, 0.9730697274208069, 0.9751850962638855, 0.9759173393249512, 0.9768123030662537, 0.9777886271476746, 0.9780327081680298, 0.9783581495285034, 0.9788463115692139, 0.9790903925895691, 0.9791717529296875, 0.9794158339500427, 0.9793344736099243, 0.9801480770111084, 0.9801480770111084, 0.9807175993919373, 0.9808803200721741, 0.9815312027931213, 0.9819380044937134, 0.9833211302757263, 0.9836465716362, 0.984460175037384, 0.9842160940170288, 0.9842160940170288, 0.9851924180984497], "cfn_matrix_labels": [0, 1, 2, 3, 4, 5, 6], "train_shape": [48573, 52], "test_shape": [21257, 52], "cfn_matrix": [[1719, 4, 1091, 23, 0, 873, 0], [0, 0, 0, 0, 0, 0, 0], [0, 0, 3512, 0, 0, 93, 0], [0, 0, 477, 2814, 0, 289, 29], [0, 0, 0, 0, 2711, 0, 201], [325, 0, 0, 0, 0, 279, 0], [22, 0, 0, 0, 0, 0, 6795]]}