{"kp": 0.7, "l2": 0.1, "validation_shape": [11656, 52], "train_accuracy": [0.5098909735679626, 0.6906003355979919, 0.7923975586891174, 0.8312502503395081, 0.8585743308067322, 0.8840451836585999, 0.9055294394493103, 0.9151187539100647, 0.9211955070495605, 0.9268198013305664, 0.932379424571991, 0.9371632933616638, 0.9422703981399536, 0.94573974609375, 0.9489074945449829, 0.9526785612106323, 0.9535835981369019, 0.9561910033226013, 0.9592509865760803, 0.9604576826095581, 0.9628496170043945, 0.9646166563034058, 0.9659742116928101, 0.9672671556472778, 0.9685600996017456, 0.9694220423698425, 0.9711675047874451, 0.9718786478042603, 0.9728914499282837, 0.974033534526825, 0.9752187132835388, 0.9764254689216614, 0.9773520827293396, 0.9779985547065735, 0.9787096381187439, 0.979442298412323, 0.9801103472709656, 0.9804120063781738, 0.981123149394989, 0.981877326965332], "test_accuracy": [0.4734610617160797, 0.6237582564353943, 0.6622053980827332, 0.6828629374504089, 0.6951245069503784, 0.7091317176818848, 0.7747620344161987, 0.7922607064247131, 0.7967496514320374, 0.8033999800682068, 0.8062679171562195, 0.8074317574501038, 0.8102580904960632, 0.8145392537117004, 0.8200673460960388, 0.8284633755683899, 0.8308325409889221, 0.8363606333732605, 0.8429693579673767, 0.8470842242240906, 0.8525292277336121, 0.8574753999710083, 0.8580157160758972, 0.8599692583084106, 0.8581819534301758, 0.8570597171783447, 0.8553971648216248, 0.8551477789878845, 0.8544411659240723, 0.849952220916748, 0.8504093885421753, 0.848372757434845, 0.8477076888084412, 0.8434265851974487, 0.8389376401901245, 0.8393532633781433, 0.8382310271263123, 0.8373165726661682, 0.8349890112876892, 0.8338667154312134], "validation_accuracy": [0.5108098983764648, 0.6910604238510132, 0.7987302541732788, 0.8369080424308777, 0.8614447712898254, 0.886067271232605, 0.9068291187286377, 0.9157515168190002, 0.9208990931510925, 0.9269046187400818, 0.9326527118682861, 0.9364275932312012, 0.9415751695632935, 0.9453500509262085, 0.9483527541160583, 0.9534145593643188, 0.9541866779327393, 0.9571894407272339, 0.960106372833252, 0.9613074660301208, 0.9635381102561951, 0.9643102288246155, 0.9662834405899048, 0.9663692712783813, 0.9673987627029419, 0.9689430594444275, 0.9704872965812683, 0.9706588983535767, 0.9716026186943054, 0.9725463390350342, 0.9734900593757629, 0.9743479490280151, 0.9754632711410522, 0.9758922457695007, 0.9767501950263977, 0.9774365425109863, 0.9785518050193787, 0.9791523814201355, 0.9797528982162476, 0.9803534746170044], "cfn_matrix_labels": ["Clearing Table", "Drinking Tea", "Eating", "Making Tea", "Prepping Food", "Setting Table", "Watching TV"], "train_shape": [46406, 52], "test_shape": [24059, 52], "cfn_matrix": [[3641, 0, 772, 0, 0, 427, 25], [0, 0, 162, 6, 8, 7, 627], [0, 0, 5280, 0, 7, 5, 5], [104, 0, 229, 2380, 8, 7, 127], [0, 0, 9, 0, 1970, 5, 5], [46, 0, 527, 0, 0, 975, 7], [0, 0, 0, 0, 872, 0, 5816]]}