{"kp": 0.5, "l2": 0.001, "validation_shape": [13664, 52], "train_accuracy": [0.42749297618865967, 0.6294704079627991, 0.7641850709915161, 0.8361865878105164, 0.8610823154449463, 0.8766894936561584, 0.8867993354797363, 0.9021221399307251, 0.9116002321243286, 0.9182980060577393, 0.9255961179733276, 0.9315041303634644, 0.9360852241516113, 0.9411717057228088, 0.9441100358963013, 0.9502390623092651, 0.9545358419418335, 0.9585797786712646, 0.9615495800971985, 0.9650248289108276, 0.9660674333572388, 0.9677102565765381, 0.968879222869873, 0.9721333980560303, 0.9749135971069336, 0.9750715494155884, 0.9784837365150452, 0.9761458039283752, 0.9816113710403442, 0.9811691045761108, 0.9829383492469788, 0.9836649894714355, 0.985023558139801, 0.9838230013847351, 0.9864135980606079, 0.9857186079025269, 0.9872666597366333, 0.9884040355682373, 0.9872982501983643], "test_accuracy": [0.3685198426246643, 0.5461041927337646, 0.6225098967552185, 0.6651719212532043, 0.6612082123756409, 0.6372694969177246, 0.6335665583610535, 0.639094889163971, 0.6471266150474548, 0.6602694392204285, 0.6639723777770996, 0.6671537756919861, 0.6601651310920715, 0.6605823636054993, 0.6583397388458252, 0.6558884978294373, 0.6535415649414062, 0.6535415649414062, 0.6498386263847351, 0.649264931678772, 0.6480132341384888, 0.640659511089325, 0.6408159732818604, 0.6414939761161804, 0.6418069005012512, 0.6399293541908264, 0.6387819647789001, 0.6394078135490417, 0.6393556594848633, 0.6362785696983337, 0.6377910375595093, 0.635861337184906, 0.6392513513565063, 0.6341402530670166, 0.6350268721580505, 0.6347139477729797, 0.6313760876655579, 0.634296715259552, 0.6301765441894531], "validation_accuracy": [0.42535117268562317, 0.6244142055511475, 0.7593672871589661, 0.8324791193008423, 0.8572887778282166, 0.8706084489822388, 0.8822448253631592, 0.8984919190406799, 0.9074935913085938, 0.9140803217887878, 0.9199350476264954, 0.925936222076416, 0.9301077723503113, 0.9339866638183594, 0.9384509325027466, 0.9459158182144165, 0.9505995512008667, 0.9559420347213745, 0.9593086838722229, 0.9618701338768005, 0.9642851948738098, 0.9664807319641113, 0.9676517248153687, 0.9702863693237305, 0.9739456176757812, 0.9737260341644287, 0.9780440330505371, 0.9754092693328857, 0.9804590940475464, 0.9802395105361938, 0.9826545715332031, 0.9833864569664001, 0.9843378067016602, 0.9837523698806763, 0.9856551885604858, 0.9847038388252258, 0.9863870143890381, 0.9866797924041748, 0.9861674904823303], "cfn_matrix_labels": ["Clearing Table", "Drinking Tea", "Eating", "Making Tea", "Prepping Food", "Setting Table", "Watching TV"], "train_shape": [31652, 52], "test_shape": [19174, 52], "cfn_matrix": [[1386, 0, 597, 0, 0, 0, 0], [14, 9, 0, 46, 5, 0, 0], [3829, 0, 1130, 0, 0, 696, 0], [120, 56, 11, 2229, 395, 0, 29], [0, 0, 0, 0, 2481, 0, 0], [0, 0, 247, 0, 0, 278, 0], [0, 237, 809, 0, 0, 0, 4570]]}