{"kp": 0.7, "l2": 0.1, "validation_shape": [12678, 52], "train_accuracy": [0.39053890109062195, 0.5016213059425354, 0.7162266969680786, 0.831287682056427, 0.8557958006858826, 0.8607690334320068, 0.8651455044746399, 0.8715311884880066, 0.8771608471870422, 0.8846803903579712, 0.891145646572113, 0.8981877565383911, 0.9047723412513733, 0.9092880487442017, 0.9128289818763733, 0.9159720540046692, 0.9186974167823792, 0.9203286170959473, 0.9223974943161011, 0.9241480827331543, 0.9253416657447815, 0.9266148209571838, 0.9281266927719116, 0.9292804598808289, 0.9311901926994324, 0.9315681457519531, 0.9327617287635803, 0.9334182143211365, 0.9345918893814087, 0.9373570084571838, 0.9381726384162903, 0.9403807520866394, 0.9419125318527222, 0.9422308206558228, 0.9432652592658997, 0.9450356960296631, 0.9458314180374146, 0.9468459486961365, 0.9479997754096985, 0.949352502822876], "test_accuracy": [0.17335975170135498, 0.3637738525867462, 0.6772191524505615, 0.7478877902030945, 0.812454342842102, 0.8335245847702026, 0.8374882936477661, 0.8385313153266907, 0.835245668888092, 0.8330551981925964, 0.8229894638061523, 0.803536057472229, 0.7878376841545105, 0.7823615074157715, 0.7729738354682922, 0.7628559470176697, 0.7636382579803467, 0.7534160614013672, 0.7561280727386475, 0.7491916418075562, 0.7433503866195679, 0.7389172911643982, 0.7355794310569763, 0.7350578904151917, 0.7247313857078552, 0.7309377193450928, 0.7269218564033508, 0.7266610860824585, 0.72593092918396, 0.720037579536438, 0.7196725010871887, 0.7175341844558716, 0.719150960445404, 0.7158131003379822, 0.7144049406051636, 0.7147700190544128, 0.7177949547767639, 0.7129446268081665, 0.7101283073425293, 0.7124752402305603], "validation_accuracy": [0.3853920102119446, 0.4955040216445923, 0.7124940752983093, 0.8300994038581848, 0.8539990782737732, 0.858810544013977, 0.862517774105072, 0.8679602742195129, 0.8745859265327454, 0.8838144540786743, 0.890282392501831, 0.895724892616272, 0.9014040231704712, 0.9045590758323669, 0.9097649455070496, 0.9121312499046326, 0.9161539673805237, 0.9188357591629028, 0.9210443496704102, 0.9229373931884766, 0.9244360327720642, 0.925224781036377, 0.9267234802246094, 0.928222119808197, 0.9298785328865051, 0.9305095672607422, 0.9320870637893677, 0.932954728603363, 0.9332702159881592, 0.9358731508255005, 0.9368985891342163, 0.9387916326522827, 0.9410790205001831, 0.9415522813796997, 0.9429720640182495, 0.9446284770965576, 0.9458905458450317, 0.9469159245491028, 0.9474680423736572, 0.9489667415618896], "cfn_matrix_labels": ["Clearing Table", "Drinking Tea", "Eating", "Making Tea", "Prepping Food", "Setting Table", "Watching TV"], "train_shape": [50269, 52], "test_shape": [19174, 52], "cfn_matrix": [[1967, 0, 16, 0, 0, 0, 0], [0, 0, 0, 0, 0, 74, 0], [2455, 0, 2935, 0, 0, 7, 258], [72, 0, 103, 2208, 32, 423, 2], [0, 0, 0, 0, 2481, 0, 0], [176, 0, 337, 0, 0, 12, 0], [101, 0, 1237, 1, 219, 0, 4058]]}