{"kp": 0.7, "l2": 0.1, "validation_shape": [13614, 52], "train_accuracy": [0.5317017436027527, 0.6503374576568604, 0.8225342631340027, 0.8608598709106445, 0.8779880404472351, 0.8848329782485962, 0.8884604573249817, 0.8968827724456787, 0.909405529499054, 0.9158719778060913, 0.9205403923988342, 0.9321485161781311, 0.9408230185508728, 0.9462169408798218, 0.9482673406600952, 0.9494344592094421, 0.9514533281326294, 0.9523364305496216, 0.9571309685707092, 0.9592129588127136, 0.9609478712081909, 0.9625881314277649, 0.9661210775375366, 0.9658371806144714, 0.9682660102844238, 0.969937801361084, 0.9715465903282166, 0.9724927544593811, 0.9737231135368347, 0.9745116233825684, 0.9750163555145264, 0.9750794172286987, 0.9764673709869385, 0.9781706929206848, 0.9781707525253296, 0.9790854454040527, 0.9792747497558594, 0.9788646101951599, 0.9797794818878174, 0.9806627035140991], "test_accuracy": [0.3700844645500183, 0.40747880935668945, 0.5309795141220093, 0.6629292964935303, 0.6851469278335571, 0.682121992111206, 0.6724213361740112, 0.6620426774024963, 0.6734122633934021, 0.6655891537666321, 0.663346529006958, 0.6591220498085022, 0.6601651310920715, 0.6584962010383606, 0.6620948314666748, 0.6582354307174683, 0.6595914363861084, 0.6625120639801025, 0.6544803380966187, 0.6536980271339417, 0.6543760299682617, 0.6580789685249329, 0.6502037048339844, 0.6611039042472839, 0.6579746603965759, 0.6553148031234741, 0.6595914363861084, 0.6517683267593384, 0.6559928059577942, 0.6550018787384033, 0.6571401953697205, 0.6579746603965759, 0.6581311225891113, 0.6562535762786865, 0.6541152596473694, 0.6528114080429077, 0.6577660441398621, 0.654636800289154, 0.6555755734443665, 0.6552626490592957], "validation_accuracy": [0.5277654528617859, 0.6532981395721436, 0.8270165920257568, 0.8658002018928528, 0.882253885269165, 0.8882770538330078, 0.8926843404769897, 0.900397002696991, 0.9095786809921265, 0.9145001173019409, 0.9215517044067383, 0.9347733855247498, 0.9421921372413635, 0.9475544095039368, 0.9494641423225403, 0.9504925012588501, 0.9519615769386292, 0.9529165625572205, 0.9573971033096313, 0.9590865969657898, 0.9614371061325073, 0.9625389575958252, 0.9656239748001099, 0.9659178256988525, 0.9679745435714722, 0.9695906043052673, 0.9707657694816589, 0.9716472625732422, 0.9727490544319153, 0.9734836220741272, 0.9741446375846863, 0.9733366370201111, 0.9753933548927307, 0.9762747883796692, 0.9765686392784119, 0.9775235056877136, 0.9775969982147217, 0.977670431137085, 0.9785518646240234, 0.9789192080497742], "cfn_matrix_labels": ["Clearing Table", "Drinking Tea", "Eating", "Making Tea", "Prepping Food", "Setting Table", "Watching TV"], "train_shape": [31702, 52], "test_shape": [19174, 52], "cfn_matrix": [[1983, 0, 0, 0, 0, 0, 0], [18, 0, 0, 56, 0, 0, 0], [4567, 0, 955, 0, 0, 133, 0], [181, 0, 50, 2405, 204, 0, 0], [0, 0, 0, 0, 2481, 0, 0], [15, 0, 420, 0, 0, 90, 0], [57, 197, 712, 0, 0, 0, 4650]]}