{"kp": 0.7, "l2": 0.1, "validation_shape": [12138, 52], "train_accuracy": [0.3727373480796814, 0.6514591574668884, 0.7565365433692932, 0.8039855360984802, 0.8345852494239807, 0.852850615978241, 0.858268678188324, 0.8641587495803833, 0.8736608624458313, 0.881172239780426, 0.8868981599807739, 0.891515851020813, 0.8962566256523132, 0.9008742570877075, 0.9053277373313904, 0.9083035588264465, 0.9118335247039795, 0.9148504137992859, 0.9184623956680298, 0.9203299880027771, 0.9231416583061218, 0.9242293834686279, 0.9252965450286865, 0.9251939654350281, 0.9273693561553955, 0.9290317296981812, 0.9292164444923401, 0.9300988912582397, 0.931350827217102, 0.9335672855377197, 0.9345523715019226, 0.9354759454727173, 0.9363583922386169, 0.9376513361930847, 0.938369631767273, 0.93896484375, 0.9398678541183472, 0.9401140809059143, 0.9405245780944824, 0.94085294008255], "test_accuracy": [0.3859905004501343, 0.6654748916625977, 0.7615373730659485, 0.7833654880523682, 0.8174718618392944, 0.8474855422973633, 0.8656442761421204, 0.874441385269165, 0.8809333443641663, 0.8857317566871643, 0.8884602785110474, 0.8895893096923828, 0.8899656534194946, 0.8901538252830505, 0.8900126814842224, 0.8891188502311707, 0.8863903880119324, 0.8848379254341125, 0.8843675255775452, 0.8830032348632812, 0.8827210068702698, 0.8816860318183899, 0.8804158568382263, 0.8789575099945068, 0.8777814507484436, 0.8776403069496155, 0.8772169351577759, 0.87702876329422, 0.875852644443512, 0.8757115006446838, 0.8736886382102966, 0.8723714351654053, 0.8718540072441101, 0.8710072040557861, 0.8714305758476257, 0.8718069195747375, 0.8716657757759094, 0.8703015446662903, 0.8706308603286743, 0.8698310852050781], "validation_accuracy": [0.37090131640434265, 0.6528258323669434, 0.7567968368530273, 0.8100181221961975, 0.8394299149513245, 0.8577195405960083, 0.862827479839325, 0.8699950575828552, 0.8783160448074341, 0.8841654062271118, 0.888449490070343, 0.8928159475326538, 0.8964409232139587, 0.9008073806762695, 0.9031141996383667, 0.9054210186004639, 0.9085516333580017, 0.910281777381897, 0.9143186807632446, 0.9163783192634583, 0.9184379577636719, 0.9194266200065613, 0.9200032949447632, 0.9199209213256836, 0.9217333793640137, 0.923298716545105, 0.9229691624641418, 0.9241225719451904, 0.9256879091262817, 0.927418053150177, 0.9286538362503052, 0.9298072457313538, 0.9306311011314392, 0.932855486869812, 0.9335969686508179, 0.9345855712890625, 0.9363157153129578, 0.9361509084701538, 0.9368923902511597, 0.9375514984130859], "cfn_matrix_labels": ["Clearing Table", "Eating", "Making Tea", "Prepping Food", "Setting Table", "Watching TV"], "train_shape": [48726, 52], "test_shape": [21257, 52], "cfn_matrix": [[2380, 583, 0, 0, 747, 0], [0, 3552, 0, 0, 53, 0], [0, 518, 2744, 0, 318, 29], [0, 0, 0, 2912, 0, 0], [221, 207, 0, 0, 176, 0], [91, 0, 0, 0, 0, 6726]]}