{"kp": 0.7, "l2": 0.1, "validation_shape": [13617, 52], "train_accuracy": [0.4500772953033447, 0.6421653628349304, 0.7602763772010803, 0.8220133185386658, 0.8507524132728577, 0.8703429102897644, 0.8822991251945496, 0.8930565714836121, 0.8993028402328491, 0.9097132682800293, 0.9150446653366089, 0.9198082089424133, 0.9223950505256653, 0.9240670204162598, 0.9261490702629089, 0.9282311797142029, 0.9306287169456482, 0.931638240814209, 0.9327738881111145, 0.932900071144104, 0.9351083636283875, 0.9372220039367676, 0.9365279674530029, 0.9385469555854797, 0.9420801997184753, 0.9445408582687378, 0.9447301030158997, 0.9459288716316223, 0.9463390111923218, 0.9479478597640991, 0.9490204453468323, 0.9516072869300842, 0.955203652381897, 0.9581690430641174, 0.9617968797683716, 0.9629956483840942, 0.964793860912323, 0.9665288925170898, 0.9671598672866821, 0.9695574045181274], "test_accuracy": [0.39751747250556946, 0.4345467686653137, 0.45478251576423645, 0.6208407282829285, 0.6594868302345276, 0.6740899085998535, 0.705851674079895, 0.7043392062187195, 0.7035568952560425, 0.7041827440261841, 0.6977677941322327, 0.6921873092651367, 0.6857724189758301, 0.680400550365448, 0.6754459142684937, 0.6696568131446838, 0.6713778972625732, 0.6659017205238342, 0.6620944738388062, 0.6574006676673889, 0.6536977291107178, 0.6482737064361572, 0.6417544484138489, 0.6407113671302795, 0.6378428936004639, 0.6398769021034241, 0.6360175013542175, 0.6366955041885376, 0.63763427734375, 0.6340356469154358, 0.6321581602096558, 0.6241785883903503, 0.6155731678009033, 0.6131219267845154, 0.6061332821846008, 0.6071242094039917, 0.6047251224517822, 0.6015437841415405, 0.6022217869758606, 0.6011787056922913], "validation_accuracy": [0.4583241641521454, 0.6395682096481323, 0.7578027248382568, 0.8222809433937073, 0.8513622879981995, 0.8711904287338257, 0.8848498463630676, 0.8950576782226562, 0.9012264013290405, 0.9112873673439026, 0.915546715259552, 0.9195858240127563, 0.9227436184883118, 0.9250202178955078, 0.9264889359474182, 0.9279577136039734, 0.9303811192512512, 0.9310420751571655, 0.9321436285972595, 0.9332451820373535, 0.9359623789787292, 0.9380921125411987, 0.938165545463562, 0.9396342635154724, 0.9429389834403992, 0.9441874027252197, 0.9443342685699463, 0.945362389087677, 0.9455827474594116, 0.9469045996665955, 0.9482999444007874, 0.9500623941421509, 0.9538077116012573, 0.9561577439308167, 0.9588749408721924, 0.9606374502182007, 0.9626202583312988, 0.9638686776161194, 0.9645296335220337, 0.9670999646186829], "cfn_matrix_labels": ["Clearing Table", "Drinking Tea", "Eating", "Making Tea", "Prepping Food", "Setting Table", "Watching TV"], "train_shape": [31699, 52], "test_shape": [19174, 52], "cfn_matrix": [[1983, 0, 0, 0, 0, 0, 0], [0, 0, 0, 74, 0, 0, 0], [4719, 0, 665, 164, 0, 0, 107], [112, 0, 16, 2444, 0, 268, 0], [0, 0, 0, 0, 2481, 0, 0], [155, 0, 233, 62, 0, 75, 0], [360, 0, 1375, 2, 0, 0, 3879]]}