,mean,standard_deviation
teapot_plug_current_mean,0.48816726197028526,1.7235264333067961
teapot_plug_current_var,0.2201581495819816,1.8248014726077908
