,mean,standard_deviation
teapot_plug_current_mean,0.4388578759126705,1.525909910966625
teapot_plug_current_std,0.05612397258844152,0.4270748344945474
