,mean,standard_deviation
tv_plug_current_mean,0.1430225116538932,0.2984181185368133
tv_plug_current_std,0.011161134093967942,0.05482081522308211
